"meta_source","meta_time","meta_event","meta_session","timestamp","vehicle_id","outing","lap","value","expire_at"
"kafka:gr-raw","2025-03-30T20:39:32.465Z","I_R01_2025-03-30","R2","2025-03-30T20:39:26.935Z","GR86-002-002",0,22,112606,
"kafka:gr-raw","2025-03-30T20:37:34.725Z","I_R01_2025-03-30","R2","2025-03-30T20:37:34.311Z","GR86-002-002",0,21,112774,
"kafka:gr-raw","2025-03-30T20:35:41.829Z","I_R01_2025-03-30","R2","2025-03-30T20:35:41.566Z","GR86-002-002",0,20,112812,
"kafka:gr-raw","2025-03-30T20:33:52.096Z","I_R01_2025-03-30","R2","2025-03-30T20:33:48.739Z","GR86-002-002",0,19,113126,
"kafka:gr-raw","2025-03-30T20:31:56.201Z","I_R01_2025-03-30","R2","2025-03-30T20:31:55.587Z","GR86-002-002",0,18,112802,
"kafka:gr-raw","2025-03-30T20:30:03.668Z","I_R01_2025-03-30","R2","2025-03-30T20:30:02.784Z","GR86-002-002",0,17,112600,
"kafka:gr-raw","2025-03-30T20:28:11.739Z","I_R01_2025-03-30","R2","2025-03-30T20:28:10.214Z","GR86-002-002",0,16,113300,
"kafka:gr-raw","2025-03-30T20:26:17.074Z","I_R01_2025-03-30","R2","2025-03-30T20:26:16.876Z","GR86-002-002",0,15,142478,
"kafka:gr-raw","2025-03-30T20:24:16.924Z","I_R01_2025-03-30","R2","2025-03-30T20:23:54.400Z","GR86-002-002",0,14,163662,
"kafka:gr-raw","2025-03-30T20:21:12.647Z","I_R01_2025-03-30","R2","2025-03-30T20:21:10.731Z","GR86-002-002",0,13,145173,
"kafka:gr-raw","2025-03-30T20:18:46.760Z","I_R01_2025-03-30","R2","2025-03-30T20:18:45.587Z","GR86-002-002",0,12,44,
"kafka:gr-raw","2025-03-30T20:18:46.760Z","I_R01_2025-03-30","R2","2025-03-30T20:18:45.516Z","GR86-002-002",0,13,0,
"kafka:gr-raw","2025-03-30T20:18:46.760Z","I_R01_2025-03-30","R2","2025-03-30T20:18:45.514Z","GR86-002-002",0,12,113110,
"kafka:gr-raw","2025-03-30T20:16:52.742Z","I_R01_2025-03-30","R2","2025-03-30T20:16:52.399Z","GR86-002-002",0,11,113804,
"kafka:gr-raw","2025-03-30T20:15:05.154Z","I_R01_2025-03-30","R2","2025-03-30T20:14:58.589Z","GR86-002-002",0,10,112880,
"kafka:gr-raw","2025-03-30T20:13:05.938Z","I_R01_2025-03-30","R2","2025-03-30T20:13:05.715Z","GR86-002-002",0,9,146069,
"kafka:gr-raw","2025-03-30T20:10:40.529Z","I_R01_2025-03-30","R2","2025-03-30T20:10:39.643Z","GR86-002-002",0,8,153215,
"kafka:gr-raw","2025-03-30T20:08:06.857Z","I_R01_2025-03-30","R2","2025-03-30T20:08:06.445Z","GR86-002-002",0,7,113606,
"kafka:gr-raw","2025-03-30T20:06:14.943Z","I_R01_2025-03-30","R2","2025-03-30T20:06:12.811Z","GR86-002-002",0,6,113492,
"kafka:gr-raw","2025-03-30T20:04:19.692Z","I_R01_2025-03-30","R2","2025-03-30T20:04:19.321Z","GR86-002-002",0,5,113600,
"kafka:gr-raw","2025-03-30T20:02:26.347Z","I_R01_2025-03-30","R2","2025-03-30T20:02:25.746Z","GR86-002-002",0,4,113799,
"kafka:gr-raw","2025-03-30T20:00:33.305Z","I_R01_2025-03-30","R2","2025-03-30T20:00:31.910Z","GR86-002-002",0,3,115989,
"kafka:gr-raw","2025-03-30T19:58:36.370Z","I_R01_2025-03-30","R2","2025-03-30T19:58:35.928Z","GR86-002-002",0,2,166100,
"kafka:gr-raw","2025-03-30T19:55:50.892Z","I_R01_2025-03-30","R2","2025-03-30T19:55:49.813Z","GR86-002-002",0,1,640812,
"kafka:gr-raw","2025-03-30T20:38:05.213Z","I_R01_2025-03-30","R2","2025-03-30T20:38:03.901Z","GR86-003-017",0,21,116988,
"kafka:gr-raw","2025-03-30T20:36:18.797Z","I_R01_2025-03-30","R2","2025-03-30T20:36:06.913Z","GR86-003-017",0,20,116300,
"kafka:gr-raw","2025-03-30T20:34:11.552Z","I_R01_2025-03-30","R2","2025-03-30T20:34:10.620Z","GR86-003-017",0,19,114800,
"kafka:gr-raw","2025-03-30T20:32:17.245Z","I_R01_2025-03-30","R2","2025-03-30T20:32:15.819Z","GR86-003-017",0,18,115520,
"kafka:gr-raw","2025-03-30T20:30:23.965Z","I_R01_2025-03-30","R2","2025-03-30T20:30:20.286Z","GR86-003-017",0,17,120680,
"kafka:gr-raw","2025-03-30T20:28:21.009Z","I_R01_2025-03-30","R2","2025-03-30T20:28:19.605Z","GR86-003-017",0,16,117723,
"kafka:gr-raw","2025-03-30T20:26:23.083Z","I_R01_2025-03-30","R2","2025-03-30T20:26:21.880Z","GR86-003-017",0,15,138366,
"kafka:gr-raw","2025-03-30T20:24:18.221Z","I_R01_2025-03-30","R2","2025-03-30T20:24:03.505Z","GR86-003-017",0,14,163400,
"kafka:gr-raw","2025-03-30T20:21:20.346Z","I_R01_2025-03-30","R2","2025-03-30T20:21:20.112Z","GR86-003-017",0,13,138090,
"kafka:gr-raw","2025-03-30T20:19:03.991Z","I_R01_2025-03-30","R2","2025-03-30T20:19:02.012Z","GR86-003-017",0,12,114988,
"kafka:gr-raw","2025-03-30T20:17:07.906Z","I_R01_2025-03-30","R2","2025-03-30T20:17:07.034Z","GR86-003-017",0,11,115923,
"kafka:gr-raw","2025-03-30T20:15:14.105Z","I_R01_2025-03-30","R2","2025-03-30T20:15:11.109Z","GR86-003-017",0,10,119610,
"kafka:gr-raw","2025-03-30T20:13:12.788Z","I_R01_2025-03-30","R2","2025-03-30T20:13:11.482Z","GR86-003-017",0,9,142500,
"kafka:gr-raw","2025-03-30T20:10:53.352Z","I_R01_2025-03-30","R2","2025-03-30T20:10:48.982Z","GR86-003-017",0,8,145183,
"kafka:gr-raw","2025-03-30T20:08:24.640Z","I_R01_2025-03-30","R2","2025-03-30T20:08:23.785Z","GR86-003-017",0,7,116283,
"kafka:gr-raw","2025-03-30T20:06:29.684Z","I_R01_2025-03-30","R2","2025-03-30T20:06:27.509Z","GR86-003-017",0,6,116699,
"kafka:gr-raw","2025-03-30T20:04:32.726Z","I_R01_2025-03-30","R2","2025-03-30T20:04:30.804Z","GR86-003-017",0,5,117691,
"kafka:gr-raw","2025-03-30T20:02:37.181Z","I_R01_2025-03-30","R2","2025-03-30T20:02:33.114Z","GR86-003-017",0,4,117394,
"kafka:gr-raw","2025-03-30T20:00:36.578Z","I_R01_2025-03-30","R2","2025-03-30T20:00:35.729Z","GR86-003-017",0,3,118306,
"kafka:gr-raw","2025-03-30T19:58:38.228Z","I_R01_2025-03-30","R2","2025-03-30T19:58:37.412Z","GR86-003-017",0,2,163822,
"kafka:gr-raw","2025-03-30T19:55:55.291Z","I_R01_2025-03-30","R2","2025-03-30T19:55:53.582Z","GR86-003-017",0,1,628767,
"kafka:gr-raw","2025-03-30T20:39:32.916Z","I_R01_2025-03-30","R2","2025-03-30T20:39:32.296Z","GR86-004-078",0,22,113822,
"kafka:gr-raw","2025-03-30T20:37:38.722Z","I_R01_2025-03-30","R2","2025-03-30T20:37:38.476Z","GR86-004-078",0,21,113411,
"kafka:gr-raw","2025-03-30T20:35:46.241Z","I_R01_2025-03-30","R2","2025-03-30T20:35:45.071Z","GR86-004-078",0,20,113089,
"kafka:gr-raw","2025-03-30T20:33:52.417Z","I_R01_2025-03-30","R2","2025-03-30T20:33:51.980Z","GR86-004-078",0,19,113306,
"kafka:gr-raw","2025-03-30T20:32:02.721Z","I_R01_2025-03-30","R2","2025-03-30T20:31:58.656Z","GR86-004-078",0,18,113085,
"kafka:gr-raw","2025-03-30T20:30:07.108Z","I_R01_2025-03-30","R2","2025-03-30T20:30:05.569Z","GR86-004-078",0,17,114288,
"kafka:gr-raw","2025-03-30T20:28:11.686Z","I_R01_2025-03-30","R2","2025-03-30T20:28:11.281Z","GR86-004-078",0,16,113803,
"kafka:gr-raw","2025-03-30T20:26:18.763Z","I_R01_2025-03-30","R2","2025-03-30T20:26:17.482Z","GR86-004-078",0,15,142003,
"kafka:gr-raw","2025-03-30T20:24:16.292Z","I_R01_2025-03-30","R2","2025-03-30T20:23:55.475Z","GR86-004-078",0,14,163724,
"kafka:gr-raw","2025-03-30T20:21:12.603Z","I_R01_2025-03-30","R2","2025-03-30T20:21:11.745Z","GR86-004-078",0,13,143442,
"kafka:gr-raw","2025-03-30T20:18:48.486Z","I_R01_2025-03-30","R2","2025-03-30T20:18:48.304Z","GR86-004-078",0,12,113523,
"kafka:gr-raw","2025-03-30T20:16:58.133Z","I_R01_2025-03-30","R2","2025-03-30T20:16:54.772Z","GR86-004-078",0,11,114883,
"kafka:gr-raw","2025-03-30T20:15:05.087Z","I_R01_2025-03-30","R2","2025-03-30T20:14:59.902Z","GR86-004-078",0,10,113504,
"kafka:gr-raw","2025-03-30T20:13:07.471Z","I_R01_2025-03-30","R2","2025-03-30T20:13:06.390Z","GR86-004-078",0,9,145296,
"kafka:gr-raw","2025-03-30T20:10:42.521Z","I_R01_2025-03-30","R2","2025-03-30T20:10:41.085Z","GR86-004-078",0,8,150183,
"kafka:gr-raw","2025-03-30T20:08:11.420Z","I_R01_2025-03-30","R2","2025-03-30T20:08:10.912Z","GR86-004-078",0,7,113800,
"kafka:gr-raw","2025-03-30T20:06:18.190Z","I_R01_2025-03-30","R2","2025-03-30T20:06:17.092Z","GR86-004-078",0,6,114003,
"kafka:gr-raw","2025-03-30T20:04:24.361Z","I_R01_2025-03-30","R2","2025-03-30T20:04:23.100Z","GR86-004-078",0,5,115187,
"kafka:gr-raw","2025-03-30T20:02:28.179Z","I_R01_2025-03-30","R2","2025-03-30T20:02:27.904Z","GR86-004-078",0,4,114782,
"kafka:gr-raw","2025-03-30T20:00:36.483Z","I_R01_2025-03-30","R2","2025-03-30T20:00:33.112Z","GR86-004-078",0,3,116319,
"kafka:gr-raw","2025-03-30T19:58:38.374Z","I_R01_2025-03-30","R2","2025-03-30T19:58:36.798Z","GR86-004-078",0,2,165020,
"kafka:gr-raw","2025-03-30T19:55:52.981Z","I_R01_2025-03-30","R2","2025-03-30T19:55:51.772Z","GR86-004-078",0,1,633886,
"kafka:gr-raw","2025-03-30T20:39:32.890Z","I_R01_2025-03-30","R2","2025-03-30T20:39:27.341Z","GR86-006-007",0,22,112727,
"kafka:gr-raw","2025-03-30T20:37:35.142Z","I_R01_2025-03-30","R2","2025-03-30T20:37:34.610Z","GR86-006-007",0,21,112606,
"kafka:gr-raw","2025-03-30T20:35:42.186Z","I_R01_2025-03-30","R2","2025-03-30T20:35:41.998Z","GR86-006-007",0,20,113021,
"kafka:gr-raw","2025-03-30T20:33:52.099Z","I_R01_2025-03-30","R2","2025-03-30T20:33:48.980Z","GR86-006-007",0,19,113179,
"kafka:gr-raw","2025-03-30T20:31:56.206Z","I_R01_2025-03-30","R2","2025-03-30T20:31:55.802Z","GR86-006-007",0,18,112711,
"kafka:gr-raw","2025-03-30T20:30:03.671Z","I_R01_2025-03-30","R2","2025-03-30T20:30:03.090Z","GR86-006-007",0,17,112489,
"kafka:gr-raw","2025-03-30T20:28:11.743Z","I_R01_2025-03-30","R2","2025-03-30T20:28:10.589Z","GR86-006-007",0,16,113377,
"kafka:gr-raw","2025-03-30T20:26:18.670Z","I_R01_2025-03-30","R2","2025-03-30T20:26:17.220Z","GR86-006-007",0,15,142423,
"kafka:gr-raw","2025-03-30T20:24:16.933Z","I_R01_2025-03-30","R2","2025-03-30T20:23:54.792Z","GR86-006-007",0,14,163581,
"kafka:gr-raw","2025-03-30T20:21:12.654Z","I_R01_2025-03-30","R2","2025-03-30T20:21:11.201Z","GR86-006-007",0,13,145313,
"kafka:gr-raw","2025-03-30T20:18:46.773Z","I_R01_2025-03-30","R2","2025-03-30T20:18:45.894Z","GR86-006-007",0,12,113127,
"kafka:gr-raw","2025-03-30T20:16:53.015Z","I_R01_2025-03-30","R2","2025-03-30T20:16:52.762Z","GR86-006-007",0,11,113646,
"kafka:gr-raw","2025-03-30T20:15:05.304Z","I_R01_2025-03-30","R2","2025-03-30T20:14:59.110Z","GR86-006-007",0,10,113179,
"kafka:gr-raw","2025-03-30T20:13:07.584Z","I_R01_2025-03-30","R2","2025-03-30T20:13:05.929Z","GR86-006-007",0,9,145598,
"kafka:gr-raw","2025-03-30T20:10:40.576Z","I_R01_2025-03-30","R2","2025-03-30T20:10:40.332Z","GR86-006-007",0,8,152105,
"kafka:gr-raw","2025-03-30T20:08:09.866Z","I_R01_2025-03-30","R2","2025-03-30T20:08:08.223Z","GR86-006-007",0,7,113532,
"kafka:gr-raw","2025-03-30T20:06:18.129Z","I_R01_2025-03-30","R2","2025-03-30T20:06:14.699Z","GR86-006-007",0,6,113973,
"kafka:gr-raw","2025-03-30T20:04:22.420Z","I_R01_2025-03-30","R2","2025-03-30T20:04:20.726Z","GR86-006-007",0,5,113566,
"kafka:gr-raw","2025-03-30T20:02:28.056Z","I_R01_2025-03-30","R2","2025-03-30T20:02:27.147Z","GR86-006-007",0,4,114660,
"kafka:gr-raw","2025-03-30T20:00:33.312Z","I_R01_2025-03-30","R2","2025-03-30T20:00:32.480Z","GR86-006-007",0,3,116059,
"kafka:gr-raw","2025-03-30T19:58:36.634Z","I_R01_2025-03-30","R2","2025-03-30T19:58:36.418Z","GR86-006-007",0,2,165510,
"kafka:gr-raw","2025-03-30T19:55:51.065Z","I_R01_2025-03-30","R2","2025-03-30T19:55:50.910Z","GR86-006-007",0,1,636388,
"kafka:gr-raw","2025-03-30T20:39:56.539Z","I_R01_2025-03-30","R2","2025-03-30T20:39:55.944Z","GR86-008-113",0,22,44,
"kafka:gr-raw","2025-03-30T20:39:56.538Z","I_R01_2025-03-30","R2","2025-03-30T20:39:55.916Z","GR86-008-113",0,23,0,
"kafka:gr-raw","2025-03-30T20:39:56.538Z","I_R01_2025-03-30","R2","2025-03-30T20:39:55.914Z","GR86-008-113",0,22,116554,
"kafka:gr-raw","2025-03-30T20:37:59.594Z","I_R01_2025-03-30","R2","2025-03-30T20:37:59.345Z","GR86-008-113",0,21,113163,
"kafka:gr-raw","2025-03-30T20:36:18.636Z","I_R01_2025-03-30","R2","2025-03-30T20:36:06.182Z","GR86-008-113",0,20,114715,
"kafka:gr-raw","2025-03-30T20:34:11.753Z","I_R01_2025-03-30","R2","2025-03-30T20:34:11.466Z","GR86-008-113",0,19,113596,
"kafka:gr-raw","2025-03-30T20:32:19.570Z","I_R01_2025-03-30","R2","2025-03-30T20:32:17.862Z","GR86-008-113",0,18,116498,
"kafka:gr-raw","2025-03-30T20:30:23.874Z","I_R01_2025-03-30","R2","2025-03-30T20:30:21.365Z","GR86-008-113",0,17,117385,
"kafka:gr-raw","2025-03-30T20:28:29.770Z","I_R01_2025-03-30","R2","2025-03-30T20:28:24.031Z","GR86-008-113",0,16,116206,
"kafka:gr-raw","2025-03-30T20:26:28.657Z","I_R01_2025-03-30","R2","2025-03-30T20:26:27.765Z","GR86-008-113",0,15,135099,
"kafka:gr-raw","2025-03-30T20:24:20.017Z","I_R01_2025-03-30","R2","2025-03-30T20:24:12.674Z","GR86-008-113",0,14,164769,
"kafka:gr-raw","2025-03-30T20:21:31.987Z","I_R01_2025-03-30","R2","2025-03-30T20:21:27.891Z","GR86-008-113",0,13,131938,
"kafka:gr-raw","2025-03-30T20:19:18.995Z","I_R01_2025-03-30","R2","2025-03-30T20:19:15.969Z","GR86-008-113",0,12,117392,
"kafka:gr-raw","2025-03-30T20:17:19.133Z","I_R01_2025-03-30","R2","2025-03-30T20:17:18.562Z","GR86-008-113",0,11,118010,
"kafka:gr-raw","2025-03-30T20:15:22.262Z","I_R01_2025-03-30","R2","2025-03-30T20:15:20.554Z","GR86-008-113",0,10,121994,
"kafka:gr-raw","2025-03-30T20:13:19.278Z","I_R01_2025-03-30","R2","2025-03-30T20:13:18.555Z","GR86-008-113",0,9,136652,
"kafka:gr-raw","2025-03-30T20:11:02.918Z","I_R01_2025-03-30","R2","2025-03-30T20:11:01.900Z","GR86-008-113",0,8,116134,
"kafka:gr-raw","2025-03-30T20:09:05.966Z","I_R01_2025-03-30","R2","2025-03-30T20:09:05.762Z","GR86-008-113",0,7,116287,
"kafka:gr-raw","2025-03-30T20:07:11.964Z","I_R01_2025-03-30","R2","2025-03-30T20:07:09.471Z","GR86-008-113",0,6,115907,
"kafka:gr-raw","2025-03-30T20:05:14.026Z","I_R01_2025-03-30","R2","2025-03-30T20:05:13.579Z","GR86-008-113",0,5,127270,
"kafka:gr-raw","2025-03-30T20:03:06.859Z","I_R01_2025-03-30","R2","2025-03-30T20:03:06.299Z","GR86-008-113",0,4,145225,
"kafka:gr-raw","2025-03-30T20:00:43.384Z","I_R01_2025-03-30","R2","2025-03-30T20:00:41.067Z","GR86-008-113",0,3,119690,
"kafka:gr-raw","2025-03-30T19:58:44.200Z","I_R01_2025-03-30","R2","2025-03-30T19:58:41.376Z","GR86-008-113",0,2,156399,
"kafka:gr-raw","2025-03-30T19:56:05.877Z","I_R01_2025-03-30","R2","2025-03-30T19:56:04.971Z","GR86-008-113",0,1,153302,
"kafka:gr-raw","2025-03-30T20:17:19.066Z","I_R01_2025-03-30","R2","2025-03-30T20:17:18.298Z","GR86-009-005",0,11,118228,
"kafka:gr-raw","2025-03-30T20:15:20.562Z","I_R01_2025-03-30","R2","2025-03-30T20:15:20.205Z","GR86-009-005",0,10,123072,
"kafka:gr-raw","2025-03-30T20:13:17.580Z","I_R01_2025-03-30","R2","2025-03-30T20:13:17.048Z","GR86-009-005",0,9,139114,
"kafka:gr-raw","2025-03-30T20:10:59.389Z","I_R01_2025-03-30","R2","2025-03-30T20:10:57.883Z","GR86-009-005",0,8,132175,
"kafka:gr-raw","2025-03-30T20:08:46.548Z","I_R01_2025-03-30","R2","2025-03-30T20:08:45.744Z","GR86-009-005",0,7,127785,
"kafka:gr-raw","2025-03-30T20:06:40.127Z","I_R01_2025-03-30","R2","2025-03-30T20:06:37.958Z","GR86-009-005",0,6,119826,
"kafka:gr-raw","2025-03-30T20:04:44.430Z","I_R01_2025-03-30","R2","2025-03-30T20:04:38.101Z","GR86-009-005",0,5,116893,
"kafka:gr-raw","2025-03-30T20:02:45.788Z","I_R01_2025-03-30","R2","2025-03-30T20:02:41.191Z","GR86-009-005",0,4,117301,
"kafka:gr-raw","2025-03-30T20:00:45.419Z","I_R01_2025-03-30","R2","2025-03-30T20:00:43.893Z","GR86-009-005",0,3,119980,
"kafka:gr-raw","2025-03-30T19:58:44.390Z","I_R01_2025-03-30","R2","2025-03-30T19:58:43.903Z","GR86-009-005",0,2,156238,
"kafka:gr-raw","2025-03-30T19:56:09.040Z","I_R01_2025-03-30","R2","2025-03-30T19:56:07.665Z","GR86-009-005",0,1,150398,
"kafka:gr-raw","2025-03-30T20:39:35.122Z","I_R01_2025-03-30","R2","2025-03-30T20:39:34.358Z","GR86-010-016",0,22,112799,
"kafka:gr-raw","2025-03-30T20:37:43.477Z","I_R01_2025-03-30","R2","2025-03-30T20:37:41.550Z","GR86-010-016",0,21,113180,
"kafka:gr-raw","2025-03-30T20:35:49.770Z","I_R01_2025-03-30","R2","2025-03-30T20:35:48.372Z","GR86-010-016",0,20,112996,
"kafka:gr-raw","2025-03-30T20:33:55.576Z","I_R01_2025-03-30","R2","2025-03-30T20:33:55.365Z","GR86-010-016",0,19,113413,
"kafka:gr-raw","2025-03-30T20:32:02.842Z","I_R01_2025-03-30","R2","2025-03-30T20:32:01.951Z","GR86-010-016",0,18,113177,
"kafka:gr-raw","2025-03-30T20:30:09.457Z","I_R01_2025-03-30","R2","2025-03-30T20:30:08.772Z","GR86-010-016",0,17,113506,
"kafka:gr-raw","2025-03-30T20:28:15.801Z","I_R01_2025-03-30","R2","2025-03-30T20:28:15.257Z","GR86-010-016",0,16,115577,
"kafka:gr-raw","2025-03-30T20:26:21.081Z","I_R01_2025-03-30","R2","2025-03-30T20:26:19.692Z","GR86-010-016",0,15,138930,
"kafka:gr-raw","2025-03-30T20:24:16.847Z","I_R01_2025-03-30","R2","2025-03-30T20:24:00.757Z","GR86-010-016",0,14,163665,
"kafka:gr-raw","2025-03-30T20:21:18.203Z","I_R01_2025-03-30","R2","2025-03-30T20:21:17.092Z","GR86-010-016",0,13,142932,
"kafka:gr-raw","2025-03-30T20:18:54.854Z","I_R01_2025-03-30","R2","2025-03-30T20:18:54.150Z","GR86-010-016",0,12,114865,
"kafka:gr-raw","2025-03-30T20:17:00.469Z","I_R01_2025-03-30","R2","2025-03-30T20:16:59.291Z","GR86-010-016",0,11,116004,
"kafka:gr-raw","2025-03-30T20:15:05.400Z","I_R01_2025-03-30","R2","2025-03-30T20:15:03.306Z","GR86-010-016",0,10,114316,
"kafka:gr-raw","2025-03-30T20:13:12.560Z","I_R01_2025-03-30","R2","2025-03-30T20:13:08.966Z","GR86-010-016",0,9,142583,
"kafka:gr-raw","2025-03-30T20:10:47.415Z","I_R01_2025-03-30","R2","2025-03-30T20:10:46.380Z","GR86-010-016",0,8,147105,
"kafka:gr-raw","2025-03-30T20:08:20.599Z","I_R01_2025-03-30","R2","2025-03-30T20:08:19.280Z","GR86-010-016",0,7,115008,
"kafka:gr-raw","2025-03-30T20:06:25.072Z","I_R01_2025-03-30","R2","2025-03-30T20:06:24.260Z","GR86-010-016",0,6,114355,
"kafka:gr-raw","2025-03-30T20:04:30.306Z","I_R01_2025-03-30","R2","2025-03-30T20:04:29.907Z","GR86-010-016",0,5,116127,
"kafka:gr-raw","2025-03-30T20:02:37.425Z","I_R01_2025-03-30","R2","2025-03-30T20:02:33.774Z","GR86-010-016",0,4,116410,
"kafka:gr-raw","2025-03-30T20:00:38.332Z","I_R01_2025-03-30","R2","2025-03-30T20:00:37.372Z","GR86-010-016",0,3,117866,
"kafka:gr-raw","2025-03-30T19:58:40.289Z","I_R01_2025-03-30","R2","2025-03-30T19:58:39.498Z","GR86-010-016",0,2,160992,
"kafka:gr-raw","2025-03-30T19:55:59.906Z","I_R01_2025-03-30","R2","2025-03-30T19:55:58.508Z","GR86-010-016",0,1,161398,
"kafka:gr-raw","2025-03-30T20:38:28.225Z","I_R01_2025-03-30","R2","2025-03-30T20:38:23.611Z","GR86-013-080",0,21,118000,
"kafka:gr-raw","2025-03-30T20:36:26.403Z","I_R01_2025-03-30","R2","2025-03-30T20:36:25.611Z","GR86-013-080",0,20,122534,
"kafka:gr-raw","2025-03-30T20:34:23.784Z","I_R01_2025-03-30","R2","2025-03-30T20:34:23.073Z","GR86-013-080",0,19,118401,
"kafka:gr-raw","2025-03-30T20:32:25.381Z","I_R01_2025-03-30","R2","2025-03-30T20:32:24.672Z","GR86-013-080",0,18,118576,
"kafka:gr-raw","2025-03-30T20:30:26.474Z","I_R01_2025-03-30","R2","2025-03-30T20:30:26.090Z","GR86-013-080",0,17,119025,
"kafka:gr-raw","2025-03-30T20:28:30.448Z","I_R01_2025-03-30","R2","2025-03-30T20:28:27.069Z","GR86-013-080",0,16,118575,
"kafka:gr-raw","2025-03-30T20:26:30.292Z","I_R01_2025-03-30","R2","2025-03-30T20:26:28.496Z","GR86-013-080",0,15,134402,
"kafka:gr-raw","2025-03-30T20:24:20.031Z","I_R01_2025-03-30","R2","2025-03-30T20:24:14.088Z","GR86-013-080",0,14,165378,
"kafka:gr-raw","2025-03-30T20:21:32.350Z","I_R01_2025-03-30","R2","2025-03-30T20:21:28.703Z","GR86-013-080",0,13,132000,
"kafka:gr-raw","2025-03-30T20:19:18.899Z","I_R01_2025-03-30","R2","2025-03-30T20:19:16.701Z","GR86-013-080",0,12,119199,
"kafka:gr-raw","2025-03-30T20:17:19.141Z","I_R01_2025-03-30","R2","2025-03-30T20:17:17.502Z","GR86-013-080",0,11,119023,
"kafka:gr-raw","2025-03-30T20:15:19.294Z","I_R01_2025-03-30","R2","2025-03-30T20:15:18.490Z","GR86-013-080",0,10,121906,
"kafka:gr-raw","2025-03-30T20:13:17.529Z","I_R01_2025-03-30","R2","2025-03-30T20:13:16.572Z","GR86-013-080",0,9,139427,
"kafka:gr-raw","2025-03-30T20:10:57.448Z","I_R01_2025-03-30","R2","2025-03-30T20:10:57.143Z","GR86-013-080",0,8,138754,
"kafka:gr-raw","2025-03-30T20:08:38.790Z","I_R01_2025-03-30","R2","2025-03-30T20:08:38.379Z","GR86-013-080",0,7,118803,
"kafka:gr-raw","2025-03-30T20:06:40.021Z","I_R01_2025-03-30","R2","2025-03-30T20:06:39.579Z","GR86-013-080",0,6,117688,
"kafka:gr-raw","2025-03-30T20:04:46.280Z","I_R01_2025-03-30","R2","2025-03-30T20:04:41.890Z","GR86-013-080",0,5,117999,
"kafka:gr-raw","2025-03-30T20:02:51.163Z","I_R01_2025-03-30","R2","2025-03-30T20:02:43.918Z","GR86-013-080",0,4,118535,
"kafka:gr-raw","2025-03-30T20:00:45.660Z","I_R01_2025-03-30","R2","2025-03-30T20:00:45.365Z","GR86-013-080",0,3,120265,
"kafka:gr-raw","2025-03-30T19:58:46.502Z","I_R01_2025-03-30","R2","2025-03-30T19:58:45.093Z","GR86-013-080",0,2,154353,
"kafka:gr-raw","2025-03-30T19:56:11.157Z","I_R01_2025-03-30","R2","2025-03-30T19:56:10.731Z","GR86-013-080",0,1,151908,
"kafka:gr-raw","2025-03-30T20:39:43.621Z","I_R01_2025-03-30","R2","2025-03-30T20:39:41.946Z","GR86-015-031",0,22,113644,
"kafka:gr-raw","2025-03-30T20:37:51.339Z","I_R01_2025-03-30","R2","2025-03-30T20:37:48.305Z","GR86-015-031",0,21,113878,
"kafka:gr-raw","2025-03-30T20:35:56.029Z","I_R01_2025-03-30","R2","2025-03-30T20:35:54.424Z","GR86-015-031",0,20,44,
"kafka:gr-raw","2025-03-30T20:35:56.028Z","I_R01_2025-03-30","R2","2025-03-30T20:35:54.379Z","GR86-015-031",0,21,0,
"kafka:gr-raw","2025-03-30T20:35:56.028Z","I_R01_2025-03-30","R2","2025-03-30T20:35:54.375Z","GR86-015-031",0,20,113500,
"kafka:gr-raw","2025-03-30T20:34:01.857Z","I_R01_2025-03-30","R2","2025-03-30T20:34:00.874Z","GR86-015-031",0,19,114733,
"kafka:gr-raw","2025-03-30T20:32:06.837Z","I_R01_2025-03-30","R2","2025-03-30T20:32:06.141Z","GR86-015-031",0,18,113667,
"kafka:gr-raw","2025-03-30T20:30:17.267Z","I_R01_2025-03-30","R2","2025-03-30T20:30:12.479Z","GR86-015-031",0,17,114889,
"kafka:gr-raw","2025-03-30T20:28:18.693Z","I_R01_2025-03-30","R2","2025-03-30T20:28:17.581Z","GR86-015-031",0,16,116845,
"kafka:gr-raw","2025-03-30T20:26:21.096Z","I_R01_2025-03-30","R2","2025-03-30T20:26:20.737Z","GR86-015-031",0,15,138166,
"kafka:gr-raw","2025-03-30T20:24:17.676Z","I_R01_2025-03-30","R2","2025-03-30T20:24:02.562Z","GR86-015-031",0,14,163534,
"kafka:gr-raw","2025-03-30T20:21:20.449Z","I_R01_2025-03-30","R2","2025-03-30T20:21:19.033Z","GR86-015-031",0,13,44,
"kafka:gr-raw","2025-03-30T20:21:20.449Z","I_R01_2025-03-30","R2","2025-03-30T20:21:18.985Z","GR86-015-031",0,14,0,
"kafka:gr-raw","2025-03-30T20:21:20.448Z","I_R01_2025-03-30","R2","2025-03-30T20:21:18.983Z","GR86-015-031",0,13,140411,
"kafka:gr-raw","2025-03-30T20:19:01.675Z","I_R01_2025-03-30","R2","2025-03-30T20:18:58.573Z","GR86-015-031",0,12,113703,
"kafka:gr-raw","2025-03-30T20:17:07.770Z","I_R01_2025-03-30","R2","2025-03-30T20:17:04.875Z","GR86-015-031",0,11,114519,
"kafka:gr-raw","2025-03-30T20:15:13.894Z","I_R01_2025-03-30","R2","2025-03-30T20:15:10.349Z","GR86-015-031",0,10,118667,
"kafka:gr-raw","2025-03-30T20:13:12.830Z","I_R01_2025-03-30","R2","2025-03-30T20:13:11.674Z","GR86-015-031",0,9,142000,
"kafka:gr-raw","2025-03-30T20:10:53.098Z","I_R01_2025-03-30","R2","2025-03-30T20:10:49.673Z","GR86-015-031",0,8,145177,
"kafka:gr-raw","2025-03-30T20:08:24.830Z","I_R01_2025-03-30","R2","2025-03-30T20:08:24.494Z","GR86-015-031",0,7,114702,
"kafka:gr-raw","2025-03-30T20:06:31.131Z","I_R01_2025-03-30","R2","2025-03-30T20:06:29.793Z","GR86-015-031",0,6,115000,
"kafka:gr-raw","2025-03-30T20:04:35.122Z","I_R01_2025-03-30","R2","2025-03-30T20:04:34.803Z","GR86-015-031",0,5,116410,
"kafka:gr-raw","2025-03-30T20:02:39.872Z","I_R01_2025-03-30","R2","2025-03-30T20:02:38.383Z","GR86-015-031",0,4,116910,
"kafka:gr-raw","2025-03-30T20:00:43.330Z","I_R01_2025-03-30","R2","2025-03-30T20:00:41.471Z","GR86-015-031",0,3,120311,
"kafka:gr-raw","2025-03-30T19:58:42.155Z","I_R01_2025-03-30","R2","2025-03-30T19:58:41.149Z","GR86-015-031",0,2,157689,
"kafka:gr-raw","2025-03-30T19:56:03.772Z","I_R01_2025-03-30","R2","2025-03-30T19:56:03.463Z","GR86-015-031",0,1,153511,
"kafka:gr-raw","2025-03-30T20:39:35.107Z","I_R01_2025-03-30","R2","2025-03-30T20:39:33.527Z","GR86-016-055",0,22,113157,
"kafka:gr-raw","2025-03-30T20:37:41.177Z","I_R01_2025-03-30","R2","2025-03-30T20:37:40.326Z","GR86-016-055",0,21,112893,
"kafka:gr-raw","2025-03-30T20:35:47.668Z","I_R01_2025-03-30","R2","2025-03-30T20:35:47.480Z","GR86-016-055",0,20,113329,
"kafka:gr-raw","2025-03-30T20:33:55.599Z","I_R01_2025-03-30","R2","2025-03-30T20:33:54.154Z","GR86-016-055",0,19,113200,
"kafka:gr-raw","2025-03-30T20:32:02.924Z","I_R01_2025-03-30","R2","2025-03-30T20:32:00.892Z","GR86-016-055",0,18,113178,
"kafka:gr-raw","2025-03-30T20:30:09.522Z","I_R01_2025-03-30","R2","2025-03-30T20:30:07.720Z","GR86-016-055",0,17,113808,
"kafka:gr-raw","2025-03-30T20:28:15.741Z","I_R01_2025-03-30","R2","2025-03-30T20:28:13.902Z","GR86-016-055",0,16,116000,
"kafka:gr-raw","2025-03-30T20:26:18.719Z","I_R01_2025-03-30","R2","2025-03-30T20:26:17.903Z","GR86-016-055",0,15,141485,
"kafka:gr-raw","2025-03-30T20:24:16.958Z","I_R01_2025-03-30","R2","2025-03-30T20:23:56.413Z","GR86-016-055",0,14,163235,
"kafka:gr-raw","2025-03-30T20:21:14.243Z","I_R01_2025-03-30","R2","2025-03-30T20:21:13.184Z","GR86-016-055",0,13,143372,
"kafka:gr-raw","2025-03-30T20:18:50.116Z","I_R01_2025-03-30","R2","2025-03-30T20:18:49.801Z","GR86-016-055",0,12,114029,
"kafka:gr-raw","2025-03-30T20:16:58.277Z","I_R01_2025-03-30","R2","2025-03-30T20:16:55.785Z","GR86-016-055",0,11,115179,
"kafka:gr-raw","2025-03-30T20:15:05.240Z","I_R01_2025-03-30","R2","2025-03-30T20:15:00.594Z","GR86-016-055",0,10,113564,
"kafka:gr-raw","2025-03-30T20:13:07.666Z","I_R01_2025-03-30","R2","2025-03-30T20:13:07.032Z","GR86-016-055",0,9,144000,
"kafka:gr-raw","2025-03-30T20:10:44.080Z","I_R01_2025-03-30","R2","2025-03-30T20:10:43.030Z","GR86-016-055",0,8,148834,
"kafka:gr-raw","2025-03-30T20:08:15.829Z","I_R01_2025-03-30","R2","2025-03-30T20:08:14.191Z","GR86-016-055",0,7,115277,
"kafka:gr-raw","2025-03-30T20:06:19.735Z","I_R01_2025-03-30","R2","2025-03-30T20:06:18.921Z","GR86-016-055",0,6,114668,
"kafka:gr-raw","2025-03-30T20:04:24.532Z","I_R01_2025-03-30","R2","2025-03-30T20:04:24.237Z","GR86-016-055",0,5,114020,
"kafka:gr-raw","2025-03-30T20:02:33.186Z","I_R01_2025-03-30","R2","2025-03-30T20:02:30.216Z","GR86-016-055",0,4,114980,
"kafka:gr-raw","2025-03-30T20:00:36.347Z","I_R01_2025-03-30","R2","2025-03-30T20:00:35.236Z","GR86-016-055",0,3,117731,
"kafka:gr-raw","2025-03-30T19:58:38.237Z","I_R01_2025-03-30","R2","2025-03-30T19:58:37.501Z","GR86-016-055",0,2,162699,
"kafka:gr-raw","2025-03-30T19:55:55.213Z","I_R01_2025-03-30","R2","2025-03-30T19:55:54.803Z","GR86-016-055",0,1,627269,
"kafka:gr-raw","2025-03-30T20:38:05.177Z","I_R01_2025-03-30","R2","2025-03-30T20:38:04.134Z","GR86-017-067",0,21,114940,
"kafka:gr-raw","2025-03-30T20:36:18.722Z","I_R01_2025-03-30","R2","2025-03-30T20:36:09.183Z","GR86-017-067",0,20,115150,
"kafka:gr-raw","2025-03-30T20:34:17.995Z","I_R01_2025-03-30","R2","2025-03-30T20:34:14.032Z","GR86-017-067",0,19,115339,
"kafka:gr-raw","2025-03-30T20:32:19.544Z","I_R01_2025-03-30","R2","2025-03-30T20:32:18.685Z","GR86-017-067",0,18,117600,
"kafka:gr-raw","2025-03-30T20:30:23.980Z","I_R01_2025-03-30","R2","2025-03-30T20:30:21.090Z","GR86-017-067",0,17,120977,
"kafka:gr-raw","2025-03-30T20:28:21.001Z","I_R01_2025-03-30","R2","2025-03-30T20:28:20.109Z","GR86-017-067",0,16,115511,
"kafka:gr-raw","2025-03-30T20:26:25.134Z","I_R01_2025-03-30","R2","2025-03-30T20:26:24.600Z","GR86-017-067",0,15,136392,
"kafka:gr-raw","2025-03-30T20:24:19.466Z","I_R01_2025-03-30","R2","2025-03-30T20:24:08.200Z","GR86-017-067",0,14,164127,
"kafka:gr-raw","2025-03-30T20:21:25.350Z","I_R01_2025-03-30","R2","2025-03-30T20:21:24.071Z","GR86-017-067",0,13,137383,
"kafka:gr-raw","2025-03-30T20:19:07.106Z","I_R01_2025-03-30","R2","2025-03-30T20:19:06.697Z","GR86-017-067",0,12,115951,
"kafka:gr-raw","2025-03-30T20:17:12.245Z","I_R01_2025-03-30","R2","2025-03-30T20:17:10.729Z","GR86-017-067",0,11,116539,
"kafka:gr-raw","2025-03-30T20:15:19.078Z","I_R01_2025-03-30","R2","2025-03-30T20:15:14.226Z","GR86-017-067",0,10,119077,
"kafka:gr-raw","2025-03-30T20:13:15.781Z","I_R01_2025-03-30","R2","2025-03-30T20:13:15.110Z","GR86-017-067",0,9,140319,
"kafka:gr-raw","2025-03-30T20:10:55.491Z","I_R01_2025-03-30","R2","2025-03-30T20:10:54.791Z","GR86-017-067",0,8,141695,
"kafka:gr-raw","2025-03-30T20:08:33.956Z","I_R01_2025-03-30","R2","2025-03-30T20:08:33.100Z","GR86-017-067",0,7,116498,
"kafka:gr-raw","2025-03-30T20:06:38.195Z","I_R01_2025-03-30","R2","2025-03-30T20:06:36.599Z","GR86-017-067",0,6,118178,
"kafka:gr-raw","2025-03-30T20:04:44.772Z","I_R01_2025-03-30","R2","2025-03-30T20:04:38.412Z","GR86-017-067",0,5,116800,
"kafka:gr-raw","2025-03-30T20:02:45.720Z","I_R01_2025-03-30","R2","2025-03-30T20:02:41.663Z","GR86-017-067",0,4,117110,
"kafka:gr-raw","2025-03-30T20:00:45.505Z","I_R01_2025-03-30","R2","2025-03-30T20:00:44.499Z","GR86-017-067",0,3,120090,
"kafka:gr-raw","2025-03-30T19:58:44.613Z","I_R01_2025-03-30","R2","2025-03-30T19:58:44.414Z","GR86-017-067",0,2,155820,
"kafka:gr-raw","2025-03-30T19:56:09.031Z","I_R01_2025-03-30","R2","2025-03-30T19:56:08.600Z","GR86-017-067",0,1,150755,
"kafka:gr-raw","2025-03-30T20:39:35.133Z","I_R01_2025-03-30","R2","2025-03-30T20:39:33.819Z","GR86-022-013",0,22,113203,
"kafka:gr-raw","2025-03-30T20:37:41.158Z","I_R01_2025-03-30","R2","2025-03-30T20:37:40.620Z","GR86-022-013",0,21,112886,
"kafka:gr-raw","2025-03-30T20:35:49.726Z","I_R01_2025-03-30","R2","2025-03-30T20:35:47.774Z","GR86-022-013",0,20,113339,
"kafka:gr-raw","2025-03-30T20:33:55.774Z","I_R01_2025-03-30","R2","2025-03-30T20:33:54.400Z","GR86-022-013",0,19,113284,
"kafka:gr-raw","2025-03-30T20:32:03.159Z","I_R01_2025-03-30","R2","2025-03-30T20:32:01.103Z","GR86-022-013",0,18,113117,
"kafka:gr-raw","2025-03-30T20:30:09.534Z","I_R01_2025-03-30","R2","2025-03-30T20:30:07.980Z","GR86-022-013",0,17,113818,
"kafka:gr-raw","2025-03-30T20:28:15.599Z","I_R01_2025-03-30","R2","2025-03-30T20:28:14.170Z","GR86-022-013",0,16,114975,
"kafka:gr-raw","2025-03-30T20:26:20.960Z","I_R01_2025-03-30","R2","2025-03-30T20:26:19.182Z","GR86-022-013",0,15,139207,
"kafka:gr-raw","2025-03-30T20:24:17.736Z","I_R01_2025-03-30","R2","2025-03-30T20:23:59.974Z","GR86-022-013",0,14,163599,
"kafka:gr-raw","2025-03-30T20:21:18.480Z","I_R01_2025-03-30","R2","2025-03-30T20:21:16.379Z","GR86-022-013",0,13,142399,
"kafka:gr-raw","2025-03-30T20:18:54.879Z","I_R01_2025-03-30","R2","2025-03-30T20:18:53.971Z","GR86-022-013",0,12,113879,
"kafka:gr-raw","2025-03-30T20:17:00.745Z","I_R01_2025-03-30","R2","2025-03-30T20:17:00.091Z","GR86-022-013",0,11,113866,
"kafka:gr-raw","2025-03-30T20:15:07.264Z","I_R01_2025-03-30","R2","2025-03-30T20:15:06.239Z","GR86-022-013",0,10,115334,
"kafka:gr-raw","2025-03-30T20:13:12.644Z","I_R01_2025-03-30","R2","2025-03-30T20:13:10.892Z","GR86-022-013",0,9,142377,
"kafka:gr-raw","2025-03-30T20:10:53.165Z","I_R01_2025-03-30","R2","2025-03-30T20:10:48.511Z","GR86-022-013",0,8,145112,
"kafka:gr-raw","2025-03-30T20:08:24.749Z","I_R01_2025-03-30","R2","2025-03-30T20:08:23.409Z","GR86-022-013",0,7,114578,
"kafka:gr-raw","2025-03-30T20:06:29.824Z","I_R01_2025-03-30","R2","2025-03-30T20:06:28.822Z","GR86-022-013",0,6,115781,
"kafka:gr-raw","2025-03-30T20:04:35.057Z","I_R01_2025-03-30","R2","2025-03-30T20:04:33.042Z","GR86-022-013",0,5,118453,
"kafka:gr-raw","2025-03-30T20:02:37.361Z","I_R01_2025-03-30","R2","2025-03-30T20:02:34.581Z","GR86-022-013",0,4,115966,
"kafka:gr-raw","2025-03-30T20:00:39.642Z","I_R01_2025-03-30","R2","2025-03-30T20:00:38.612Z","GR86-022-013",0,3,118127,
"kafka:gr-raw","2025-03-30T19:58:40.713Z","I_R01_2025-03-30","R2","2025-03-30T19:58:40.488Z","GR86-022-013",0,2,159789,
"kafka:gr-raw","2025-03-30T19:56:02.197Z","I_R01_2025-03-30","R2","2025-03-30T19:56:00.693Z","GR86-022-013",0,1,152940,
"kafka:gr-raw","2025-03-30T20:38:05.317Z","I_R01_2025-03-30","R2","2025-03-30T20:38:03.286Z","GR86-024-041",0,21,115775,
"kafka:gr-raw","2025-03-30T20:36:18.817Z","I_R01_2025-03-30","R2","2025-03-30T20:36:07.502Z","GR86-024-041",0,20,115427,
"kafka:gr-raw","2025-03-30T20:34:17.852Z","I_R01_2025-03-30","R2","2025-03-30T20:34:12.087Z","GR86-024-041",0,19,115730,
"kafka:gr-raw","2025-03-30T20:32:17.334Z","I_R01_2025-03-30","R2","2025-03-30T20:32:16.346Z","GR86-024-041",0,18,115639,
"kafka:gr-raw","2025-03-30T20:30:24.133Z","I_R01_2025-03-30","R2","2025-03-30T20:30:20.715Z","GR86-024-041",0,17,118549,
"kafka:gr-raw","2025-03-30T20:28:22.594Z","I_R01_2025-03-30","R2","2025-03-30T20:28:22.154Z","GR86-024-041",0,16,116384,
"kafka:gr-raw","2025-03-30T20:26:26.933Z","I_R01_2025-03-30","R2","2025-03-30T20:26:25.764Z","GR86-024-041",0,15,136817,
"kafka:gr-raw","2025-03-30T20:24:19.560Z","I_R01_2025-03-30","R2","2025-03-30T20:24:08.944Z","GR86-024-041",0,14,164055,
"kafka:gr-raw","2025-03-30T20:21:25.482Z","I_R01_2025-03-30","R2","2025-03-30T20:21:24.904Z","GR86-024-041",0,13,137107,
"kafka:gr-raw","2025-03-30T20:19:08.550Z","I_R01_2025-03-30","R2","2025-03-30T20:19:07.782Z","GR86-024-041",0,12,116200,
"kafka:gr-raw","2025-03-30T20:17:12.332Z","I_R01_2025-03-30","R2","2025-03-30T20:17:11.583Z","GR86-024-041",0,11,116406,
"kafka:gr-raw","2025-03-30T20:15:18.921Z","I_R01_2025-03-30","R2","2025-03-30T20:15:15.170Z","GR86-024-041",0,10,120296,
"kafka:gr-raw","2025-03-30T20:13:15.918Z","I_R01_2025-03-30","R2","2025-03-30T20:13:14.871Z","GR86-024-041",0,9,141915,
"kafka:gr-raw","2025-03-30T20:10:53.369Z","I_R01_2025-03-30","R2","2025-03-30T20:10:52.956Z","GR86-024-041",0,8,144479,
"kafka:gr-raw","2025-03-30T20:08:28.867Z","I_R01_2025-03-30","R2","2025-03-30T20:08:28.471Z","GR86-024-041",0,7,114282,
"kafka:gr-raw","2025-03-30T20:06:36.082Z","I_R01_2025-03-30","R2","2025-03-30T20:06:34.190Z","GR86-024-041",0,6,116700,
"kafka:gr-raw","2025-03-30T20:04:44.611Z","I_R01_2025-03-30","R2","2025-03-30T20:04:37.499Z","GR86-024-041",0,5,117802,
"kafka:gr-raw","2025-03-30T20:02:40.111Z","I_R01_2025-03-30","R2","2025-03-30T20:02:39.689Z","GR86-024-041",0,4,117148,
"kafka:gr-raw","2025-03-30T20:00:43.254Z","I_R01_2025-03-30","R2","2025-03-30T20:00:42.535Z","GR86-024-041",0,3,121176,
"kafka:gr-raw","2025-03-30T19:58:42.201Z","I_R01_2025-03-30","R2","2025-03-30T19:58:41.348Z","GR86-024-041",0,2,156779,
"kafka:gr-raw","2025-03-30T19:56:05.971Z","I_R01_2025-03-30","R2","2025-03-30T19:56:04.572Z","GR86-024-041",0,1,153223,
"kafka:gr-raw","2025-03-30T20:39:41.509Z","I_R01_2025-03-30","R2","2025-03-30T20:39:41.336Z","GR86-025-047",0,22,114517,
"kafka:gr-raw","2025-03-30T20:37:51.056Z","I_R01_2025-03-30","R2","2025-03-30T20:37:46.822Z","GR86-025-047",0,21,114214,
"kafka:gr-raw","2025-03-30T20:35:53.718Z","I_R01_2025-03-30","R2","2025-03-30T20:35:52.602Z","GR86-025-047",0,20,114178,
"kafka:gr-raw","2025-03-30T20:33:59.108Z","I_R01_2025-03-30","R2","2025-03-30T20:33:58.411Z","GR86-025-047",0,19,113118,
"kafka:gr-raw","2025-03-30T20:32:06.727Z","I_R01_2025-03-30","R2","2025-03-30T20:32:05.299Z","GR86-025-047",0,18,113607,
"kafka:gr-raw","2025-03-30T20:30:17.169Z","I_R01_2025-03-30","R2","2025-03-30T20:30:11.690Z","GR86-025-047",0,17,114165,
"kafka:gr-raw","2025-03-30T20:28:18.677Z","I_R01_2025-03-30","R2","2025-03-30T20:28:17.524Z","GR86-025-047",0,16,117110,
"kafka:gr-raw","2025-03-30T20:26:20.974Z","I_R01_2025-03-30","R2","2025-03-30T20:26:20.407Z","GR86-025-047",0,15,138307,
"kafka:gr-raw","2025-03-30T20:24:17.343Z","I_R01_2025-03-30","R2","2025-03-30T20:24:02.105Z","GR86-025-047",0,14,163604,
"kafka:gr-raw","2025-03-30T20:21:20.383Z","I_R01_2025-03-30","R2","2025-03-30T20:21:18.493Z","GR86-025-047",0,13,140406,
"kafka:gr-raw","2025-03-30T20:19:01.558Z","I_R01_2025-03-30","R2","2025-03-30T20:18:58.089Z","GR86-025-047",0,12,113964,
"kafka:gr-raw","2025-03-30T20:17:07.553Z","I_R01_2025-03-30","R2","2025-03-30T20:17:04.120Z","GR86-025-047",0,11,114125,
"kafka:gr-raw","2025-03-30T20:15:13.615Z","I_R01_2025-03-30","R2","2025-03-30T20:15:09.995Z","GR86-025-047",0,10,119875,
"kafka:gr-raw","2025-03-30T20:13:12.543Z","I_R01_2025-03-30","R2","2025-03-30T20:13:10.120Z","GR86-025-047",0,9,142724,
"kafka:gr-raw","2025-03-30T20:10:47.610Z","I_R01_2025-03-30","R2","2025-03-30T20:10:47.401Z","GR86-025-047",0,8,146055,
"kafka:gr-raw","2025-03-30T20:08:22.757Z","I_R01_2025-03-30","R2","2025-03-30T20:08:21.333Z","GR86-025-047",0,7,114734,
"kafka:gr-raw","2025-03-30T20:06:27.461Z","I_R01_2025-03-30","R2","2025-03-30T20:06:26.600Z","GR86-025-047",0,6,115012,
"kafka:gr-raw","2025-03-30T20:04:32.768Z","I_R01_2025-03-30","R2","2025-03-30T20:04:31.590Z","GR86-025-047",0,5,116654,
"kafka:gr-raw","2025-03-30T20:02:37.410Z","I_R01_2025-03-30","R2","2025-03-30T20:02:34.933Z","GR86-025-047",0,4,116021,
"kafka:gr-raw","2025-03-30T20:00:39.657Z","I_R01_2025-03-30","R2","2025-03-30T20:00:38.905Z","GR86-025-047",0,3,119491,
"kafka:gr-raw","2025-03-30T19:58:40.543Z","I_R01_2025-03-30","R2","2025-03-30T19:58:39.418Z","GR86-025-047",0,2,161600,
"kafka:gr-raw","2025-03-30T19:55:59.885Z","I_R01_2025-03-30","R2","2025-03-30T19:55:57.821Z","GR86-025-047",0,1,162062,
"kafka:gr-raw","2025-03-30T20:39:36.472Z","I_R01_2025-03-30","R2","2025-03-30T20:39:34.924Z","GR86-026-072",0,22,113896,
"kafka:gr-raw","2025-03-30T20:37:41.257Z","I_R01_2025-03-30","R2","2025-03-30T20:37:41.069Z","GR86-026-072",0,21,113110,
"kafka:gr-raw","2025-03-30T20:35:49.814Z","I_R01_2025-03-30","R2","2025-03-30T20:35:47.907Z","GR86-026-072",0,20,113183,
"kafka:gr-raw","2025-03-30T20:33:55.845Z","I_R01_2025-03-30","R2","2025-03-30T20:33:54.728Z","GR86-026-072",0,19,113107,
"kafka:gr-raw","2025-03-30T20:32:04.981Z","I_R01_2025-03-30","R2","2025-03-30T20:32:01.610Z","GR86-026-072",0,18,113104,
"kafka:gr-raw","2025-03-30T20:30:09.441Z","I_R01_2025-03-30","R2","2025-03-30T20:30:08.502Z","GR86-026-072",0,17,114111,
"kafka:gr-raw","2025-03-30T20:28:15.688Z","I_R01_2025-03-30","R2","2025-03-30T20:28:14.388Z","GR86-026-072",0,16,116485,
"kafka:gr-raw","2025-03-30T20:26:18.734Z","I_R01_2025-03-30","R2","2025-03-30T20:26:17.902Z","GR86-026-072",0,15,140684,
"kafka:gr-raw","2025-03-30T20:24:17.197Z","I_R01_2025-03-30","R2","2025-03-30T20:23:57.218Z","GR86-026-072",0,14,163507,
"kafka:gr-raw","2025-03-30T20:21:14.367Z","I_R01_2025-03-30","R2","2025-03-30T20:21:13.710Z","GR86-026-072",0,13,143049,
"kafka:gr-raw","2025-03-30T20:18:51.357Z","I_R01_2025-03-30","R2","2025-03-30T20:18:50.651Z","GR86-026-072",0,12,113935,
"kafka:gr-raw","2025-03-30T20:16:58.417Z","I_R01_2025-03-30","R2","2025-03-30T20:16:56.722Z","GR86-026-072",0,11,115789,
"kafka:gr-raw","2025-03-30T20:15:05.288Z","I_R01_2025-03-30","R2","2025-03-30T20:15:00.921Z","GR86-026-072",0,10,113435,
"kafka:gr-raw","2025-03-30T20:13:08.995Z","I_R01_2025-03-30","R2","2025-03-30T20:13:07.487Z","GR86-026-072",0,9,144154,
"kafka:gr-raw","2025-03-30T20:10:43.964Z","I_R01_2025-03-30","R2","2025-03-30T20:10:43.336Z","GR86-026-072",0,8,148500,
"kafka:gr-raw","2025-03-30T20:08:16.007Z","I_R01_2025-03-30","R2","2025-03-30T20:08:14.825Z","GR86-026-072",0,7,114870,
"kafka:gr-raw","2025-03-30T20:06:21.422Z","I_R01_2025-03-30","R2","2025-03-30T20:06:19.960Z","GR86-026-072",0,6,113730,
"kafka:gr-raw","2025-03-30T20:04:26.516Z","I_R01_2025-03-30","R2","2025-03-30T20:04:26.229Z","GR86-026-072",0,5,114146,
"kafka:gr-raw","2025-03-30T20:02:33.154Z","I_R01_2025-03-30","R2","2025-03-30T20:02:32.080Z","GR86-026-072",0,4,115176,
"kafka:gr-raw","2025-03-30T20:00:38.303Z","I_R01_2025-03-30","R2","2025-03-30T20:00:36.899Z","GR86-026-072",0,3,117949,
"kafka:gr-raw","2025-03-30T19:58:40.631Z","I_R01_2025-03-30","R2","2025-03-30T19:58:38.945Z","GR86-026-072",0,2,161725,
"kafka:gr-raw","2025-03-30T19:56:00.073Z","I_R01_2025-03-30","R2","2025-03-30T19:55:57.216Z","GR86-026-072",0,1,162294,
"kafka:gr-raw","2025-03-30T20:39:49.095Z","I_R01_2025-03-30","R2","2025-03-30T20:39:46.404Z","GR86-028-089",0,22,114069,
"kafka:gr-raw","2025-03-30T20:37:53.570Z","I_R01_2025-03-30","R2","2025-03-30T20:37:52.330Z","GR86-028-089",0,21,113421,
"kafka:gr-raw","2025-03-30T20:35:59.947Z","I_R01_2025-03-30","R2","2025-03-30T20:35:58.901Z","GR86-028-089",0,20,115763,
"kafka:gr-raw","2025-03-30T20:34:05.167Z","I_R01_2025-03-30","R2","2025-03-30T20:34:03.132Z","GR86-028-089",0,19,114600,
"kafka:gr-raw","2025-03-30T20:32:08.839Z","I_R01_2025-03-30","R2","2025-03-30T20:32:08.538Z","GR86-028-089",0,18,115191,
"kafka:gr-raw","2025-03-30T20:30:17.409Z","I_R01_2025-03-30","R2","2025-03-30T20:30:13.341Z","GR86-028-089",0,17,44,
"kafka:gr-raw","2025-03-30T20:30:17.409Z","I_R01_2025-03-30","R2","2025-03-30T20:30:13.296Z","GR86-028-089",0,18,0,
"kafka:gr-raw","2025-03-30T20:30:17.408Z","I_R01_2025-03-30","R2","2025-03-30T20:30:13.292Z","GR86-028-089",0,17,115471,
"kafka:gr-raw","2025-03-30T20:28:18.791Z","I_R01_2025-03-30","R2","2025-03-30T20:28:17.812Z","GR86-028-089",0,16,118920,
"kafka:gr-raw","2025-03-30T20:26:21.098Z","I_R01_2025-03-30","R2","2025-03-30T20:26:18.893Z","GR86-028-089",0,15,139753,
"kafka:gr-raw","2025-03-30T20:24:17.573Z","I_R01_2025-03-30","R2","2025-03-30T20:23:59.125Z","GR86-028-089",0,14,163340,
"kafka:gr-raw","2025-03-30T20:21:16.138Z","I_R01_2025-03-30","R2","2025-03-30T20:21:15.780Z","GR86-028-089",0,13,47,
"kafka:gr-raw","2025-03-30T20:21:16.137Z","I_R01_2025-03-30","R2","2025-03-30T20:21:15.742Z","GR86-028-089",0,14,0,
"kafka:gr-raw","2025-03-30T20:21:16.137Z","I_R01_2025-03-30","R2","2025-03-30T20:21:15.737Z","GR86-028-089",0,13,141793,
"kafka:gr-raw","2025-03-30T20:18:54.904Z","I_R01_2025-03-30","R2","2025-03-30T20:18:53.936Z","GR86-028-089",0,12,115234,
"kafka:gr-raw","2025-03-30T20:17:00.691Z","I_R01_2025-03-30","R2","2025-03-30T20:16:58.691Z","GR86-028-089",0,11,116566,
"kafka:gr-raw","2025-03-30T20:15:05.536Z","I_R01_2025-03-30","R2","2025-03-30T20:15:02.125Z","GR86-028-089",0,10,114131,
"kafka:gr-raw","2025-03-30T20:13:09.066Z","I_R01_2025-03-30","R2","2025-03-30T20:13:07.985Z","GR86-028-089",0,9,143879,
"kafka:gr-raw","2025-03-30T20:10:44.274Z","I_R01_2025-03-30","R2","2025-03-30T20:10:44.108Z","GR86-028-089",0,8,148790,
"kafka:gr-raw","2025-03-30T20:08:15.630Z","I_R01_2025-03-30","R2","2025-03-30T20:08:15.311Z","GR86-028-089",0,7,117780,
"kafka:gr-raw","2025-03-30T20:06:18.321Z","I_R01_2025-03-30","R2","2025-03-30T20:06:17.525Z","GR86-028-089",0,6,114031,
"kafka:gr-raw","2025-03-30T20:04:24.575Z","I_R01_2025-03-30","R2","2025-03-30T20:04:23.491Z","GR86-028-089",0,5,115376,
"kafka:gr-raw","2025-03-30T20:02:28.348Z","I_R01_2025-03-30","R2","2025-03-30T20:02:28.107Z","GR86-028-089",0,4,113808,
"kafka:gr-raw","2025-03-30T20:00:36.416Z","I_R01_2025-03-30","R2","2025-03-30T20:00:34.292Z","GR86-028-089",0,3,117070,
"kafka:gr-raw","2025-03-30T19:58:38.206Z","I_R01_2025-03-30","R2","2025-03-30T19:58:37.229Z","GR86-028-089",0,2,164698,
"kafka:gr-raw","2025-03-30T19:55:52.922Z","I_R01_2025-03-30","R2","2025-03-30T19:55:52.510Z","GR86-028-089",0,1,632557,
"kafka:gr-raw","2025-03-30T20:39:41.579Z","I_R01_2025-03-30","R2","2025-03-30T20:39:40.496Z","GR86-029-014",0,22,113775,
"kafka:gr-raw","2025-03-30T20:37:51.417Z","I_R01_2025-03-30","R2","2025-03-30T20:37:46.721Z","GR86-029-014",0,21,114390,
"kafka:gr-raw","2025-03-30T20:35:53.868Z","I_R01_2025-03-30","R2","2025-03-30T20:35:52.331Z","GR86-029-014",0,20,114335,
"kafka:gr-raw","2025-03-30T20:33:59.192Z","I_R01_2025-03-30","R2","2025-03-30T20:33:57.994Z","GR86-029-014",0,19,113788,
"kafka:gr-raw","2025-03-30T20:32:05.082Z","I_R01_2025-03-30","R2","2025-03-30T20:32:04.257Z","GR86-029-014",0,18,113800,
"kafka:gr-raw","2025-03-30T20:30:10.916Z","I_R01_2025-03-30","R2","2025-03-30T20:30:10.401Z","GR86-029-014",0,17,114283,
"kafka:gr-raw","2025-03-30T20:28:17.333Z","I_R01_2025-03-30","R2","2025-03-30T20:28:16.110Z","GR86-029-014",0,16,115994,
"kafka:gr-raw","2025-03-30T20:26:21.141Z","I_R01_2025-03-30","R2","2025-03-30T20:26:20.115Z","GR86-029-014",0,15,138631,
"kafka:gr-raw","2025-03-30T20:24:17.435Z","I_R01_2025-03-30","R2","2025-03-30T20:24:01.486Z","GR86-029-014",0,14,163695,
"kafka:gr-raw","2025-03-30T20:21:18.530Z","I_R01_2025-03-30","R2","2025-03-30T20:21:17.793Z","GR86-029-014",0,13,142153,
"kafka:gr-raw","2025-03-30T20:18:57.025Z","I_R01_2025-03-30","R2","2025-03-30T20:18:55.645Z","GR86-029-014",0,12,114421,
"kafka:gr-raw","2025-03-30T20:17:02.562Z","I_R01_2025-03-30","R2","2025-03-30T20:17:01.213Z","GR86-029-014",0,11,114080,
"kafka:gr-raw","2025-03-30T20:15:08.381Z","I_R01_2025-03-30","R2","2025-03-30T20:15:07.130Z","GR86-029-014",0,10,116300,
"kafka:gr-raw","2025-03-30T20:13:12.672Z","I_R01_2025-03-30","R2","2025-03-30T20:13:10.831Z","GR86-029-014",0,9,142909,
"kafka:gr-raw","2025-03-30T20:10:53.214Z","I_R01_2025-03-30","R2","2025-03-30T20:10:47.912Z","GR86-029-014",0,8,144599,
"kafka:gr-raw","2025-03-30T20:08:24.661Z","I_R01_2025-03-30","R2","2025-03-30T20:08:23.328Z","GR86-029-014",0,7,114931,
"kafka:gr-raw","2025-03-30T20:06:29.838Z","I_R01_2025-03-30","R2","2025-03-30T20:06:28.380Z","GR86-029-014",0,6,115486,
"kafka:gr-raw","2025-03-30T20:04:34.953Z","I_R01_2025-03-30","R2","2025-03-30T20:04:32.899Z","GR86-029-014",0,5,116789,
"kafka:gr-raw","2025-03-30T20:02:37.588Z","I_R01_2025-03-30","R2","2025-03-30T20:02:36.108Z","GR86-029-014",0,4,115585,
"kafka:gr-raw","2025-03-30T20:00:43.301Z","I_R01_2025-03-30","R2","2025-03-30T20:00:40.528Z","GR86-029-014",0,3,118205,
"kafka:gr-raw","2025-03-30T19:58:44.272Z","I_R01_2025-03-30","R2","2025-03-30T19:58:42.311Z","GR86-029-014",0,2,155611,
"kafka:gr-raw","2025-03-30T19:56:07.506Z","I_R01_2025-03-30","R2","2025-03-30T19:56:06.695Z","GR86-029-014",0,1,153464,
"kafka:gr-raw","2025-03-30T20:39:49.139Z","I_R01_2025-03-30","R2","2025-03-30T20:39:48.276Z","GR86-032-015",0,22,114573,
"kafka:gr-raw","2025-03-30T20:37:55.427Z","I_R01_2025-03-30","R2","2025-03-30T20:37:53.713Z","GR86-032-015",0,21,113808,
"kafka:gr-raw","2025-03-30T20:36:00.084Z","I_R01_2025-03-30","R2","2025-03-30T20:35:59.894Z","GR86-032-015",0,20,116200,
"kafka:gr-raw","2025-03-30T20:34:05.369Z","I_R01_2025-03-30","R2","2025-03-30T20:34:03.694Z","GR86-032-015",0,19,114611,
"kafka:gr-raw","2025-03-30T20:32:10.591Z","I_R01_2025-03-30","R2","2025-03-30T20:32:09.080Z","GR86-032-015",0,18,114833,
"kafka:gr-raw","2025-03-30T20:30:17.318Z","I_R01_2025-03-30","R2","2025-03-30T20:30:14.241Z","GR86-032-015",0,17,44,
"kafka:gr-raw","2025-03-30T20:30:17.318Z","I_R01_2025-03-30","R2","2025-03-30T20:30:14.197Z","GR86-032-015",0,18,0,
"kafka:gr-raw","2025-03-30T20:30:17.318Z","I_R01_2025-03-30","R2","2025-03-30T20:30:14.193Z","GR86-032-015",0,17,116289,
"kafka:gr-raw","2025-03-30T20:28:18.635Z","I_R01_2025-03-30","R2","2025-03-30T20:28:17.904Z","GR86-032-015",0,16,116333,
"kafka:gr-raw","2025-03-30T20:26:23.187Z","I_R01_2025-03-30","R2","2025-03-30T20:26:21.568Z","GR86-032-015",0,15,138489,
"kafka:gr-raw","2025-03-30T20:24:17.235Z","I_R01_2025-03-30","R2","2025-03-30T20:24:03.141Z","GR86-032-015",0,14,0,
"kafka:gr-raw","2025-03-30T20:24:17.235Z","I_R01_2025-03-30","R2","2025-03-30T20:24:03.125Z","GR86-032-015",0,15,0,
"kafka:gr-raw","2025-03-30T20:24:17.235Z","I_R01_2025-03-30","R2","2025-03-30T20:24:03.119Z","GR86-032-015",0,14,163468,
"kafka:gr-raw","2025-03-30T20:21:20.421Z","I_R01_2025-03-30","R2","2025-03-30T20:21:19.601Z","GR86-032-015",0,13,138173,
"kafka:gr-raw","2025-03-30T20:19:01.948Z","I_R01_2025-03-30","R2","2025-03-30T20:19:01.431Z","GR86-032-015",0,12,115025,
"kafka:gr-raw","2025-03-30T20:17:07.612Z","I_R01_2025-03-30","R2","2025-03-30T20:17:06.402Z","GR86-032-015",0,11,115597,
"kafka:gr-raw","2025-03-30T20:15:13.656Z","I_R01_2025-03-30","R2","2025-03-30T20:15:10.800Z","GR86-032-015",0,10,117690,
"kafka:gr-raw","2025-03-30T20:13:14.202Z","I_R01_2025-03-30","R2","2025-03-30T20:13:13.115Z","GR86-032-015",0,9,141203,
"kafka:gr-raw","2025-03-30T20:10:53.038Z","I_R01_2025-03-30","R2","2025-03-30T20:10:51.906Z","GR86-032-015",0,8,145086,
"kafka:gr-raw","2025-03-30T20:08:28.826Z","I_R01_2025-03-30","R2","2025-03-30T20:08:26.824Z","GR86-032-015",0,7,115115,
"kafka:gr-raw","2025-03-30T20:06:33.912Z","I_R01_2025-03-30","R2","2025-03-30T20:06:31.695Z","GR86-032-015",0,6,116306,
"kafka:gr-raw","2025-03-30T20:04:37.029Z","I_R01_2025-03-30","R2","2025-03-30T20:04:35.390Z","GR86-032-015",0,5,116005,
"kafka:gr-raw","2025-03-30T20:02:39.845Z","I_R01_2025-03-30","R2","2025-03-30T20:02:39.476Z","GR86-032-015",0,4,117177,
"kafka:gr-raw","2025-03-30T20:00:43.429Z","I_R01_2025-03-30","R2","2025-03-30T20:00:42.203Z","GR86-032-015",0,3,120496,
"kafka:gr-raw","2025-03-30T19:58:44.240Z","I_R01_2025-03-30","R2","2025-03-30T19:58:41.710Z","GR86-032-015",0,2,155871,
"kafka:gr-raw","2025-03-30T19:56:07.534Z","I_R01_2025-03-30","R2","2025-03-30T19:56:05.914Z","GR86-032-015",0,1,45,
"kafka:gr-raw","2025-03-30T19:56:06.101Z","I_R01_2025-03-30","R2","2025-03-30T19:56:05.786Z","GR86-032-015",0,2,0,
"kafka:gr-raw","2025-03-30T19:56:06.101Z","I_R01_2025-03-30","R2","2025-03-30T19:56:05.784Z","GR86-032-015",0,1,153376,
"kafka:gr-raw","2025-03-30T20:31:40.378Z","I_R01_2025-03-30","R2","2025-03-30T20:31:39.523Z","GR86-033-046",0,0,313,
"kafka:gr-raw","2025-03-30T20:31:40.376Z","I_R01_2025-03-30","R2","2025-03-30T20:31:39.233Z","GR86-033-046",0,32768,81384,
"kafka:gr-raw","2025-03-30T20:30:18.670Z","I_R01_2025-03-30","R2","2025-03-30T20:30:17.827Z","GR86-033-046",0,7,482731,
"kafka:gr-raw","2025-03-30T20:06:19.668Z","I_R01_2025-03-30","R2","2025-03-30T20:06:18.633Z","GR86-033-046",0,6,114619,
"kafka:gr-raw","2025-03-30T20:04:24.484Z","I_R01_2025-03-30","R2","2025-03-30T20:04:24.005Z","GR86-033-046",0,5,114400,
"kafka:gr-raw","2025-03-30T20:02:29.879Z","I_R01_2025-03-30","R2","2025-03-30T20:02:29.601Z","GR86-033-046",0,4,114489,
"kafka:gr-raw","2025-03-30T20:00:36.504Z","I_R01_2025-03-30","R2","2025-03-30T20:00:35.115Z","GR86-033-046",0,3,117021,
"kafka:gr-raw","2025-03-30T19:58:38.380Z","I_R01_2025-03-30","R2","2025-03-30T19:58:38.083Z","GR86-033-046",0,2,162833,
"kafka:gr-raw","2025-03-30T19:55:59.965Z","I_R01_2025-03-30","R2","2025-03-30T19:55:55.256Z","GR86-033-046",0,1,163522,
"kafka:gr-raw","2025-03-30T20:38:05.400Z","I_R01_2025-03-30","R2","2025-03-30T20:38:04.643Z","GR86-035-011",0,21,114874,
"kafka:gr-raw","2025-03-30T20:36:19.093Z","I_R01_2025-03-30","R2","2025-03-30T20:36:09.721Z","GR86-035-011",0,20,115234,
"kafka:gr-raw","2025-03-30T20:34:18.034Z","I_R01_2025-03-30","R2","2025-03-30T20:34:14.483Z","GR86-035-011",0,19,115369,
"kafka:gr-raw","2025-03-30T20:32:19.900Z","I_R01_2025-03-30","R2","2025-03-30T20:32:19.118Z","GR86-035-011",0,18,117406,
"kafka:gr-raw","2025-03-30T20:30:24.185Z","I_R01_2025-03-30","R2","2025-03-30T20:30:21.747Z","GR86-035-011",0,17,118307,
"kafka:gr-raw","2025-03-30T20:28:24.271Z","I_R01_2025-03-30","R2","2025-03-30T20:28:23.392Z","GR86-035-011",0,16,116363,
"kafka:gr-raw","2025-03-30T20:26:28.601Z","I_R01_2025-03-30","R2","2025-03-30T20:26:27.031Z","GR86-035-011",0,15,134721,
"kafka:gr-raw","2025-03-30T20:24:19.945Z","I_R01_2025-03-30","R2","2025-03-30T20:24:12.400Z","GR86-035-011",0,14,165300,
"kafka:gr-raw","2025-03-30T20:21:32.304Z","I_R01_2025-03-30","R2","2025-03-30T20:21:27.003Z","GR86-035-011",0,13,136859,
"kafka:gr-raw","2025-03-30T20:19:10.483Z","I_R01_2025-03-30","R2","2025-03-30T20:19:10.142Z","GR86-035-011",0,12,116850,
"kafka:gr-raw","2025-03-30T20:17:14.316Z","I_R01_2025-03-30","R2","2025-03-30T20:17:13.294Z","GR86-035-011",0,11,118704,
"kafka:gr-raw","2025-03-30T20:15:19.068Z","I_R01_2025-03-30","R2","2025-03-30T20:15:14.586Z","GR86-035-011",0,10,118746,
"kafka:gr-raw","2025-03-30T20:13:16.056Z","I_R01_2025-03-30","R2","2025-03-30T20:13:15.835Z","GR86-035-011",0,9,140240,
"kafka:gr-raw","2025-03-30T20:10:57.350Z","I_R01_2025-03-30","R2","2025-03-30T20:10:55.590Z","GR86-035-011",0,8,140580,
"kafka:gr-raw","2025-03-30T20:08:38.572Z","I_R01_2025-03-30","R2","2025-03-30T20:08:35.013Z","GR86-035-011",0,7,116537,
"kafka:gr-raw","2025-03-30T20:06:40.100Z","I_R01_2025-03-30","R2","2025-03-30T20:06:38.520Z","GR86-035-011",0,6,44,
"kafka:gr-raw","2025-03-30T20:06:40.100Z","I_R01_2025-03-30","R2","2025-03-30T20:06:38.429Z","GR86-035-011",0,7,0,
"kafka:gr-raw","2025-03-30T20:06:40.100Z","I_R01_2025-03-30","R2","2025-03-30T20:06:38.426Z","GR86-035-011",0,6,120720,
"kafka:gr-raw","2025-03-30T20:04:44.650Z","I_R01_2025-03-30","R2","2025-03-30T20:04:37.714Z","GR86-035-011",0,5,117314,
"kafka:gr-raw","2025-03-30T20:02:45.915Z","I_R01_2025-03-30","R2","2025-03-30T20:02:40.399Z","GR86-035-011",0,4,117000,
"kafka:gr-raw","2025-03-30T20:00:45.638Z","I_R01_2025-03-30","R2","2025-03-30T20:00:43.393Z","GR86-035-011",0,3,120277,
"kafka:gr-raw","2025-03-30T19:58:44.243Z","I_R01_2025-03-30","R2","2025-03-30T19:58:43.113Z","GR86-035-011",0,2,155800,
"kafka:gr-raw","2025-03-30T19:56:07.622Z","I_R01_2025-03-30","R2","2025-03-30T19:56:07.347Z","GR86-035-011",0,1,152390,
"kafka:gr-raw","2025-03-30T20:39:49.133Z","I_R01_2025-03-30","R2","2025-03-30T20:39:46.774Z","GR86-036-098",0,21,113750,
"kafka:gr-raw","2025-03-30T20:37:53.738Z","I_R01_2025-03-30","R2","2025-03-30T20:37:53.024Z","GR86-036-098",0,20,113656,
"kafka:gr-raw","2025-03-30T20:35:59.818Z","I_R01_2025-03-30","R2","2025-03-30T20:35:59.371Z","GR86-036-098",0,19,115915,
"kafka:gr-raw","2025-03-30T20:34:05.121Z","I_R01_2025-03-30","R2","2025-03-30T20:34:03.451Z","GR86-036-098",0,18,114668,
"kafka:gr-raw","2025-03-30T20:32:10.499Z","I_R01_2025-03-30","R2","2025-03-30T20:32:08.791Z","GR86-036-098",0,17,115198,
"kafka:gr-raw","2025-03-30T20:30:17.135Z","I_R01_2025-03-30","R2","2025-03-30T20:30:13.584Z","GR86-036-098",0,16,114595,
"kafka:gr-raw","2025-03-30T20:28:20.995Z","I_R01_2025-03-30","R2","2025-03-30T20:28:18.981Z","GR86-036-098",0,15,120583,
"kafka:gr-raw","2025-03-30T20:26:18.883Z","I_R01_2025-03-30","R2","2025-03-30T20:26:18.396Z","GR86-036-098",0,14,139911,
"kafka:gr-raw","2025-03-30T20:24:17.224Z","I_R01_2025-03-30","R2","2025-03-30T20:23:58.489Z","GR86-036-098",0,13,163600,
"kafka:gr-raw","2025-03-30T20:21:16.041Z","I_R01_2025-03-30","R2","2025-03-30T20:21:14.884Z","GR86-036-098",0,12,141389,
"kafka:gr-raw","2025-03-30T20:18:54.920Z","I_R01_2025-03-30","R2","2025-03-30T20:18:53.481Z","GR86-036-098",0,11,115601,
"kafka:gr-raw","2025-03-30T20:16:58.408Z","I_R01_2025-03-30","R2","2025-03-30T20:16:57.882Z","GR86-036-098",0,10,115383,
"kafka:gr-raw","2025-03-30T20:15:05.637Z","I_R01_2025-03-30","R2","2025-03-30T20:15:02.504Z","GR86-036-098",0,9,114131,
"kafka:gr-raw","2025-03-30T20:13:12.310Z","I_R01_2025-03-30","R2","2025-03-30T20:13:08.410Z","GR86-036-098",0,8,46,
"kafka:gr-raw","2025-03-30T20:13:12.309Z","I_R01_2025-03-30","R2","2025-03-30T20:13:08.402Z","GR86-036-098",0,9,0,
"kafka:gr-raw","2025-03-30T20:13:12.309Z","I_R01_2025-03-30","R2","2025-03-30T20:13:08.398Z","GR86-036-098",0,8,143624,
"kafka:gr-raw","2025-03-30T20:10:45.840Z","I_R01_2025-03-30","R2","2025-03-30T20:10:44.689Z","GR86-036-098",0,7,149187,
"kafka:gr-raw","2025-03-30T20:08:15.985Z","I_R01_2025-03-30","R2","2025-03-30T20:08:15.496Z","GR86-036-098",0,6,115957,
"kafka:gr-raw","2025-03-30T20:06:19.810Z","I_R01_2025-03-30","R2","2025-03-30T20:06:19.536Z","GR86-036-098",0,5,44,
"kafka:gr-raw","2025-03-30T20:06:19.806Z","I_R01_2025-03-30","R2","2025-03-30T20:06:19.506Z","GR86-036-098",0,6,0,
"kafka:gr-raw","2025-03-30T20:06:19.770Z","I_R01_2025-03-30","R2","2025-03-30T20:06:19.504Z","GR86-036-098",0,5,114047,
"kafka:gr-raw","2025-03-30T20:04:26.289Z","I_R01_2025-03-30","R2","2025-03-30T20:04:25.541Z","GR86-036-098",0,4,114531,
"kafka:gr-raw","2025-03-30T20:02:32.878Z","I_R01_2025-03-30","R2","2025-03-30T20:02:30.922Z","GR86-036-098",0,3,115927,
"kafka:gr-raw","2025-03-30T20:00:36.595Z","I_R01_2025-03-30","R2","2025-03-30T20:00:34.992Z","GR86-036-098",0,2,118895,
"kafka:gr-raw","2025-03-30T19:58:36.438Z","I_R01_2025-03-30","R2","2025-03-30T19:58:36.088Z","GR86-036-098",0,1,165732,
"kafka:gr-raw","2025-03-30T19:55:51.035Z","I_R01_2025-03-30","R2","2025-03-30T19:55:50.350Z","GR86-036-098",0,32768,332273,
"kafka:gr-raw","2025-03-30T20:38:07.245Z","I_R01_2025-03-30","R2","2025-03-30T20:38:06.484Z","GR86-037-003",0,20,115311,
"kafka:gr-raw","2025-03-30T20:36:18.504Z","I_R01_2025-03-30","R2","2025-03-30T20:36:11.172Z","GR86-037-003",0,19,115900,
"kafka:gr-raw","2025-03-30T20:34:16.103Z","I_R01_2025-03-30","R2","2025-03-30T20:34:15.272Z","GR86-037-003",0,18,115574,
"kafka:gr-raw","2025-03-30T20:32:25.256Z","I_R01_2025-03-30","R2","2025-03-30T20:32:19.702Z","GR86-037-003",0,17,118116,
"kafka:gr-raw","2025-03-30T20:30:24.148Z","I_R01_2025-03-30","R2","2025-03-30T20:30:21.638Z","GR86-037-003",0,16,118395,
"kafka:gr-raw","2025-03-30T20:28:24.002Z","I_R01_2025-03-30","R2","2025-03-30T20:28:23.180Z","GR86-037-003",0,15,116711,
"kafka:gr-raw","2025-03-30T20:26:27.083Z","I_R01_2025-03-30","R2","2025-03-30T20:26:26.471Z","GR86-037-003",0,14,135569,
"kafka:gr-raw","2025-03-30T20:24:17.755Z","I_R01_2025-03-30","R2","2025-03-30T20:24:10.899Z","GR86-037-003",0,13,164599,
"kafka:gr-raw","2025-03-30T20:21:30.353Z","I_R01_2025-03-30","R2","2025-03-30T20:21:26.297Z","GR86-037-003",0,12,136557,
"kafka:gr-raw","2025-03-30T20:19:10.415Z","I_R01_2025-03-30","R2","2025-03-30T20:19:09.741Z","GR86-037-003",0,11,43,
"kafka:gr-raw","2025-03-30T20:19:10.414Z","I_R01_2025-03-30","R2","2025-03-30T20:19:09.699Z","GR86-037-003",0,12,0,
"kafka:gr-raw","2025-03-30T20:19:10.414Z","I_R01_2025-03-30","R2","2025-03-30T20:19:09.696Z","GR86-037-003",0,11,115710,
"kafka:gr-raw","2025-03-30T20:17:14.306Z","I_R01_2025-03-30","R2","2025-03-30T20:17:13.998Z","GR86-037-003",0,10,116600,
"kafka:gr-raw","2025-03-30T20:15:19.169Z","I_R01_2025-03-30","R2","2025-03-30T20:15:17.383Z","GR86-037-003",0,9,119070,
"kafka:gr-raw","2025-03-30T20:13:19.444Z","I_R01_2025-03-30","R2","2025-03-30T20:13:18.327Z","GR86-037-003",0,8,138416,
"kafka:gr-raw","2025-03-30T20:11:00.671Z","I_R01_2025-03-30","R2","2025-03-30T20:10:59.892Z","GR86-037-003",0,7,122010,
"kafka:gr-raw","2025-03-30T20:08:58.232Z","I_R01_2025-03-30","R2","2025-03-30T20:08:57.888Z","GR86-037-003",0,6,116179,
"kafka:gr-raw","2025-03-30T20:07:06.389Z","I_R01_2025-03-30","R2","2025-03-30T20:07:01.702Z","GR86-037-003",0,5,116622,
"kafka:gr-raw","2025-03-30T20:05:06.268Z","I_R01_2025-03-30","R2","2025-03-30T20:05:05.080Z","GR86-037-003",0,4,116172,
"kafka:gr-raw","2025-03-30T20:03:09.852Z","I_R01_2025-03-30","R2","2025-03-30T20:03:08.907Z","GR86-037-003",0,3,116757,
"kafka:gr-raw","2025-03-30T20:01:16.891Z","I_R01_2025-03-30","R2","2025-03-30T20:01:12.156Z","GR86-037-003",0,2,43,
"kafka:gr-raw","2025-03-30T20:01:16.891Z","I_R01_2025-03-30","R2","2025-03-30T20:01:12.153Z","GR86-037-003",0,3,0,
"kafka:gr-raw","2025-03-30T20:01:16.890Z","I_R01_2025-03-30","R2","2025-03-30T20:01:12.147Z","GR86-037-003",0,2,128116,
"kafka:gr-raw","2025-03-30T19:59:05.719Z","I_R01_2025-03-30","R2","2025-03-30T19:59:03.978Z","GR86-037-003",0,1,184904,
"kafka:gr-raw","2025-03-30T19:56:00.115Z","I_R01_2025-03-30","R2","2025-03-30T19:55:59.082Z","GR86-037-003",0,32768,2711331,
"kafka:gr-raw","2025-03-30T20:39:56.703Z","I_R01_2025-03-30","R2","2025-03-30T20:39:56.455Z","GR86-038-093",0,22,117394,
"kafka:gr-raw","2025-03-30T20:37:59.639Z","I_R01_2025-03-30","R2","2025-03-30T20:37:59.019Z","GR86-038-093",0,21,114601,
"kafka:gr-raw","2025-03-30T20:36:18.338Z","I_R01_2025-03-30","R2","2025-03-30T20:36:04.419Z","GR86-038-093",0,20,114789,
"kafka:gr-raw","2025-03-30T20:34:11.469Z","I_R01_2025-03-30","R2","2025-03-30T20:34:09.629Z","GR86-038-093",0,19,114728,
"kafka:gr-raw","2025-03-30T20:32:15.247Z","I_R01_2025-03-30","R2","2025-03-30T20:32:14.879Z","GR86-038-093",0,18,115253,
"kafka:gr-raw","2025-03-30T20:30:23.885Z","I_R01_2025-03-30","R2","2025-03-30T20:30:19.638Z","GR86-038-093",0,17,117137,
"kafka:gr-raw","2025-03-30T20:28:24.066Z","I_R01_2025-03-30","R2","2025-03-30T20:28:22.491Z","GR86-038-093",0,16,116497,
"kafka:gr-raw","2025-03-30T20:26:28.408Z","I_R01_2025-03-30","R2","2025-03-30T20:26:25.989Z","GR86-038-093",0,15,136581,
"kafka:gr-raw","2025-03-30T20:24:19.731Z","I_R01_2025-03-30","R2","2025-03-30T20:24:09.401Z","GR86-038-093",0,14,164119,
"kafka:gr-raw","2025-03-30T20:21:30.394Z","I_R01_2025-03-30","R2","2025-03-30T20:21:25.287Z","GR86-038-093",0,13,137056,
"kafka:gr-raw","2025-03-30T20:19:10.309Z","I_R01_2025-03-30","R2","2025-03-30T20:19:08.224Z","GR86-038-093",0,12,115201,
"kafka:gr-raw","2025-03-30T20:17:14.137Z","I_R01_2025-03-30","R2","2025-03-30T20:17:13.024Z","GR86-038-093",0,11,116609,
"kafka:gr-raw","2025-03-30T20:15:19.227Z","I_R01_2025-03-30","R2","2025-03-30T20:15:16.410Z","GR86-038-093",0,10,119696,
"kafka:gr-raw","2025-03-30T20:13:17.576Z","I_R01_2025-03-30","R2","2025-03-30T20:13:16.702Z","GR86-038-093",0,9,139134,
"kafka:gr-raw","2025-03-30T20:10:59.384Z","I_R01_2025-03-30","R2","2025-03-30T20:10:57.578Z","GR86-038-093",0,8,137466,
"kafka:gr-raw","2025-03-30T20:08:46.484Z","I_R01_2025-03-30","R2","2025-03-30T20:08:40.101Z","GR86-038-093",0,7,116190,
"kafka:gr-raw","2025-03-30T20:06:46.991Z","I_R01_2025-03-30","R2","2025-03-30T20:06:43.911Z","GR86-038-093",0,6,117273,
"kafka:gr-raw","2025-03-30T20:04:48.318Z","I_R01_2025-03-30","R2","2025-03-30T20:04:46.636Z","GR86-038-093",0,5,119800,
"kafka:gr-raw","2025-03-30T20:02:51.572Z","I_R01_2025-03-30","R2","2025-03-30T20:02:46.833Z","GR86-038-093",0,4,119431,
"kafka:gr-raw","2025-03-30T20:00:47.780Z","I_R01_2025-03-30","R2","2025-03-30T20:00:47.401Z","GR86-038-093",0,3,120689,
"kafka:gr-raw","2025-03-30T19:58:48.228Z","I_R01_2025-03-30","R2","2025-03-30T19:58:46.710Z","GR86-038-093",0,2,153690,
"kafka:gr-raw","2025-03-30T19:56:13.457Z","I_R01_2025-03-30","R2","2025-03-30T19:56:13.011Z","GR86-038-093",0,1,152196,
"kafka:gr-raw","2025-03-30T20:38:12.761Z","I_R01_2025-03-30","R2","2025-03-30T20:38:07.493Z","GR86-040-003",0,21,115288,
"kafka:gr-raw","2025-03-30T20:36:19.075Z","I_R01_2025-03-30","R2","2025-03-30T20:36:12.206Z","GR86-040-003",0,20,115779,
"kafka:gr-raw","2025-03-30T20:34:18.191Z","I_R01_2025-03-30","R2","2025-03-30T20:34:16.419Z","GR86-040-003",0,19,115110,
"kafka:gr-raw","2025-03-30T20:32:25.016Z","I_R01_2025-03-30","R2","2025-03-30T20:32:21.302Z","GR86-040-003",0,18,120489,
"kafka:gr-raw","2025-03-30T20:30:23.978Z","I_R01_2025-03-30","R2","2025-03-30T20:30:20.817Z","GR86-040-003",0,17,119780,
"kafka:gr-raw","2025-03-30T20:28:22.487Z","I_R01_2025-03-30","R2","2025-03-30T20:28:21.031Z","GR86-040-003",0,16,115820,
"kafka:gr-raw","2025-03-30T20:26:28.502Z","I_R01_2025-03-30","R2","2025-03-30T20:26:25.256Z","GR86-040-003",0,15,136711,
"kafka:gr-raw","2025-03-30T20:24:19.468Z","I_R01_2025-03-30","R2","2025-03-30T20:24:08.500Z","GR86-040-003",0,14,164090,
"kafka:gr-raw","2025-03-30T20:21:25.352Z","I_R01_2025-03-30","R2","2025-03-30T20:21:24.403Z","GR86-040-003",0,13,137020,
"kafka:gr-raw","2025-03-30T20:19:10.364Z","I_R01_2025-03-30","R2","2025-03-30T20:19:07.383Z","GR86-040-003",0,12,116090,
"kafka:gr-raw","2025-03-30T20:17:12.368Z","I_R01_2025-03-30","R2","2025-03-30T20:17:11.290Z","GR86-040-003",0,11,116977,
"kafka:gr-raw","2025-03-30T20:15:19.079Z","I_R01_2025-03-30","R2","2025-03-30T20:15:14.310Z","GR86-040-003",0,10,119601,
"kafka:gr-raw","2025-03-30T20:13:15.778Z","I_R01_2025-03-30","R2","2025-03-30T20:13:14.705Z","GR86-040-003",0,9,140888,
"kafka:gr-raw","2025-03-30T20:10:55.481Z","I_R01_2025-03-30","R2","2025-03-30T20:10:53.819Z","GR86-040-003",0,8,142890,
"kafka:gr-raw","2025-03-30T20:08:31.644Z","I_R01_2025-03-30","R2","2025-03-30T20:08:30.926Z","GR86-040-003",0,7,115729,
"kafka:gr-raw","2025-03-30T20:06:36.007Z","I_R01_2025-03-30","R2","2025-03-30T20:06:35.199Z","GR86-040-003",0,6,117865,
"kafka:gr-raw","2025-03-30T20:04:44.763Z","I_R01_2025-03-30","R2","2025-03-30T20:04:37.327Z","GR86-040-003",0,5,119600,
"kafka:gr-raw","2025-03-30T20:02:39.705Z","I_R01_2025-03-30","R2","2025-03-30T20:02:37.730Z","GR86-040-003",0,4,117116,
"kafka:gr-raw","2025-03-30T20:00:43.202Z","I_R01_2025-03-30","R2","2025-03-30T20:00:40.608Z","GR86-040-003",0,3,119917,
"kafka:gr-raw","2025-03-30T19:58:42.167Z","I_R01_2025-03-30","R2","2025-03-30T19:58:40.688Z","GR86-040-003",0,2,160495,
"kafka:gr-raw","2025-03-30T19:56:02.043Z","I_R01_2025-03-30","R2","2025-03-30T19:56:00.186Z","GR86-040-003",0,1,153956,
"kafka:gr-raw","2025-03-30T20:37:57.818Z","I_R01_2025-03-30","R2","2025-03-30T20:37:56.814Z","GR86-041-073",0,21,114389,
"kafka:gr-raw","2025-03-30T20:36:18.287Z","I_R01_2025-03-30","R2","2025-03-30T20:36:02.416Z","GR86-041-073",0,20,114390,
"kafka:gr-raw","2025-03-30T20:34:11.415Z","I_R01_2025-03-30","R2","2025-03-30T20:34:08.040Z","GR86-041-073",0,19,114511,
"kafka:gr-raw","2025-03-30T20:32:15.099Z","I_R01_2025-03-30","R2","2025-03-30T20:32:13.512Z","GR86-041-073",0,18,115930,
"kafka:gr-raw","2025-03-30T20:30:18.610Z","I_R01_2025-03-30","R2","2025-03-30T20:30:17.580Z","GR86-041-073",0,17,116969,
"kafka:gr-raw","2025-03-30T20:28:21.199Z","I_R01_2025-03-30","R2","2025-03-30T20:28:20.624Z","GR86-041-073",0,16,116624,
"kafka:gr-raw","2025-03-30T20:26:25.053Z","I_R01_2025-03-30","R2","2025-03-30T20:26:23.982Z","GR86-041-073",0,15,136300,
"kafka:gr-raw","2025-03-30T20:24:18.186Z","I_R01_2025-03-30","R2","2025-03-30T20:24:07.682Z","GR86-041-073",0,14,164463,
"kafka:gr-raw","2025-03-30T20:21:23.719Z","I_R01_2025-03-30","R2","2025-03-30T20:21:23.215Z","GR86-041-073",0,13,137149,
"kafka:gr-raw","2025-03-30T20:19:07.000Z","I_R01_2025-03-30","R2","2025-03-30T20:19:06.071Z","GR86-041-073",0,12,44,
"kafka:gr-raw","2025-03-30T20:19:07.000Z","I_R01_2025-03-30","R2","2025-03-30T20:19:06.022Z","GR86-041-073",0,13,0,
"kafka:gr-raw","2025-03-30T20:19:07.000Z","I_R01_2025-03-30","R2","2025-03-30T20:19:06.020Z","GR86-041-073",0,12,116166,
"kafka:gr-raw","2025-03-30T20:17:12.309Z","I_R01_2025-03-30","R2","2025-03-30T20:17:09.851Z","GR86-041-073",0,11,116034,
"kafka:gr-raw","2025-03-30T20:15:18.984Z","I_R01_2025-03-30","R2","2025-03-30T20:15:13.814Z","GR86-041-073",0,10,119486,
"kafka:gr-raw","2025-03-30T20:13:15.898Z","I_R01_2025-03-30","R2","2025-03-30T20:13:14.329Z","GR86-041-073",0,9,141703,
"kafka:gr-raw","2025-03-30T20:10:53.307Z","I_R01_2025-03-30","R2","2025-03-30T20:10:52.636Z","GR86-041-073",0,8,144922,
"kafka:gr-raw","2025-03-30T20:08:28.642Z","I_R01_2025-03-30","R2","2025-03-30T20:08:27.701Z","GR86-041-073",0,7,116099,
"kafka:gr-raw","2025-03-30T20:06:31.868Z","I_R01_2025-03-30","R2","2025-03-30T20:06:31.595Z","GR86-041-073",0,6,116690,
"kafka:gr-raw","2025-03-30T20:04:37.089Z","I_R01_2025-03-30","R2","2025-03-30T20:04:34.906Z","GR86-041-073",0,5,116846,
"kafka:gr-raw","2025-03-30T20:02:39.882Z","I_R01_2025-03-30","R2","2025-03-30T20:02:38.071Z","GR86-041-073",0,4,44,
"kafka:gr-raw","2025-03-30T20:02:39.881Z","I_R01_2025-03-30","R2","2025-03-30T20:02:38.013Z","GR86-041-073",0,5,0,
"kafka:gr-raw","2025-03-30T20:02:39.881Z","I_R01_2025-03-30","R2","2025-03-30T20:02:38.011Z","GR86-041-073",0,4,117311,
"kafka:gr-raw","2025-03-30T20:00:43.342Z","I_R01_2025-03-30","R2","2025-03-30T20:00:40.705Z","GR86-041-073",0,3,119589,
"kafka:gr-raw","2025-03-30T19:58:42.249Z","I_R01_2025-03-30","R2","2025-03-30T19:58:41.115Z","GR86-041-073",0,2,158545,
"kafka:gr-raw","2025-03-30T19:56:03.777Z","I_R01_2025-03-30","R2","2025-03-30T19:56:02.606Z","GR86-041-073",0,1,43,
"kafka:gr-raw","2025-03-30T19:56:03.777Z","I_R01_2025-03-30","R2","2025-03-30T19:56:02.528Z","GR86-041-073",0,2,0,
"kafka:gr-raw","2025-03-30T19:56:03.777Z","I_R01_2025-03-30","R2","2025-03-30T19:56:02.526Z","GR86-041-073",0,1,153091,
"kafka:gr-raw","2025-03-30T20:39:52.428Z","I_R01_2025-03-30","R2","2025-03-30T20:39:49.179Z","GR86-047-021",0,22,115110,
"kafka:gr-raw","2025-03-30T20:37:55.435Z","I_R01_2025-03-30","R2","2025-03-30T20:37:54.066Z","GR86-047-021",0,21,113703,
"kafka:gr-raw","2025-03-30T20:36:00.578Z","I_R01_2025-03-30","R2","2025-03-30T20:36:00.356Z","GR86-047-021",0,20,116448,
"kafka:gr-raw","2025-03-30T20:34:05.373Z","I_R01_2025-03-30","R2","2025-03-30T20:34:03.912Z","GR86-047-021",0,19,114251,
"kafka:gr-raw","2025-03-30T20:32:10.683Z","I_R01_2025-03-30","R2","2025-03-30T20:32:09.651Z","GR86-047-021",0,18,114563,
"kafka:gr-raw","2025-03-30T20:30:17.579Z","I_R01_2025-03-30","R2","2025-03-30T20:30:15.089Z","GR86-047-021",0,17,115402,
"kafka:gr-raw","2025-03-30T20:28:21.100Z","I_R01_2025-03-30","R2","2025-03-30T20:28:19.690Z","GR86-047-021",0,16,116400,
"kafka:gr-raw","2025-03-30T20:26:24.988Z","I_R01_2025-03-30","R2","2025-03-30T20:26:23.292Z","GR86-047-021",0,15,137156,
"kafka:gr-raw","2025-03-30T20:24:17.921Z","I_R01_2025-03-30","R2","2025-03-30T20:24:06.120Z","GR86-047-021",0,14,164036,
"kafka:gr-raw","2025-03-30T20:21:22.450Z","I_R01_2025-03-30","R2","2025-03-30T20:21:22.084Z","GR86-047-021",0,13,136512,
"kafka:gr-raw","2025-03-30T20:19:06.902Z","I_R01_2025-03-30","R2","2025-03-30T20:19:05.611Z","GR86-047-021",0,12,116159,
"kafka:gr-raw","2025-03-30T20:17:12.266Z","I_R01_2025-03-30","R2","2025-03-30T20:17:09.418Z","GR86-047-021",0,11,116000,
"kafka:gr-raw","2025-03-30T20:15:18.853Z","I_R01_2025-03-30","R2","2025-03-30T20:15:13.403Z","GR86-047-021",0,10,120800,
"kafka:gr-raw","2025-03-30T20:13:14.207Z","I_R01_2025-03-30","R2","2025-03-30T20:13:12.605Z","GR86-047-021",0,9,141625,
"kafka:gr-raw","2025-03-30T20:10:53.447Z","I_R01_2025-03-30","R2","2025-03-30T20:10:50.974Z","GR86-047-021",0,8,145007,
"kafka:gr-raw","2025-03-30T20:08:26.723Z","I_R01_2025-03-30","R2","2025-03-30T20:08:25.984Z","GR86-047-021",0,7,115569,
"kafka:gr-raw","2025-03-30T20:06:31.238Z","I_R01_2025-03-30","R2","2025-03-30T20:06:30.404Z","GR86-047-021",0,6,117909,
"kafka:gr-raw","2025-03-30T20:04:32.871Z","I_R01_2025-03-30","R2","2025-03-30T20:04:32.484Z","GR86-047-021",0,5,117089,
"kafka:gr-raw","2025-03-30T20:02:37.479Z","I_R01_2025-03-30","R2","2025-03-30T20:02:35.393Z","GR86-047-021",0,4,119303,
"kafka:gr-raw","2025-03-30T20:00:36.628Z","I_R01_2025-03-30","R2","2025-03-30T20:00:36.093Z","GR86-047-021",0,3,117883,
"kafka:gr-raw","2025-03-30T19:58:40.627Z","I_R01_2025-03-30","R2","2025-03-30T19:58:38.202Z","GR86-047-021",0,2,162297,
"kafka:gr-raw","2025-03-30T19:55:59.869Z","I_R01_2025-03-30","R2","2025-03-30T19:55:56.015Z","GR86-047-021",0,1,163212,
"kafka:gr-raw","2025-03-30T20:38:33.235Z","I_R01_2025-03-30","R2","2025-03-30T20:38:31.380Z","GR86-049-088",0,21,113421,
"kafka:gr-raw","2025-03-30T20:36:39.505Z","I_R01_2025-03-30","R2","2025-03-30T20:36:37.961Z","GR86-049-088",0,20,113963,
"kafka:gr-raw","2025-03-30T20:34:44.205Z","I_R01_2025-03-30","R2","2025-03-30T20:34:44.002Z","GR86-049-088",0,19,114797,
"kafka:gr-raw","2025-03-30T20:32:51.680Z","I_R01_2025-03-30","R2","2025-03-30T20:32:49.200Z","GR86-049-088",0,18,156013,
"kafka:gr-raw","2025-03-30T20:30:17.241Z","I_R01_2025-03-30","R2","2025-03-30T20:30:13.181Z","GR86-049-088",0,17,114787,
"kafka:gr-raw","2025-03-30T20:28:18.691Z","I_R01_2025-03-30","R2","2025-03-30T20:28:18.393Z","GR86-049-088",0,16,116023,
"kafka:gr-raw","2025-03-30T20:26:23.146Z","I_R01_2025-03-30","R2","2025-03-30T20:26:22.372Z","GR86-049-088",0,15,138180,
"kafka:gr-raw","2025-03-30T20:24:17.585Z","I_R01_2025-03-30","R2","2025-03-30T20:24:04.189Z","GR86-049-088",0,14,163600,
"kafka:gr-raw","2025-03-30T20:21:22.221Z","I_R01_2025-03-30","R2","2025-03-30T20:21:20.582Z","GR86-049-088",0,13,137820,
"kafka:gr-raw","2025-03-30T20:19:03.934Z","I_R01_2025-03-30","R2","2025-03-30T20:19:02.764Z","GR86-049-088",0,12,113800,
"kafka:gr-raw","2025-03-30T20:17:12.058Z","I_R01_2025-03-30","R2","2025-03-30T20:17:08.965Z","GR86-049-088",0,11,115780,
"kafka:gr-raw","2025-03-30T20:15:13.878Z","I_R01_2025-03-30","R2","2025-03-30T20:15:13.189Z","GR86-049-088",0,10,123420,
"kafka:gr-raw","2025-03-30T20:13:12.427Z","I_R01_2025-03-30","R2","2025-03-30T20:13:09.759Z","GR86-049-088",0,9,142780,
"kafka:gr-raw","2025-03-30T20:10:47.345Z","I_R01_2025-03-30","R2","2025-03-30T20:10:46.979Z","GR86-049-088",0,8,146214,
"kafka:gr-raw","2025-03-30T20:08:22.707Z","I_R01_2025-03-30","R2","2025-03-30T20:08:20.761Z","GR86-049-088",0,7,114186,
"kafka:gr-raw","2025-03-30T20:06:27.432Z","I_R01_2025-03-30","R2","2025-03-30T20:06:26.599Z","GR86-049-088",0,6,115200,
"kafka:gr-raw","2025-03-30T20:04:32.780Z","I_R01_2025-03-30","R2","2025-03-30T20:04:31.366Z","GR86-049-088",0,5,117176,
"kafka:gr-raw","2025-03-30T20:02:37.167Z","I_R01_2025-03-30","R2","2025-03-30T20:02:34.191Z","GR86-049-088",0,4,115994,
"kafka:gr-raw","2025-03-30T20:00:38.465Z","I_R01_2025-03-30","R2","2025-03-30T20:00:38.193Z","GR86-049-088",0,3,118228,
"kafka:gr-raw","2025-03-30T19:58:40.576Z","I_R01_2025-03-30","R2","2025-03-30T19:58:39.964Z","GR86-049-088",0,2,160199,
"kafka:gr-raw","2025-03-30T19:56:00.137Z","I_R01_2025-03-30","R2","2025-03-30T19:55:59.766Z","GR86-049-088",0,1,160003,
"kafka:gr-raw","2025-03-30T20:39:40.214Z","I_R01_2025-03-30","R2","2025-03-30T20:39:38.965Z","GR86-050-050",0,22,113858,
"kafka:gr-raw","2025-03-30T20:37:50.957Z","I_R01_2025-03-30","R2","2025-03-30T20:37:45.068Z","GR86-050-050",0,21,113911,
"kafka:gr-raw","2025-03-30T20:35:51.657Z","I_R01_2025-03-30","R2","2025-03-30T20:35:51.153Z","GR86-050-050",0,20,113836,
"kafka:gr-raw","2025-03-30T20:33:59.149Z","I_R01_2025-03-30","R2","2025-03-30T20:33:57.317Z","GR86-050-050",0,19,114015,
"kafka:gr-raw","2025-03-30T20:32:04.901Z","I_R01_2025-03-30","R2","2025-03-30T20:32:03.304Z","GR86-050-050",0,18,113505,
"kafka:gr-raw","2025-03-30T20:30:10.763Z","I_R01_2025-03-30","R2","2025-03-30T20:30:09.784Z","GR86-050-050",0,17,116200,
"kafka:gr-raw","2025-03-30T20:28:15.563Z","I_R01_2025-03-30","R2","2025-03-30T20:28:13.582Z","GR86-050-050",0,16,115287,
"kafka:gr-raw","2025-03-30T20:26:18.652Z","I_R01_2025-03-30","R2","2025-03-30T20:26:18.292Z","GR86-050-050",0,15,140426,
"kafka:gr-raw","2025-03-30T20:24:17.101Z","I_R01_2025-03-30","R2","2025-03-30T20:23:57.866Z","GR86-050-050",0,14,163457,
"kafka:gr-raw","2025-03-30T20:21:15.980Z","I_R01_2025-03-30","R2","2025-03-30T20:21:14.431Z","GR86-050-050",0,13,44,
"kafka:gr-raw","2025-03-30T20:21:15.980Z","I_R01_2025-03-30","R2","2025-03-30T20:21:14.429Z","GR86-050-050",0,14,0,
"kafka:gr-raw","2025-03-30T20:21:15.980Z","I_R01_2025-03-30","R2","2025-03-30T20:21:14.426Z","GR86-050-050",0,13,142942,
"kafka:gr-raw","2025-03-30T20:18:52.620Z","I_R01_2025-03-30","R2","2025-03-30T20:18:51.419Z","GR86-050-050",0,12,114060,
"kafka:gr-raw","2025-03-30T20:16:58.430Z","I_R01_2025-03-30","R2","2025-03-30T20:16:57.352Z","GR86-050-050",0,11,44,
"kafka:gr-raw","2025-03-30T20:16:58.430Z","I_R01_2025-03-30","R2","2025-03-30T20:16:57.334Z","GR86-050-050",0,12,0,
"kafka:gr-raw","2025-03-30T20:16:58.430Z","I_R01_2025-03-30","R2","2025-03-30T20:16:57.332Z","GR86-050-050",0,11,114433,
"kafka:gr-raw","2025-03-30T20:15:05.322Z","I_R01_2025-03-30","R2","2025-03-30T20:15:02.870Z","GR86-050-050",0,10,114107,
"kafka:gr-raw","2025-03-30T20:13:12.362Z","I_R01_2025-03-30","R2","2025-03-30T20:13:08.772Z","GR86-050-050",0,9,143260,
"kafka:gr-raw","2025-03-30T20:10:45.709Z","I_R01_2025-03-30","R2","2025-03-30T20:10:45.500Z","GR86-050-050",0,8,146440,
"kafka:gr-raw","2025-03-30T20:08:20.477Z","I_R01_2025-03-30","R2","2025-03-30T20:08:19.059Z","GR86-050-050",0,7,115104,
"kafka:gr-raw","2025-03-30T20:06:25.241Z","I_R01_2025-03-30","R2","2025-03-30T20:06:23.952Z","GR86-050-050",0,6,114975,
"kafka:gr-raw","2025-03-30T20:04:30.466Z","I_R01_2025-03-30","R2","2025-03-30T20:04:28.989Z","GR86-050-050",0,5,115511,
"kafka:gr-raw","2025-03-30T20:02:37.188Z","I_R01_2025-03-30","R2","2025-03-30T20:02:33.461Z","GR86-050-050",0,4,115590,
"kafka:gr-raw","2025-03-30T20:00:38.255Z","I_R01_2025-03-30","R2","2025-03-30T20:00:37.877Z","GR86-050-050",0,3,119293,
"kafka:gr-raw","2025-03-30T19:58:40.525Z","I_R01_2025-03-30","R2","2025-03-30T19:58:38.574Z","GR86-050-050",0,2,161915,
"kafka:gr-raw","2025-03-30T19:55:59.917Z","I_R01_2025-03-30","R2","2025-03-30T19:55:56.664Z","GR86-050-050",0,1,88,
"kafka:gr-raw","2025-03-30T19:55:59.917Z","I_R01_2025-03-30","R2","2025-03-30T19:55:56.575Z","GR86-050-050",0,1,163588,
"kafka:gr-raw","2025-03-30T19:55:59.917Z","I_R01_2025-03-30","R2","2025-03-30T19:55:56.577Z","GR86-050-050",0,2,0,
"kafka:gr-raw","2025-03-30T20:39:33.032Z","I_R01_2025-03-30","R2","2025-03-30T20:39:32.536Z","GR86-051-071",0,22,113911,
"kafka:gr-raw","2025-03-30T20:37:38.765Z","I_R01_2025-03-30","R2","2025-03-30T20:37:38.581Z","GR86-051-071",0,21,113110,
"kafka:gr-raw","2025-03-30T20:35:46.337Z","I_R01_2025-03-30","R2","2025-03-30T20:35:45.466Z","GR86-051-071",0,20,113122,
"kafka:gr-raw","2025-03-30T20:33:53.748Z","I_R01_2025-03-30","R2","2025-03-30T20:33:52.337Z","GR86-051-071",0,19,113158,
"kafka:gr-raw","2025-03-30T20:32:02.851Z","I_R01_2025-03-30","R2","2025-03-30T20:31:59.180Z","GR86-051-071",0,18,113241,
"kafka:gr-raw","2025-03-30T20:30:07.174Z","I_R01_2025-03-30","R2","2025-03-30T20:30:05.942Z","GR86-051-071",0,17,114358,
"kafka:gr-raw","2025-03-30T20:28:11.920Z","I_R01_2025-03-30","R2","2025-03-30T20:28:11.581Z","GR86-051-071",0,16,113914,
"kafka:gr-raw","2025-03-30T20:26:18.793Z","I_R01_2025-03-30","R2","2025-03-30T20:26:17.660Z","GR86-051-071",0,15,141786,
"kafka:gr-raw","2025-03-30T20:24:16.718Z","I_R01_2025-03-30","R2","2025-03-30T20:23:55.871Z","GR86-051-071",0,14,163378,
"kafka:gr-raw","2025-03-30T20:21:12.761Z","I_R01_2025-03-30","R2","2025-03-30T20:21:12.491Z","GR86-051-071",0,13,143600,
"kafka:gr-raw","2025-03-30T20:18:50.092Z","I_R01_2025-03-30","R2","2025-03-30T20:18:48.940Z","GR86-051-071",0,12,113823,
"kafka:gr-raw","2025-03-30T20:16:58.353Z","I_R01_2025-03-30","R2","2025-03-30T20:16:55.066Z","GR86-051-071",0,11,114881,
"kafka:gr-raw","2025-03-30T20:15:05.409Z","I_R01_2025-03-30","R2","2025-03-30T20:15:00.181Z","GR86-051-071",0,10,113603,
"kafka:gr-raw","2025-03-30T20:13:07.640Z","I_R01_2025-03-30","R2","2025-03-30T20:13:06.581Z","GR86-051-071",0,9,144893,
"kafka:gr-raw","2025-03-30T20:10:42.655Z","I_R01_2025-03-30","R2","2025-03-30T20:10:41.684Z","GR86-051-071",0,8,149200,
"kafka:gr-raw","2025-03-30T20:08:13.223Z","I_R01_2025-03-30","R2","2025-03-30T20:08:12.483Z","GR86-051-071",0,7,114533,
"kafka:gr-raw","2025-03-30T20:06:18.350Z","I_R01_2025-03-30","R2","2025-03-30T20:06:17.942Z","GR86-051-071",0,6,114178,
"kafka:gr-raw","2025-03-30T20:04:24.558Z","I_R01_2025-03-30","R2","2025-03-30T20:04:23.764Z","GR86-051-071",0,5,114975,
"kafka:gr-raw","2025-03-30T20:02:29.662Z","I_R01_2025-03-30","R2","2025-03-30T20:02:28.786Z","GR86-051-071",0,4,114092,
"kafka:gr-raw","2025-03-30T20:00:36.400Z","I_R01_2025-03-30","R2","2025-03-30T20:00:34.696Z","GR86-051-071",0,3,117422,
"kafka:gr-raw","2025-03-30T19:58:38.155Z","I_R01_2025-03-30","R2","2025-03-30T19:58:37.272Z","GR86-051-071",0,2,164400,
"kafka:gr-raw","2025-03-30T19:55:55.150Z","I_R01_2025-03-30","R2","2025-03-30T19:55:52.870Z","GR86-051-071",0,1,631600,
"kafka:gr-raw","2025-03-30T20:37:57.719Z","I_R01_2025-03-30","R2","2025-03-30T20:37:55.688Z","GR86-061-051",0,21,114289,
"kafka:gr-raw","2025-03-30T20:36:18.013Z","I_R01_2025-03-30","R2","2025-03-30T20:36:01.397Z","GR86-061-051",0,20,114767,
"kafka:gr-raw","2025-03-30T20:34:06.816Z","I_R01_2025-03-30","R2","2025-03-30T20:34:06.657Z","GR86-061-051",0,19,114613,
"kafka:gr-raw","2025-03-30T20:32:14.919Z","I_R01_2025-03-30","R2","2025-03-30T20:32:12.020Z","GR86-061-051",0,18,117312,
"kafka:gr-raw","2025-03-30T20:30:17.421Z","I_R01_2025-03-30","R2","2025-03-30T20:30:14.693Z","GR86-061-051",0,17,115464,
"kafka:gr-raw","2025-03-30T20:28:21.144Z","I_R01_2025-03-30","R2","2025-03-30T20:28:19.225Z","GR86-061-051",0,16,116336,
"kafka:gr-raw","2025-03-30T20:26:23.150Z","I_R01_2025-03-30","R2","2025-03-30T20:26:22.892Z","GR86-061-051",0,15,138000,
"kafka:gr-raw","2025-03-30T20:24:18.170Z","I_R01_2025-03-30","R2","2025-03-30T20:24:04.893Z","GR86-061-051",0,14,163776,
"kafka:gr-raw","2025-03-30T20:21:22.328Z","I_R01_2025-03-30","R2","2025-03-30T20:21:21.110Z","GR86-061-051",0,13,136023,
"kafka:gr-raw","2025-03-30T20:19:05.468Z","I_R01_2025-03-30","R2","2025-03-30T20:19:05.089Z","GR86-061-051",0,12,115600,
"kafka:gr-raw","2025-03-30T20:17:12.164Z","I_R01_2025-03-30","R2","2025-03-30T20:17:09.485Z","GR86-061-051",0,11,116766,
"kafka:gr-raw","2025-03-30T20:15:14.151Z","I_R01_2025-03-30","R2","2025-03-30T20:15:12.722Z","GR86-061-051",0,10,120396,
"kafka:gr-raw","2025-03-30T20:13:12.833Z","I_R01_2025-03-30","R2","2025-03-30T20:13:12.319Z","GR86-061-051",0,9,142014,
"kafka:gr-raw","2025-03-30T20:10:53.286Z","I_R01_2025-03-30","R2","2025-03-30T20:10:50.305Z","GR86-061-051",0,8,144778,
"kafka:gr-raw","2025-03-30T20:08:26.674Z","I_R01_2025-03-30","R2","2025-03-30T20:08:25.530Z","GR86-061-051",0,7,115990,
"kafka:gr-raw","2025-03-30T20:06:29.875Z","I_R01_2025-03-30","R2","2025-03-30T20:06:29.532Z","GR86-061-051",0,6,115917,
"kafka:gr-raw","2025-03-30T20:04:35.015Z","I_R01_2025-03-30","R2","2025-03-30T20:04:33.616Z","GR86-061-051",0,5,116810,
"kafka:gr-raw","2025-03-30T20:02:37.509Z","I_R01_2025-03-30","R2","2025-03-30T20:02:36.805Z","GR86-061-051",0,4,116699,
"kafka:gr-raw","2025-03-30T20:00:43.236Z","I_R01_2025-03-30","R2","2025-03-30T20:00:40.094Z","GR86-061-051",0,3,119294,
"kafka:gr-raw","2025-03-30T19:58:42.153Z","I_R01_2025-03-30","R2","2025-03-30T19:58:40.808Z","GR86-061-051",0,2,158987,
"kafka:gr-raw","2025-03-30T19:56:02.307Z","I_R01_2025-03-30","R2","2025-03-30T19:56:01.865Z","GR86-061-051",0,1,153034,
"kafka:gr-raw","2025-03-30T20:38:19.331Z","I_R01_2025-03-30","R2","2025-03-30T20:38:17.892Z","GR86-062-012",0,21,118932,
"kafka:gr-raw","2025-03-30T20:36:20.416Z","I_R01_2025-03-30","R2","2025-03-30T20:36:18.951Z","GR86-062-012",0,20,118000,
"kafka:gr-raw","2025-03-30T20:34:21.726Z","I_R01_2025-03-30","R2","2025-03-30T20:34:20.953Z","GR86-062-012",0,19,117777,
"kafka:gr-raw","2025-03-30T20:32:25.538Z","I_R01_2025-03-30","R2","2025-03-30T20:32:23.179Z","GR86-062-012",0,18,117690,
"kafka:gr-raw","2025-03-30T20:30:26.410Z","I_R01_2025-03-30","R2","2025-03-30T20:30:25.484Z","GR86-062-012",0,17,118910,
"kafka:gr-raw","2025-03-30T20:28:30.465Z","I_R01_2025-03-30","R2","2025-03-30T20:28:26.574Z","GR86-062-012",0,16,118098,
"kafka:gr-raw","2025-03-30T20:26:30.326Z","I_R01_2025-03-30","R2","2025-03-30T20:26:28.480Z","GR86-062-012",0,15,133916,
"kafka:gr-raw","2025-03-30T20:24:20.189Z","I_R01_2025-03-30","R2","2025-03-30T20:24:14.552Z","GR86-062-012",0,14,158187,
"kafka:gr-raw","2025-03-30T20:21:38.340Z","I_R01_2025-03-30","R2","2025-03-30T20:21:36.369Z","GR86-062-012",0,13,120089,
"kafka:gr-raw","2025-03-30T20:19:36.464Z","I_R01_2025-03-30","R2","2025-03-30T20:19:36.273Z","GR86-062-012",0,12,138177,
"kafka:gr-raw","2025-03-30T20:17:19.069Z","I_R01_2025-03-30","R2","2025-03-30T20:17:18.089Z","GR86-062-012",0,11,118712,
"kafka:gr-raw","2025-03-30T20:15:20.694Z","I_R01_2025-03-30","R2","2025-03-30T20:15:19.382Z","GR86-062-012",0,10,121690,
"kafka:gr-raw","2025-03-30T20:13:17.886Z","I_R01_2025-03-30","R2","2025-03-30T20:13:17.683Z","GR86-062-012",0,9,138711,
"kafka:gr-raw","2025-03-30T20:10:59.246Z","I_R01_2025-03-30","R2","2025-03-30T20:10:58.982Z","GR86-062-012",0,8,131244,
"kafka:gr-raw","2025-03-30T20:08:49.590Z","I_R01_2025-03-30","R2","2025-03-30T20:08:47.727Z","GR86-062-012",0,7,120221,
"kafka:gr-raw","2025-03-30T20:06:49.447Z","I_R01_2025-03-30","R2","2025-03-30T20:06:47.502Z","GR86-062-012",0,6,119433,
"kafka:gr-raw","2025-03-30T20:04:48.463Z","I_R01_2025-03-30","R2","2025-03-30T20:04:48.072Z","GR86-062-012",0,5,119602,
"kafka:gr-raw","2025-03-30T20:02:51.759Z","I_R01_2025-03-30","R2","2025-03-30T20:02:48.460Z","GR86-062-012",0,4,119874,
"kafka:gr-raw","2025-03-30T20:00:48.990Z","I_R01_2025-03-30","R2","2025-03-30T20:00:48.590Z","GR86-062-012",0,3,122225,
"kafka:gr-raw","2025-03-30T19:58:46.614Z","I_R01_2025-03-30","R2","2025-03-30T19:58:46.360Z","GR86-062-012",0,2,153644,
"kafka:gr-raw","2025-03-30T19:56:13.674Z","I_R01_2025-03-30","R2","2025-03-30T19:56:12.721Z","GR86-062-012",0,1,153340,