"meta_source","meta_time","meta_event","meta_session","timestamp","vehicle_id","outing","lap","expire_at","value"
"kafka:gr-raw","2025-05-18T14:57:07.582Z","I_R03_2025-05-18","R2","2025-05-18T14:57:05.862Z","GR86-006-7",0,18,,"2025-05-18T14:57:05.862Z"
"kafka:gr-raw","2025-05-18T14:45:26.436Z","I_R03_2025-05-18","R2","2025-05-18T14:45:21.200Z","GR86-006-7",0,17,,"2025-05-18T14:45:21.200Z"
"kafka:gr-raw","2025-05-18T14:42:55.186Z","I_R03_2025-05-18","R2","2025-05-18T14:42:54.416Z","GR86-006-7",0,16,,"2025-05-18T14:42:54.416Z"
"kafka:gr-raw","2025-05-18T14:42:55.186Z","I_R03_2025-05-18","R2","2025-05-18T14:42:54.344Z","GR86-006-7",0,17,,"2025-05-18T14:42:54.344Z"
"kafka:gr-raw","2025-05-18T14:42:55.185Z","I_R03_2025-05-18","R2","2025-05-18T14:42:54.342Z","GR86-006-7",0,16,,"2025-05-18T14:42:54.342Z"
"kafka:gr-raw","2025-05-18T14:40:29.902Z","I_R03_2025-05-18","R2","2025-05-18T14:40:28.203Z","GR86-006-7",0,15,,"2025-05-18T14:40:28.203Z"
"kafka:gr-raw","2025-05-18T14:38:02.046Z","I_R03_2025-05-18","R2","2025-05-18T14:38:01.747Z","GR86-006-7",0,14,,"2025-05-18T14:38:01.747Z"
"kafka:gr-raw","2025-05-18T14:35:36.848Z","I_R03_2025-05-18","R2","2025-05-18T14:35:35.321Z","GR86-006-7",0,13,,"2025-05-18T14:35:35.321Z"
"kafka:gr-raw","2025-05-18T14:33:11.010Z","I_R03_2025-05-18","R2","2025-05-18T14:33:09.198Z","GR86-006-7",0,12,,"2025-05-18T14:33:09.198Z"
"kafka:gr-raw","2025-05-18T14:30:43.269Z","I_R03_2025-05-18","R2","2025-05-18T14:30:42.938Z","GR86-006-7",0,11,,"2025-05-18T14:30:42.938Z"
"kafka:gr-raw","2025-05-18T14:28:17.566Z","I_R03_2025-05-18","R2","2025-05-18T14:28:16.833Z","GR86-006-7",0,10,,"2025-05-18T14:28:16.833Z"
"kafka:gr-raw","2025-05-18T14:28:17.566Z","I_R03_2025-05-18","R2","2025-05-18T14:28:16.832Z","GR86-006-7",0,11,,"2025-05-18T14:28:16.832Z"
"kafka:gr-raw","2025-05-18T14:28:17.566Z","I_R03_2025-05-18","R2","2025-05-18T14:28:16.830Z","GR86-006-7",0,10,,"2025-05-18T14:28:16.830Z"
"kafka:gr-raw","2025-05-18T14:25:51.325Z","I_R03_2025-05-18","R2","2025-05-18T14:25:50.893Z","GR86-006-7",0,9,,"2025-05-18T14:25:50.893Z"
"kafka:gr-raw","2025-05-18T14:23:24.357Z","I_R03_2025-05-18","R2","2025-05-18T14:23:23.738Z","GR86-006-7",0,8,,"2025-05-18T14:23:23.738Z"
"kafka:gr-raw","2025-05-18T14:20:59.538Z","I_R03_2025-05-18","R2","2025-05-18T14:20:58.425Z","GR86-006-7",0,7,,"2025-05-18T14:20:58.425Z"
"kafka:gr-raw","2025-05-18T14:20:59.537Z","I_R03_2025-05-18","R2","2025-05-18T14:20:58.395Z","GR86-006-7",0,8,,"2025-05-18T14:20:58.395Z"
"kafka:gr-raw","2025-05-18T14:20:59.537Z","I_R03_2025-05-18","R2","2025-05-18T14:20:58.394Z","GR86-006-7",0,7,,"2025-05-18T14:20:58.394Z"
"kafka:gr-raw","2025-05-18T14:18:33.655Z","I_R03_2025-05-18","R2","2025-05-18T14:18:32.756Z","GR86-006-7",0,6,,"2025-05-18T14:18:32.756Z"
"kafka:gr-raw","2025-05-18T14:18:33.654Z","I_R03_2025-05-18","R2","2025-05-18T14:18:32.709Z","GR86-006-7",0,7,,"2025-05-18T14:18:32.709Z"
"kafka:gr-raw","2025-05-18T14:18:33.653Z","I_R03_2025-05-18","R2","2025-05-18T14:18:32.707Z","GR86-006-7",0,6,,"2025-05-18T14:18:32.707Z"
"kafka:gr-raw","2025-05-18T14:16:07.628Z","I_R03_2025-05-18","R2","2025-05-18T14:16:06.830Z","GR86-006-7",0,5,,"2025-05-18T14:16:06.830Z"
"kafka:gr-raw","2025-05-18T14:13:41.994Z","I_R03_2025-05-18","R2","2025-05-18T14:13:41.386Z","GR86-006-7",0,4,,"2025-05-18T14:13:41.386Z"
"kafka:gr-raw","2025-05-18T14:13:41.993Z","I_R03_2025-05-18","R2","2025-05-18T14:13:41.385Z","GR86-006-7",0,5,,"2025-05-18T14:13:41.385Z"
"kafka:gr-raw","2025-05-18T14:13:41.992Z","I_R03_2025-05-18","R2","2025-05-18T14:13:41.383Z","GR86-006-7",0,4,,"2025-05-18T14:13:41.383Z"
"kafka:gr-raw","2025-05-18T14:11:15.826Z","I_R03_2025-05-18","R2","2025-05-18T14:11:14.522Z","GR86-006-7",0,3,,"2025-05-18T14:11:14.522Z"
"kafka:gr-raw","2025-05-18T14:07:30.733Z","I_R03_2025-05-18","R2","2025-05-18T14:07:29.395Z","GR86-006-7",0,2,,"2025-05-18T14:07:29.395Z"
"kafka:gr-raw","2025-05-18T14:04:59.563Z","I_R03_2025-05-18","R2","2025-05-18T14:04:59.099Z","GR86-006-7",0,1,,"2025-05-18T14:04:59.099Z"
"kafka:gr-raw","2025-05-18T13:52:01.594Z","I_R03_2025-05-18","R2","2025-05-18T13:51:54.712Z","GR86-006-7",0,32768,,"2025-05-18T13:51:54.712Z"
"kafka:gr-raw","2025-05-18T15:00:13.791Z","I_R03_2025-05-18","R2","2025-05-18T15:00:12.197Z","GR86-010-16",0,0,,"2025-05-18T15:00:12.197Z"
"kafka:gr-raw","2025-05-18T14:59:33.243Z","I_R03_2025-05-18","R2","2025-05-18T14:59:32.157Z","GR86-010-16",0,32768,,"2025-05-18T14:59:32.157Z"
"kafka:gr-raw","2025-05-18T14:57:29.872Z","I_R03_2025-05-18","R2","2025-05-18T14:57:28.219Z","GR86-010-16",0,18,,"2025-05-18T14:57:28.219Z"
"kafka:gr-raw","2025-05-18T14:45:26.320Z","I_R03_2025-05-18","R2","2025-05-18T14:45:21.261Z","GR86-010-16",0,17,,"2025-05-18T14:45:21.261Z"
"kafka:gr-raw","2025-05-18T14:42:55.126Z","I_R03_2025-05-18","R2","2025-05-18T14:42:54.748Z","GR86-010-16",0,16,,"2025-05-18T14:42:54.748Z"
"kafka:gr-raw","2025-05-18T14:40:30.053Z","I_R03_2025-05-18","R2","2025-05-18T14:40:28.348Z","GR86-010-16",0,15,,"2025-05-18T14:40:28.348Z"
"kafka:gr-raw","2025-05-18T14:38:02.087Z","I_R03_2025-05-18","R2","2025-05-18T14:38:01.945Z","GR86-010-16",0,14,,"2025-05-18T14:38:01.945Z"
"kafka:gr-raw","2025-05-18T14:35:37.031Z","I_R03_2025-05-18","R2","2025-05-18T14:35:35.981Z","GR86-010-16",0,13,,"2025-05-18T14:35:35.981Z"
"kafka:gr-raw","2025-05-18T14:33:10.960Z","I_R03_2025-05-18","R2","2025-05-18T14:33:09.841Z","GR86-010-16",0,12,,"2025-05-18T14:33:09.841Z"
"kafka:gr-raw","2025-05-18T14:33:10.960Z","I_R03_2025-05-18","R2","2025-05-18T14:33:09.773Z","GR86-010-16",0,13,,"2025-05-18T14:33:09.773Z"
"kafka:gr-raw","2025-05-18T14:33:10.960Z","I_R03_2025-05-18","R2","2025-05-18T14:33:09.771Z","GR86-010-16",0,12,,"2025-05-18T14:33:09.771Z"
"kafka:gr-raw","2025-05-18T14:30:44.911Z","I_R03_2025-05-18","R2","2025-05-18T14:30:43.284Z","GR86-010-16",0,11,,"2025-05-18T14:30:43.284Z"
"kafka:gr-raw","2025-05-18T14:28:18.839Z","I_R03_2025-05-18","R2","2025-05-18T14:28:17.431Z","GR86-010-16",0,10,,"2025-05-18T14:28:17.431Z"
"kafka:gr-raw","2025-05-18T14:25:51.311Z","I_R03_2025-05-18","R2","2025-05-18T14:25:51.078Z","GR86-010-16",0,9,,"2025-05-18T14:25:51.078Z"
"kafka:gr-raw","2025-05-18T14:23:25.966Z","I_R03_2025-05-18","R2","2025-05-18T14:23:25.088Z","GR86-010-16",0,8,,"2025-05-18T14:23:25.088Z"
"kafka:gr-raw","2025-05-18T14:21:00.981Z","I_R03_2025-05-18","R2","2025-05-18T14:20:59.761Z","GR86-010-16",0,7,,"2025-05-18T14:20:59.761Z"
"kafka:gr-raw","2025-05-18T14:18:36.578Z","I_R03_2025-05-18","R2","2025-05-18T14:18:34.416Z","GR86-010-16",0,6,,"2025-05-18T14:18:34.416Z"
"kafka:gr-raw","2025-05-18T14:16:07.910Z","I_R03_2025-05-18","R2","2025-05-18T14:16:06.939Z","GR86-010-16",0,5,,"2025-05-18T14:16:06.939Z"
"kafka:gr-raw","2025-05-18T14:13:41.965Z","I_R03_2025-05-18","R2","2025-05-18T14:13:41.147Z","GR86-010-16",0,4,,"2025-05-18T14:13:41.147Z"
"kafka:gr-raw","2025-05-18T14:11:15.956Z","I_R03_2025-05-18","R2","2025-05-18T14:11:14.513Z","GR86-010-16",0,3,,"2025-05-18T14:11:14.513Z"
"kafka:gr-raw","2025-05-18T14:11:14.719Z","I_R03_2025-05-18","R2","2025-05-18T14:11:14.476Z","GR86-010-16",0,3,,"2025-05-18T14:11:14.476Z"
"kafka:gr-raw","2025-05-18T14:11:14.719Z","I_R03_2025-05-18","R2","2025-05-18T14:11:14.478Z","GR86-010-16",0,4,,"2025-05-18T14:11:14.478Z"
"kafka:gr-raw","2025-05-18T14:07:30.870Z","I_R03_2025-05-18","R2","2025-05-18T14:07:30.143Z","GR86-010-16",0,2,,"2025-05-18T14:07:30.143Z"
"kafka:gr-raw","2025-05-18T14:04:59.536Z","I_R03_2025-05-18","R2","2025-05-18T14:04:59.172Z","GR86-010-16",0,1,,"2025-05-18T14:04:59.172Z"
"kafka:gr-raw","2025-05-18T13:52:01.803Z","I_R03_2025-05-18","R2","2025-05-18T13:51:56.539Z","GR86-010-16",0,32768,,"2025-05-18T13:51:56.539Z"
"kafka:gr-raw","2025-05-18T14:05:03.385Z","I_R03_2025-05-18","R2","2025-05-18T14:05:02.002Z","GR86-013-80",0,1,,"2025-05-18T14:05:02.002Z"
"kafka:gr-raw","2025-05-18T13:52:44.854Z","I_R03_2025-05-18","R2","2025-05-18T13:52:35.984Z","GR86-013-80",0,32768,,"2025-05-18T13:52:35.984Z"
"kafka:gr-raw","2025-05-18T14:46:37.301Z","I_R03_2025-05-18","R2","2025-05-18T14:46:35.833Z","GR86-015-31",0,16,,"2025-05-18T14:46:35.833Z"
"kafka:gr-raw","2025-05-18T14:46:37.300Z","I_R03_2025-05-18","R2","2025-05-18T14:46:35.726Z","GR86-015-31",0,17,,"2025-05-18T14:46:35.726Z"
"kafka:gr-raw","2025-05-18T14:46:37.300Z","I_R03_2025-05-18","R2","2025-05-18T14:46:35.724Z","GR86-015-31",0,16,,"2025-05-18T14:46:35.724Z"
"kafka:gr-raw","2025-05-18T14:41:44.662Z","I_R03_2025-05-18","R2","2025-05-18T14:41:43.903Z","GR86-015-31",0,15,,"2025-05-18T14:41:43.903Z"
"kafka:gr-raw","2025-05-18T14:38:26.508Z","I_R03_2025-05-18","R2","2025-05-18T14:38:25.960Z","GR86-015-31",0,14,,"2025-05-18T14:38:25.960Z"
"kafka:gr-raw","2025-05-18T14:35:57.418Z","I_R03_2025-05-18","R2","2025-05-18T14:35:57.255Z","GR86-015-31",0,13,,"2025-05-18T14:35:57.255Z"
"kafka:gr-raw","2025-05-18T14:33:32.516Z","I_R03_2025-05-18","R2","2025-05-18T14:33:29.935Z","GR86-015-31",0,12,,"2025-05-18T14:33:29.935Z"
"kafka:gr-raw","2025-05-18T14:31:02.586Z","I_R03_2025-05-18","R2","2025-05-18T14:31:00.964Z","GR86-015-31",0,11,,"2025-05-18T14:31:00.964Z"
"kafka:gr-raw","2025-05-18T14:28:33.717Z","I_R03_2025-05-18","R2","2025-05-18T14:28:32.753Z","GR86-015-31",0,10,,"2025-05-18T14:28:32.753Z"
"kafka:gr-raw","2025-05-18T14:26:07.715Z","I_R03_2025-05-18","R2","2025-05-18T14:26:04.949Z","GR86-015-31",0,9,,"2025-05-18T14:26:04.949Z"
"kafka:gr-raw","2025-05-18T14:23:39.601Z","I_R03_2025-05-18","R2","2025-05-18T14:23:37.499Z","GR86-015-31",0,8,,"2025-05-18T14:23:37.499Z"
"kafka:gr-raw","2025-05-18T14:21:19.441Z","I_R03_2025-05-18","R2","2025-05-18T14:21:10.275Z","GR86-015-31",0,7,,"2025-05-18T14:21:10.275Z"
"kafka:gr-raw","2025-05-18T14:18:43.822Z","I_R03_2025-05-18","R2","2025-05-18T14:18:42.345Z","GR86-015-31",0,6,,"2025-05-18T14:18:42.345Z"
"kafka:gr-raw","2025-05-18T14:16:14.040Z","I_R03_2025-05-18","R2","2025-05-18T14:16:13.454Z","GR86-015-31",0,5,,"2025-05-18T14:16:13.454Z"
"kafka:gr-raw","2025-05-18T14:13:49.599Z","I_R03_2025-05-18","R2","2025-05-18T14:13:46.540Z","GR86-015-31",0,4,,"2025-05-18T14:13:46.540Z"
"kafka:gr-raw","2025-05-18T14:11:19.678Z","I_R03_2025-05-18","R2","2025-05-18T14:11:18.458Z","GR86-015-31",0,3,,"2025-05-18T14:11:18.458Z"
"kafka:gr-raw","2025-05-18T14:07:38.199Z","I_R03_2025-05-18","R2","2025-05-18T14:07:36.740Z","GR86-015-31",0,2,,"2025-05-18T14:07:36.740Z"
"kafka:gr-raw","2025-05-18T14:05:00.801Z","I_R03_2025-05-18","R2","2025-05-18T14:05:00.105Z","GR86-015-31",0,1,,"2025-05-18T14:05:00.105Z"
"kafka:gr-raw","2025-05-18T13:52:16.996Z","I_R03_2025-05-18","R2","2025-05-18T13:52:13.752Z","GR86-015-31",0,32768,,"2025-05-18T13:52:13.752Z"
"kafka:gr-raw","2025-05-18T14:49:00.809Z","I_R03_2025-05-18","R2","2025-05-18T14:49:00.309Z","GR86-016-55",0,18,,"2025-05-18T14:49:00.309Z"
"kafka:gr-raw","2025-05-18T14:45:29.558Z","I_R03_2025-05-18","R2","2025-05-18T14:45:28.992Z","GR86-016-55",0,17,,"2025-05-18T14:45:28.992Z"
"kafka:gr-raw","2025-05-18T14:43:04.416Z","I_R03_2025-05-18","R2","2025-05-18T14:43:02.189Z","GR86-016-55",0,16,,"2025-05-18T14:43:02.189Z"
"kafka:gr-raw","2025-05-18T14:40:36.272Z","I_R03_2025-05-18","R2","2025-05-18T14:40:35.917Z","GR86-016-55",0,15,,"2025-05-18T14:40:35.917Z"
"kafka:gr-raw","2025-05-18T14:38:16.283Z","I_R03_2025-05-18","R2","2025-05-18T14:38:09.873Z","GR86-016-55",0,14,,"2025-05-18T14:38:09.873Z"
"kafka:gr-raw","2025-05-18T14:38:16.283Z","I_R03_2025-05-18","R2","2025-05-18T14:38:09.827Z","GR86-016-55",0,15,,"2025-05-18T14:38:09.827Z"
"kafka:gr-raw","2025-05-18T14:38:16.283Z","I_R03_2025-05-18","R2","2025-05-18T14:38:09.825Z","GR86-016-55",0,14,,"2025-05-18T14:38:09.825Z"
"kafka:gr-raw","2025-05-18T14:35:47.160Z","I_R03_2025-05-18","R2","2025-05-18T14:35:42.833Z","GR86-016-55",0,13,,"2025-05-18T14:35:42.833Z"
"kafka:gr-raw","2025-05-18T14:35:47.160Z","I_R03_2025-05-18","R2","2025-05-18T14:35:42.804Z","GR86-016-55",0,14,,"2025-05-18T14:35:42.804Z"
"kafka:gr-raw","2025-05-18T14:35:47.159Z","I_R03_2025-05-18","R2","2025-05-18T14:35:42.802Z","GR86-016-55",0,13,,"2025-05-18T14:35:42.802Z"
"kafka:gr-raw","2025-05-18T14:33:17.131Z","I_R03_2025-05-18","R2","2025-05-18T14:33:15.961Z","GR86-016-55",0,12,,"2025-05-18T14:33:15.961Z"
"kafka:gr-raw","2025-05-18T14:30:53.882Z","I_R03_2025-05-18","R2","2025-05-18T14:30:49.396Z","GR86-016-55",0,11,,"2025-05-18T14:30:49.396Z"
"kafka:gr-raw","2025-05-18T14:28:27.053Z","I_R03_2025-05-18","R2","2025-05-18T14:28:23.540Z","GR86-016-55",0,10,,"2025-05-18T14:28:23.540Z"
"kafka:gr-raw","2025-05-18T14:25:57.885Z","I_R03_2025-05-18","R2","2025-05-18T14:25:57.390Z","GR86-016-55",0,9,,"2025-05-18T14:25:57.390Z"
"kafka:gr-raw","2025-05-18T14:23:37.320Z","I_R03_2025-05-18","R2","2025-05-18T14:23:31.500Z","GR86-016-55",0,8,,"2025-05-18T14:23:31.500Z"
"kafka:gr-raw","2025-05-18T14:21:07.931Z","I_R03_2025-05-18","R2","2025-05-18T14:21:04.802Z","GR86-016-55",0,7,,"2025-05-18T14:21:04.802Z"
"kafka:gr-raw","2025-05-18T14:18:38.554Z","I_R03_2025-05-18","R2","2025-05-18T14:18:37.689Z","GR86-016-55",0,6,,"2025-05-18T14:18:37.689Z"
"kafka:gr-raw","2025-05-18T14:16:12.679Z","I_R03_2025-05-18","R2","2025-05-18T14:16:11.397Z","GR86-016-55",0,5,,"2025-05-18T14:16:11.397Z"
"kafka:gr-raw","2025-05-18T14:13:49.552Z","I_R03_2025-05-18","R2","2025-05-18T14:13:45.218Z","GR86-016-55",0,4,,"2025-05-18T14:13:45.218Z"
"kafka:gr-raw","2025-05-18T14:11:17.890Z","I_R03_2025-05-18","R2","2025-05-18T14:11:16.806Z","GR86-016-55",0,3,,"2025-05-18T14:11:16.806Z"
"kafka:gr-raw","2025-05-18T14:07:34.933Z","I_R03_2025-05-18","R2","2025-05-18T14:07:34.617Z","GR86-016-55",0,2,,"2025-05-18T14:07:34.617Z"
"kafka:gr-raw","2025-05-18T14:05:00.731Z","I_R03_2025-05-18","R2","2025-05-18T14:04:59.507Z","GR86-016-55",0,1,,"2025-05-18T14:04:59.507Z"
"kafka:gr-raw","2025-05-18T13:52:02.739Z","I_R03_2025-05-18","R2","2025-05-18T13:51:59.504Z","GR86-016-55",0,32768,,"2025-05-18T13:51:59.504Z"
"kafka:gr-raw","2025-05-18T14:45:16.785Z","I_R03_2025-05-18","R2","2025-05-18T14:45:13.180Z","GR86-022-13",0,17,,"2025-05-18T14:45:13.180Z"
"kafka:gr-raw","2025-05-18T14:42:48.362Z","I_R03_2025-05-18","R2","2025-05-18T14:42:46.715Z","GR86-022-13",0,16,,"2025-05-18T14:42:46.715Z"
"kafka:gr-raw","2025-05-18T14:40:23.271Z","I_R03_2025-05-18","R2","2025-05-18T14:40:20.379Z","GR86-022-13",0,15,,"2025-05-18T14:40:20.379Z"
"kafka:gr-raw","2025-05-18T14:37:56.472Z","I_R03_2025-05-18","R2","2025-05-18T14:37:54.694Z","GR86-022-13",0,14,,"2025-05-18T14:37:54.694Z"
"kafka:gr-raw","2025-05-18T14:35:33.517Z","I_R03_2025-05-18","R2","2025-05-18T14:35:29.196Z","GR86-022-13",0,13,,"2025-05-18T14:35:29.196Z"
"kafka:gr-raw","2025-05-18T14:33:04.645Z","I_R03_2025-05-18","R2","2025-05-18T14:33:04.013Z","GR86-022-13",0,12,,"2025-05-18T14:33:04.013Z"
"kafka:gr-raw","2025-05-18T14:30:40.620Z","I_R03_2025-05-18","R2","2025-05-18T14:30:38.630Z","GR86-022-13",0,11,,"2025-05-18T14:30:38.630Z"
"kafka:gr-raw","2025-05-18T14:28:17.539Z","I_R03_2025-05-18","R2","2025-05-18T14:28:13.109Z","GR86-022-13",0,10,,"2025-05-18T14:28:13.109Z"
"kafka:gr-raw","2025-05-18T14:25:49.804Z","I_R03_2025-05-18","R2","2025-05-18T14:25:47.600Z","GR86-022-13",0,9,,"2025-05-18T14:25:47.600Z"
"kafka:gr-raw","2025-05-18T14:23:24.364Z","I_R03_2025-05-18","R2","2025-05-18T14:23:22.503Z","GR86-022-13",0,8,,"2025-05-18T14:23:22.503Z"
"kafka:gr-raw","2025-05-18T14:20:58.159Z","I_R03_2025-05-18","R2","2025-05-18T14:20:57.338Z","GR86-022-13",0,7,,"2025-05-18T14:20:57.338Z"
"kafka:gr-raw","2025-05-18T14:20:58.158Z","I_R03_2025-05-18","R2","2025-05-18T14:20:57.335Z","GR86-022-13",0,7,,"2025-05-18T14:20:57.335Z"
"kafka:gr-raw","2025-05-18T14:20:58.158Z","I_R03_2025-05-18","R2","2025-05-18T14:20:57.336Z","GR86-022-13",0,8,,"2025-05-18T14:20:57.336Z"
"kafka:gr-raw","2025-05-18T14:18:32.636Z","I_R03_2025-05-18","R2","2025-05-18T14:18:32.222Z","GR86-022-13",0,6,,"2025-05-18T14:18:32.222Z"
"kafka:gr-raw","2025-05-18T14:16:07.645Z","I_R03_2025-05-18","R2","2025-05-18T14:16:06.699Z","GR86-022-13",0,5,,"2025-05-18T14:16:06.699Z"
"kafka:gr-raw","2025-05-18T14:13:42.086Z","I_R03_2025-05-18","R2","2025-05-18T14:13:40.817Z","GR86-022-13",0,4,,"2025-05-18T14:13:40.817Z"
"kafka:gr-raw","2025-05-18T14:11:14.574Z","I_R03_2025-05-18","R2","2025-05-18T14:11:14.031Z","GR86-022-13",0,3,,"2025-05-18T14:11:14.031Z"
"kafka:gr-raw","2025-05-18T14:07:30.753Z","I_R03_2025-05-18","R2","2025-05-18T14:07:28.798Z","GR86-022-13",0,2,,"2025-05-18T14:07:28.798Z"
"kafka:gr-raw","2025-05-18T14:04:59.438Z","I_R03_2025-05-18","R2","2025-05-18T14:04:58.927Z","GR86-022-13",0,1,,"2025-05-18T14:04:58.927Z"
"kafka:gr-raw","2025-05-18T13:51:52.554Z","I_R03_2025-05-18","R2","2025-05-18T13:51:52.103Z","GR86-022-13",0,32768,,"2025-05-18T13:51:52.103Z"
"kafka:gr-raw","2025-05-18T13:51:52.553Z","I_R03_2025-05-18","R2","2025-05-18T13:51:52.018Z","GR86-022-13",0,1,,"2025-05-18T13:51:52.018Z"
"kafka:gr-raw","2025-05-18T13:51:52.553Z","I_R03_2025-05-18","R2","2025-05-18T13:51:52.013Z","GR86-022-13",0,32768,,"2025-05-18T13:51:52.013Z"
"kafka:gr-raw","2025-05-18T14:46:08.149Z","I_R03_2025-05-18","R2","2025-05-18T14:46:07.883Z","GR86-024-41",0,17,,"2025-05-18T14:46:07.883Z"
"kafka:gr-raw","2025-05-18T14:43:41.471Z","I_R03_2025-05-18","R2","2025-05-18T14:43:40.311Z","GR86-024-41",0,16,,"2025-05-18T14:43:40.311Z"
"kafka:gr-raw","2025-05-18T14:41:12.502Z","I_R03_2025-05-18","R2","2025-05-18T14:41:12.142Z","GR86-024-41",0,15,,"2025-05-18T14:41:12.142Z"
"kafka:gr-raw","2025-05-18T14:38:50.921Z","I_R03_2025-05-18","R2","2025-05-18T14:38:44.536Z","GR86-024-41",0,14,,"2025-05-18T14:38:44.536Z"
"kafka:gr-raw","2025-05-18T14:36:17.584Z","I_R03_2025-05-18","R2","2025-05-18T14:36:17.077Z","GR86-024-41",0,13,,"2025-05-18T14:36:17.077Z"
"kafka:gr-raw","2025-05-18T14:33:51.717Z","I_R03_2025-05-18","R2","2025-05-18T14:33:49.605Z","GR86-024-41",0,12,,"2025-05-18T14:33:49.605Z"
"kafka:gr-raw","2025-05-18T14:31:20.991Z","I_R03_2025-05-18","R2","2025-05-18T14:31:20.669Z","GR86-024-41",0,11,,"2025-05-18T14:31:20.669Z"
"kafka:gr-raw","2025-05-18T14:28:54.109Z","I_R03_2025-05-18","R2","2025-05-18T14:28:53.298Z","GR86-024-41",0,10,,"2025-05-18T14:28:53.298Z"
"kafka:gr-raw","2025-05-18T14:26:25.568Z","I_R03_2025-05-18","R2","2025-05-18T14:26:23.641Z","GR86-024-41",0,9,,"2025-05-18T14:26:23.641Z"
"kafka:gr-raw","2025-05-18T14:23:56.939Z","I_R03_2025-05-18","R2","2025-05-18T14:23:56.186Z","GR86-024-41",0,8,,"2025-05-18T14:23:56.186Z"
"kafka:gr-raw","2025-05-18T14:21:30.100Z","I_R03_2025-05-18","R2","2025-05-18T14:21:28.658Z","GR86-024-41",0,7,,"2025-05-18T14:21:28.658Z"
"kafka:gr-raw","2025-05-18T14:19:00.317Z","I_R03_2025-05-18","R2","2025-05-18T14:18:59.955Z","GR86-024-41",0,6,,"2025-05-18T14:18:59.955Z"
"kafka:gr-raw","2025-05-18T14:16:17.574Z","I_R03_2025-05-18","R2","2025-05-18T14:16:15.338Z","GR86-024-41",0,5,,"2025-05-18T14:16:15.338Z"
"kafka:gr-raw","2025-05-18T14:16:17.574Z","I_R03_2025-05-18","R2","2025-05-18T14:16:15.335Z","GR86-024-41",0,5,,"2025-05-18T14:16:15.335Z"
"kafka:gr-raw","2025-05-18T14:16:17.574Z","I_R03_2025-05-18","R2","2025-05-18T14:16:15.337Z","GR86-024-41",0,6,,"2025-05-18T14:16:15.337Z"
"kafka:gr-raw","2025-05-18T14:13:49.925Z","I_R03_2025-05-18","R2","2025-05-18T14:13:48.772Z","GR86-024-41",0,4,,"2025-05-18T14:13:48.772Z"
"kafka:gr-raw","2025-05-18T14:11:19.809Z","I_R03_2025-05-18","R2","2025-05-18T14:11:18.870Z","GR86-024-41",0,3,,"2025-05-18T14:11:18.870Z"
"kafka:gr-raw","2025-05-18T14:07:38.361Z","I_R03_2025-05-18","R2","2025-05-18T14:07:37.666Z","GR86-024-41",0,2,,"2025-05-18T14:07:37.666Z"
"kafka:gr-raw","2025-05-18T14:05:00.781Z","I_R03_2025-05-18","R2","2025-05-18T14:04:59.954Z","GR86-024-41",0,1,,"2025-05-18T14:04:59.954Z"
"kafka:gr-raw","2025-05-18T13:52:13.461Z","I_R03_2025-05-18","R2","2025-05-18T13:52:12.466Z","GR86-024-41",0,32768,,"2025-05-18T13:52:12.466Z"
"kafka:gr-raw","2025-05-18T14:48:01.265Z","I_R03_2025-05-18","R2","2025-05-18T14:47:59.325Z","GR86-025-47",0,14,,"2025-05-18T14:47:59.325Z"
"kafka:gr-raw","2025-05-18T14:38:27.960Z","I_R03_2025-05-18","R2","2025-05-18T14:38:26.802Z","GR86-025-47",0,13,,"2025-05-18T14:38:26.802Z"
"kafka:gr-raw","2025-05-18T14:36:01.120Z","I_R03_2025-05-18","R2","2025-05-18T14:35:57.783Z","GR86-025-47",0,12,,"2025-05-18T14:35:57.783Z"
"kafka:gr-raw","2025-05-18T14:33:32.386Z","I_R03_2025-05-18","R2","2025-05-18T14:33:30.316Z","GR86-025-47",0,11,,"2025-05-18T14:33:30.316Z"
"kafka:gr-raw","2025-05-18T14:31:02.581Z","I_R03_2025-05-18","R2","2025-05-18T14:31:01.911Z","GR86-025-47",0,10,,"2025-05-18T14:31:01.911Z"
"kafka:gr-raw","2025-05-18T14:28:33.652Z","I_R03_2025-05-18","R2","2025-05-18T14:28:32.517Z","GR86-025-47",0,9,,"2025-05-18T14:28:32.517Z"
"kafka:gr-raw","2025-05-18T14:26:07.943Z","I_R03_2025-05-18","R2","2025-05-18T14:26:04.107Z","GR86-025-47",0,8,,"2025-05-18T14:26:04.107Z"
"kafka:gr-raw","2025-05-18T14:23:37.568Z","I_R03_2025-05-18","R2","2025-05-18T14:23:36.729Z","GR86-025-47",0,7,,"2025-05-18T14:23:36.729Z"
"kafka:gr-raw","2025-05-18T14:21:19.310Z","I_R03_2025-05-18","R2","2025-05-18T14:21:09.493Z","GR86-025-47",0,6,,"2025-05-18T14:21:09.493Z"
"kafka:gr-raw","2025-05-18T14:18:43.804Z","I_R03_2025-05-18","R2","2025-05-18T14:18:41.886Z","GR86-025-47",0,5,,"2025-05-18T14:18:41.886Z"
"kafka:gr-raw","2025-05-18T14:16:14.084Z","I_R03_2025-05-18","R2","2025-05-18T14:16:13.430Z","GR86-025-47",0,4,,"2025-05-18T14:16:13.430Z"
"kafka:gr-raw","2025-05-18T14:13:49.417Z","I_R03_2025-05-18","R2","2025-05-18T14:13:46.215Z","GR86-025-47",0,3,,"2025-05-18T14:13:46.215Z"
"kafka:gr-raw","2025-05-18T14:11:17.741Z","I_R03_2025-05-18","R2","2025-05-18T14:11:17.583Z","GR86-025-47",0,2,,"2025-05-18T14:11:17.583Z"
"kafka:gr-raw","2025-05-18T14:07:38.296Z","I_R03_2025-05-18","R2","2025-05-18T14:07:36.489Z","GR86-025-47",0,1,,"2025-05-18T14:07:36.489Z"
"kafka:gr-raw","2025-05-18T14:05:00.793Z","I_R03_2025-05-18","R2","2025-05-18T14:05:00.265Z","GR86-025-47",0,32768,,"2025-05-18T14:05:00.265Z"
"kafka:gr-raw","2025-05-18T14:01:38.186Z","I_R03_2025-05-18","R2","2025-05-18T14:01:36.141Z","GR86-025-47",0,1,,"2025-05-18T14:01:36.141Z"
"kafka:gr-raw","2025-05-18T13:52:16.987Z","I_R03_2025-05-18","R2","2025-05-18T13:52:14.579Z","GR86-025-47",0,32768,,"2025-05-18T13:52:14.579Z"
"kafka:gr-raw","2025-05-18T14:45:26.019Z","I_R03_2025-05-18","R2","2025-05-18T14:45:20.523Z","GR86-026-72",0,17,,"2025-05-18T14:45:20.523Z"
"kafka:gr-raw","2025-05-18T14:42:55.234Z","I_R03_2025-05-18","R2","2025-05-18T14:42:53.843Z","GR86-026-72",0,16,,"2025-05-18T14:42:53.843Z"
"kafka:gr-raw","2025-05-18T14:42:55.190Z","I_R03_2025-05-18","R2","2025-05-18T14:42:53.794Z","GR86-026-72",0,17,,"2025-05-18T14:42:53.794Z"
"kafka:gr-raw","2025-05-18T14:42:55.190Z","I_R03_2025-05-18","R2","2025-05-18T14:42:53.793Z","GR86-026-72",0,16,,"2025-05-18T14:42:53.793Z"
"kafka:gr-raw","2025-05-18T14:40:29.917Z","I_R03_2025-05-18","R2","2025-05-18T14:40:27.569Z","GR86-026-72",0,15,,"2025-05-18T14:40:27.569Z"
"kafka:gr-raw","2025-05-18T14:38:01.877Z","I_R03_2025-05-18","R2","2025-05-18T14:38:01.407Z","GR86-026-72",0,14,,"2025-05-18T14:38:01.407Z"
"kafka:gr-raw","2025-05-18T14:35:36.956Z","I_R03_2025-05-18","R2","2025-05-18T14:35:35.232Z","GR86-026-72",0,13,,"2025-05-18T14:35:35.232Z"
"kafka:gr-raw","2025-05-18T14:33:11.027Z","I_R03_2025-05-18","R2","2025-05-18T14:33:09.106Z","GR86-026-72",0,12,,"2025-05-18T14:33:09.106Z"
"kafka:gr-raw","2025-05-18T14:30:43.146Z","I_R03_2025-05-18","R2","2025-05-18T14:30:42.608Z","GR86-026-72",0,11,,"2025-05-18T14:30:42.608Z"
"kafka:gr-raw","2025-05-18T14:28:17.534Z","I_R03_2025-05-18","R2","2025-05-18T14:28:16.626Z","GR86-026-72",0,10,,"2025-05-18T14:28:16.626Z"
"kafka:gr-raw","2025-05-18T14:25:51.332Z","I_R03_2025-05-18","R2","2025-05-18T14:25:50.497Z","GR86-026-72",0,9,,"2025-05-18T14:25:50.497Z"
"kafka:gr-raw","2025-05-18T14:23:25.919Z","I_R03_2025-05-18","R2","2025-05-18T14:23:24.111Z","GR86-026-72",0,8,,"2025-05-18T14:23:24.111Z"
"kafka:gr-raw","2025-05-18T14:20:59.600Z","I_R03_2025-05-18","R2","2025-05-18T14:20:58.769Z","GR86-026-72",0,7,,"2025-05-18T14:20:58.769Z"
"kafka:gr-raw","2025-05-18T14:18:33.773Z","I_R03_2025-05-18","R2","2025-05-18T14:18:33.507Z","GR86-026-72",0,6,,"2025-05-18T14:18:33.507Z"
"kafka:gr-raw","2025-05-18T14:18:33.773Z","I_R03_2025-05-18","R2","2025-05-18T14:18:33.505Z","GR86-026-72",0,7,,"2025-05-18T14:18:33.505Z"
"kafka:gr-raw","2025-05-18T14:18:33.773Z","I_R03_2025-05-18","R2","2025-05-18T14:18:33.503Z","GR86-026-72",0,6,,"2025-05-18T14:18:33.503Z"
"kafka:gr-raw","2025-05-18T14:16:07.847Z","I_R03_2025-05-18","R2","2025-05-18T14:16:07.415Z","GR86-026-72",0,5,,"2025-05-18T14:16:07.415Z"
"kafka:gr-raw","2025-05-18T14:13:42.084Z","I_R03_2025-05-18","R2","2025-05-18T14:13:41.407Z","GR86-026-72",0,4,,"2025-05-18T14:13:41.407Z"
"kafka:gr-raw","2025-05-18T14:11:16.037Z","I_R03_2025-05-18","R2","2025-05-18T14:11:15.144Z","GR86-026-72",0,3,,"2025-05-18T14:11:15.144Z"
"kafka:gr-raw","2025-05-18T14:07:33.187Z","I_R03_2025-05-18","R2","2025-05-18T14:07:31.131Z","GR86-026-72",0,2,,"2025-05-18T14:07:31.131Z"
"kafka:gr-raw","2025-05-18T14:04:59.435Z","I_R03_2025-05-18","R2","2025-05-18T14:04:58.904Z","GR86-026-72",0,1,,"2025-05-18T14:04:58.904Z"
"kafka:gr-raw","2025-05-18T13:52:01.621Z","I_R03_2025-05-18","R2","2025-05-18T13:51:53.214Z","GR86-026-72",0,32768,,"2025-05-18T13:51:53.214Z"
"kafka:gr-raw","2025-05-18T14:59:07.901Z","I_R03_2025-05-18","R2","2025-05-18T14:59:07.024Z","GR86-032-15",0,18,,"2025-05-18T14:59:07.024Z"
"kafka:gr-raw","2025-05-18T14:45:37.149Z","I_R03_2025-05-18","R2","2025-05-18T14:45:36.284Z","GR86-032-15",0,17,,"2025-05-18T14:45:36.284Z"
"kafka:gr-raw","2025-05-18T14:43:08.287Z","I_R03_2025-05-18","R2","2025-05-18T14:43:06.714Z","GR86-032-15",0,16,,"2025-05-18T14:43:06.714Z"
"kafka:gr-raw","2025-05-18T14:43:08.287Z","I_R03_2025-05-18","R2","2025-05-18T14:43:06.683Z","GR86-032-15",0,17,,"2025-05-18T14:43:06.683Z"
"kafka:gr-raw","2025-05-18T14:43:08.286Z","I_R03_2025-05-18","R2","2025-05-18T14:43:06.675Z","GR86-032-15",0,16,,"2025-05-18T14:43:06.675Z"
"kafka:gr-raw","2025-05-18T14:40:40.179Z","I_R03_2025-05-18","R2","2025-05-18T14:40:39.924Z","GR86-032-15",0,15,,"2025-05-18T14:40:39.924Z"
"kafka:gr-raw","2025-05-18T14:40:40.179Z","I_R03_2025-05-18","R2","2025-05-18T14:40:39.885Z","GR86-032-15",0,16,,"2025-05-18T14:40:39.885Z"
"kafka:gr-raw","2025-05-18T14:40:40.044Z","I_R03_2025-05-18","R2","2025-05-18T14:40:39.883Z","GR86-032-15",0,15,,"2025-05-18T14:40:39.883Z"
"kafka:gr-raw","2025-05-18T14:38:14.906Z","I_R03_2025-05-18","R2","2025-05-18T14:38:11.074Z","GR86-032-15",0,14,,"2025-05-18T14:38:11.074Z"
"kafka:gr-raw","2025-05-18T14:35:45.380Z","I_R03_2025-05-18","R2","2025-05-18T14:35:42.789Z","GR86-032-15",0,13,,"2025-05-18T14:35:42.789Z"
"kafka:gr-raw","2025-05-18T14:33:15.889Z","I_R03_2025-05-18","R2","2025-05-18T14:33:15.740Z","GR86-032-15",0,12,,"2025-05-18T14:33:15.740Z"
"kafka:gr-raw","2025-05-18T14:30:53.854Z","I_R03_2025-05-18","R2","2025-05-18T14:30:49.192Z","GR86-032-15",0,11,,"2025-05-18T14:30:49.192Z"
"kafka:gr-raw","2025-05-18T14:28:25.167Z","I_R03_2025-05-18","R2","2025-05-18T14:28:22.879Z","GR86-032-15",0,10,,"2025-05-18T14:28:22.879Z"
"kafka:gr-raw","2025-05-18T14:25:57.685Z","I_R03_2025-05-18","R2","2025-05-18T14:25:57.115Z","GR86-032-15",0,9,,"2025-05-18T14:25:57.115Z"
"kafka:gr-raw","2025-05-18T14:23:30.975Z","I_R03_2025-05-18","R2","2025-05-18T14:23:30.690Z","GR86-032-15",0,8,,"2025-05-18T14:23:30.690Z"
"kafka:gr-raw","2025-05-18T14:21:06.325Z","I_R03_2025-05-18","R2","2025-05-18T14:21:03.489Z","GR86-032-15",0,7,,"2025-05-18T14:21:03.489Z"
"kafka:gr-raw","2025-05-18T14:18:38.358Z","I_R03_2025-05-18","R2","2025-05-18T14:18:36.769Z","GR86-032-15",0,6,,"2025-05-18T14:18:36.769Z"
"kafka:gr-raw","2025-05-18T14:16:11.358Z","I_R03_2025-05-18","R2","2025-05-18T14:16:09.802Z","GR86-032-15",0,5,,"2025-05-18T14:16:09.802Z"
"kafka:gr-raw","2025-05-18T14:13:44.332Z","I_R03_2025-05-18","R2","2025-05-18T14:13:43.064Z","GR86-032-15",0,4,,"2025-05-18T14:13:43.064Z"
"kafka:gr-raw","2025-05-18T14:11:17.791Z","I_R03_2025-05-18","R2","2025-05-18T14:11:16.228Z","GR86-032-15",0,3,,"2025-05-18T14:11:16.228Z"
"kafka:gr-raw","2025-05-18T14:07:34.760Z","I_R03_2025-05-18","R2","2025-05-18T14:07:33.326Z","GR86-032-15",0,2,,"2025-05-18T14:07:33.326Z"
"kafka:gr-raw","2025-05-18T14:05:00.588Z","I_R03_2025-05-18","R2","2025-05-18T14:04:59.307Z","GR86-032-15",0,1,,"2025-05-18T14:04:59.307Z"
"kafka:gr-raw","2025-05-18T13:52:07.020Z","I_R03_2025-05-18","R2","2025-05-18T13:52:06.200Z","GR86-032-15",0,32768,,"2025-05-18T13:52:06.200Z"
"kafka:gr-raw","2025-05-18T14:45:26.171Z","I_R03_2025-05-18","R2","2025-05-18T14:45:22.496Z","GR86-033-46",0,17,,"2025-05-18T14:45:22.496Z"
"kafka:gr-raw","2025-05-18T14:42:57.591Z","I_R03_2025-05-18","R2","2025-05-18T14:42:56.194Z","GR86-033-46",0,16,,"2025-05-18T14:42:56.194Z"
"kafka:gr-raw","2025-05-18T14:40:30.034Z","I_R03_2025-05-18","R2","2025-05-18T14:40:29.500Z","GR86-033-46",0,15,,"2025-05-18T14:40:29.500Z"
"kafka:gr-raw","2025-05-18T14:38:14.696Z","I_R03_2025-05-18","R2","2025-05-18T14:38:03.397Z","GR86-033-46",0,14,,"2025-05-18T14:38:03.397Z"
"kafka:gr-raw","2025-05-18T14:35:36.974Z","I_R03_2025-05-18","R2","2025-05-18T14:35:36.702Z","GR86-033-46",0,13,,"2025-05-18T14:35:36.702Z"
"kafka:gr-raw","2025-05-18T14:33:11.049Z","I_R03_2025-05-18","R2","2025-05-18T14:33:10.381Z","GR86-033-46",0,12,,"2025-05-18T14:33:10.381Z"
"kafka:gr-raw","2025-05-18T14:30:44.898Z","I_R03_2025-05-18","R2","2025-05-18T14:30:44.195Z","GR86-033-46",0,11,,"2025-05-18T14:30:44.195Z"
"kafka:gr-raw","2025-05-18T14:28:19.029Z","I_R03_2025-05-18","R2","2025-05-18T14:28:18.642Z","GR86-033-46",0,10,,"2025-05-18T14:28:18.642Z"
"kafka:gr-raw","2025-05-18T14:25:52.818Z","I_R03_2025-05-18","R2","2025-05-18T14:25:52.598Z","GR86-033-46",0,9,,"2025-05-18T14:25:52.598Z"
"kafka:gr-raw","2025-05-18T14:23:27.750Z","I_R03_2025-05-18","R2","2025-05-18T14:23:26.774Z","GR86-033-46",0,8,,"2025-05-18T14:23:26.774Z"
"kafka:gr-raw","2025-05-18T14:21:03.030Z","I_R03_2025-05-18","R2","2025-05-18T14:21:01.089Z","GR86-033-46",0,7,,"2025-05-18T14:21:01.089Z"
"kafka:gr-raw","2025-05-18T14:18:36.791Z","I_R03_2025-05-18","R2","2025-05-18T14:18:35.087Z","GR86-033-46",0,6,,"2025-05-18T14:18:35.087Z"
"kafka:gr-raw","2025-05-18T14:16:09.504Z","I_R03_2025-05-18","R2","2025-05-18T14:16:07.687Z","GR86-033-46",0,5,,"2025-05-18T14:16:07.687Z"
"kafka:gr-raw","2025-05-18T14:13:42.089Z","I_R03_2025-05-18","R2","2025-05-18T14:13:41.835Z","GR86-033-46",0,4,,"2025-05-18T14:13:41.835Z"
"kafka:gr-raw","2025-05-18T14:11:15.835Z","I_R03_2025-05-18","R2","2025-05-18T14:11:15.407Z","GR86-033-46",0,3,,"2025-05-18T14:11:15.407Z"
"kafka:gr-raw","2025-05-18T14:07:33.214Z","I_R03_2025-05-18","R2","2025-05-18T14:07:32.329Z","GR86-033-46",0,2,,"2025-05-18T14:07:32.329Z"
"kafka:gr-raw","2025-05-18T14:05:00.797Z","I_R03_2025-05-18","R2","2025-05-18T14:04:59.741Z","GR86-033-46",0,1,,"2025-05-18T14:04:59.741Z"
"kafka:gr-raw","2025-05-18T13:52:05.683Z","I_R03_2025-05-18","R2","2025-05-18T13:52:03.035Z","GR86-033-46",0,32768,,"2025-05-18T13:52:03.035Z"
"kafka:gr-raw","2025-05-18T15:00:42.258Z","I_R03_2025-05-18","R2","2025-05-18T15:00:41.049Z","GR86-035-11",0,0,,"2025-05-18T15:00:41.049Z"
"kafka:gr-raw","2025-05-18T15:00:07.795Z","I_R03_2025-05-18","R2","2025-05-18T15:00:07.340Z","GR86-035-11",0,18,,"2025-05-18T15:00:07.340Z"
"kafka:gr-raw","2025-05-18T14:45:59.588Z","I_R03_2025-05-18","R2","2025-05-18T14:45:57.306Z","GR86-035-11",0,17,,"2025-05-18T14:45:57.306Z"
"kafka:gr-raw","2025-05-18T14:43:31.379Z","I_R03_2025-05-18","R2","2025-05-18T14:43:28.303Z","GR86-035-11",0,16,,"2025-05-18T14:43:28.303Z"
"kafka:gr-raw","2025-05-18T14:40:59.648Z","I_R03_2025-05-18","R2","2025-05-18T14:40:59.385Z","GR86-035-11",0,15,,"2025-05-18T14:40:59.385Z"
"kafka:gr-raw","2025-05-18T14:38:29.784Z","I_R03_2025-05-18","R2","2025-05-18T14:38:29.482Z","GR86-035-11",0,14,,"2025-05-18T14:38:29.482Z"
"kafka:gr-raw","2025-05-18T14:36:03.006Z","I_R03_2025-05-18","R2","2025-05-18T14:36:01.602Z","GR86-035-11",0,13,,"2025-05-18T14:36:01.602Z"
"kafka:gr-raw","2025-05-18T14:33:34.035Z","I_R03_2025-05-18","R2","2025-05-18T14:33:33.793Z","GR86-035-11",0,12,,"2025-05-18T14:33:33.793Z"
"kafka:gr-raw","2025-05-18T14:31:07.133Z","I_R03_2025-05-18","R2","2025-05-18T14:31:06.291Z","GR86-035-11",0,11,,"2025-05-18T14:31:06.291Z"
"kafka:gr-raw","2025-05-18T14:28:40.478Z","I_R03_2025-05-18","R2","2025-05-18T14:28:38.730Z","GR86-035-11",0,10,,"2025-05-18T14:28:38.730Z"
"kafka:gr-raw","2025-05-18T14:26:12.518Z","I_R03_2025-05-18","R2","2025-05-18T14:26:11.297Z","GR86-035-11",0,9,,"2025-05-18T14:26:11.297Z"
"kafka:gr-raw","2025-05-18T14:23:43.950Z","I_R03_2025-05-18","R2","2025-05-18T14:23:43.509Z","GR86-035-11",0,8,,"2025-05-18T14:23:43.509Z"
"kafka:gr-raw","2025-05-18T14:21:20.082Z","I_R03_2025-05-18","R2","2025-05-18T14:21:14.116Z","GR86-035-11",0,7,,"2025-05-18T14:21:14.116Z"
"kafka:gr-raw","2025-05-18T14:18:45.711Z","I_R03_2025-05-18","R2","2025-05-18T14:18:45.538Z","GR86-035-11",0,6,,"2025-05-18T14:18:45.538Z"
"kafka:gr-raw","2025-05-18T14:16:17.622Z","I_R03_2025-05-18","R2","2025-05-18T14:16:16.959Z","GR86-035-11",0,5,,"2025-05-18T14:16:16.959Z"
"kafka:gr-raw","2025-05-18T14:13:51.034Z","I_R03_2025-05-18","R2","2025-05-18T14:13:49.643Z","GR86-035-11",0,4,,"2025-05-18T14:13:49.643Z"
"kafka:gr-raw","2025-05-18T14:11:21.122Z","I_R03_2025-05-18","R2","2025-05-18T14:11:20.496Z","GR86-035-11",0,3,,"2025-05-18T14:11:20.496Z"
"kafka:gr-raw","2025-05-18T14:07:39.899Z","I_R03_2025-05-18","R2","2025-05-18T14:07:39.090Z","GR86-035-11",0,2,,"2025-05-18T14:07:39.090Z"
"kafka:gr-raw","2025-05-18T14:05:03.325Z","I_R03_2025-05-18","R2","2025-05-18T14:05:01.394Z","GR86-035-11",0,1,,"2025-05-18T14:05:01.394Z"
"kafka:gr-raw","2025-05-18T13:52:44.417Z","I_R03_2025-05-18","R2","2025-05-18T13:52:32.106Z","GR86-035-11",0,32768,,"2025-05-18T13:52:32.106Z"
"kafka:gr-raw","2025-05-18T14:50:15.274Z","I_R03_2025-05-18","R2","2025-05-18T14:50:13.738Z","GR86-036-98",0,0,,"2025-05-18T14:50:13.738Z"
"kafka:gr-raw","2025-05-18T14:49:41.498Z","I_R03_2025-05-18","R2","2025-05-18T14:49:40.519Z","GR86-036-98",0,18,,"2025-05-18T14:49:40.519Z"
"kafka:gr-raw","2025-05-18T14:45:27.843Z","I_R03_2025-05-18","R2","2025-05-18T14:45:27.046Z","GR86-036-98",0,17,,"2025-05-18T14:45:27.046Z"
"kafka:gr-raw","2025-05-18T14:43:02.230Z","I_R03_2025-05-18","R2","2025-05-18T14:43:00.498Z","GR86-036-98",0,16,,"2025-05-18T14:43:00.498Z"
"kafka:gr-raw","2025-05-18T14:40:34.546Z","I_R03_2025-05-18","R2","2025-05-18T14:40:34.164Z","GR86-036-98",0,15,,"2025-05-18T14:40:34.164Z"
"kafka:gr-raw","2025-05-18T14:38:15.143Z","I_R03_2025-05-18","R2","2025-05-18T14:38:07.663Z","GR86-036-98",0,14,,"2025-05-18T14:38:07.663Z"
"kafka:gr-raw","2025-05-18T14:35:47.180Z","I_R03_2025-05-18","R2","2025-05-18T14:35:41.472Z","GR86-036-98",0,13,,"2025-05-18T14:35:41.472Z"
"kafka:gr-raw","2025-05-18T14:33:15.834Z","I_R03_2025-05-18","R2","2025-05-18T14:33:14.872Z","GR86-036-98",0,12,,"2025-05-18T14:33:14.872Z"
"kafka:gr-raw","2025-05-18T14:30:53.689Z","I_R03_2025-05-18","R2","2025-05-18T14:30:48.661Z","GR86-036-98",0,11,,"2025-05-18T14:30:48.661Z"
"kafka:gr-raw","2025-05-18T14:28:26.799Z","I_R03_2025-05-18","R2","2025-05-18T14:28:22.597Z","GR86-036-98",0,10,,"2025-05-18T14:28:22.597Z"
"kafka:gr-raw","2025-05-18T14:25:57.777Z","I_R03_2025-05-18","R2","2025-05-18T14:25:56.602Z","GR86-036-98",0,9,,"2025-05-18T14:25:56.602Z"
"kafka:gr-raw","2025-05-18T14:23:31.169Z","I_R03_2025-05-18","R2","2025-05-18T14:23:30.382Z","GR86-036-98",0,8,,"2025-05-18T14:23:30.382Z"
"kafka:gr-raw","2025-05-18T14:21:06.307Z","I_R03_2025-05-18","R2","2025-05-18T14:21:04.115Z","GR86-036-98",0,7,,"2025-05-18T14:21:04.115Z"
"kafka:gr-raw","2025-05-18T14:18:38.481Z","I_R03_2025-05-18","R2","2025-05-18T14:18:36.980Z","GR86-036-98",0,6,,"2025-05-18T14:18:36.980Z"
"kafka:gr-raw","2025-05-18T14:16:12.442Z","I_R03_2025-05-18","R2","2025-05-18T14:16:10.096Z","GR86-036-98",0,5,,"2025-05-18T14:16:10.096Z"
"kafka:gr-raw","2025-05-18T14:13:44.311Z","I_R03_2025-05-18","R2","2025-05-18T14:13:43.601Z","GR86-036-98",0,4,,"2025-05-18T14:13:43.601Z"
"kafka:gr-raw","2025-05-18T14:11:17.758Z","I_R03_2025-05-18","R2","2025-05-18T14:11:16.318Z","GR86-036-98",0,3,,"2025-05-18T14:11:16.318Z"
"kafka:gr-raw","2025-05-18T14:07:34.894Z","I_R03_2025-05-18","R2","2025-05-18T14:07:33.908Z","GR86-036-98",0,2,,"2025-05-18T14:07:33.908Z"
"kafka:gr-raw","2025-05-18T14:05:00.668Z","I_R03_2025-05-18","R2","2025-05-18T14:05:00.078Z","GR86-036-98",0,1,,"2025-05-18T14:05:00.078Z"
"kafka:gr-raw","2025-05-18T13:52:09.146Z","I_R03_2025-05-18","R2","2025-05-18T13:52:08.782Z","GR86-036-98",0,32768,,"2025-05-18T13:52:08.782Z"
"kafka:gr-raw","2025-05-18T14:45:59.502Z","I_R03_2025-05-18","R2","2025-05-18T14:45:58.011Z","GR86-040-3",0,17,,"2025-05-18T14:45:58.011Z"
"kafka:gr-raw","2025-05-18T14:43:31.622Z","I_R03_2025-05-18","R2","2025-05-18T14:43:29.097Z","GR86-040-3",0,16,,"2025-05-18T14:43:29.097Z"
"kafka:gr-raw","2025-05-18T14:41:01.642Z","I_R03_2025-05-18","R2","2025-05-18T14:40:59.504Z","GR86-040-3",0,15,,"2025-05-18T14:40:59.504Z"
"kafka:gr-raw","2025-05-18T14:38:31.027Z","I_R03_2025-05-18","R2","2025-05-18T14:38:30.695Z","GR86-040-3",0,14,,"2025-05-18T14:38:30.695Z"
"kafka:gr-raw","2025-05-18T14:36:03.308Z","I_R03_2025-05-18","R2","2025-05-18T14:36:03.064Z","GR86-040-3",0,13,,"2025-05-18T14:36:03.064Z"
"kafka:gr-raw","2025-05-18T14:33:36.650Z","I_R03_2025-05-18","R2","2025-05-18T14:33:35.105Z","GR86-040-3",0,12,,"2025-05-18T14:33:35.105Z"
"kafka:gr-raw","2025-05-18T14:31:08.450Z","I_R03_2025-05-18","R2","2025-05-18T14:31:07.572Z","GR86-040-3",0,11,,"2025-05-18T14:31:07.572Z"
"kafka:gr-raw","2025-05-18T14:28:40.459Z","I_R03_2025-05-18","R2","2025-05-18T14:28:39.481Z","GR86-040-3",0,10,,"2025-05-18T14:28:39.481Z"
"kafka:gr-raw","2025-05-18T14:26:12.534Z","I_R03_2025-05-18","R2","2025-05-18T14:26:11.878Z","GR86-040-3",0,9,,"2025-05-18T14:26:11.878Z"
"kafka:gr-raw","2025-05-18T14:23:45.671Z","I_R03_2025-05-18","R2","2025-05-18T14:23:44.093Z","GR86-040-3",0,8,,"2025-05-18T14:23:44.093Z"
"kafka:gr-raw","2025-05-18T14:21:20.235Z","I_R03_2025-05-18","R2","2025-05-18T14:21:15.094Z","GR86-040-3",0,7,,"2025-05-18T14:21:15.094Z"
"kafka:gr-raw","2025-05-18T14:18:47.676Z","I_R03_2025-05-18","R2","2025-05-18T14:18:47.396Z","GR86-040-3",0,6,,"2025-05-18T14:18:47.396Z"
"kafka:gr-raw","2025-05-18T14:16:18.805Z","I_R03_2025-05-18","R2","2025-05-18T14:16:18.208Z","GR86-040-3",0,5,,"2025-05-18T14:16:18.208Z"
"kafka:gr-raw","2025-05-18T14:13:50.979Z","I_R03_2025-05-18","R2","2025-05-18T14:13:49.989Z","GR86-040-3",0,4,,"2025-05-18T14:13:49.989Z"
"kafka:gr-raw","2025-05-18T14:11:22.793Z","I_R03_2025-05-18","R2","2025-05-18T14:11:20.909Z","GR86-040-3",0,3,,"2025-05-18T14:11:20.909Z"
"kafka:gr-raw","2025-05-18T14:07:40.027Z","I_R03_2025-05-18","R2","2025-05-18T14:07:39.805Z","GR86-040-3",0,2,,"2025-05-18T14:07:39.805Z"
"kafka:gr-raw","2025-05-18T14:05:03.345Z","I_R03_2025-05-18","R2","2025-05-18T14:05:01.108Z","GR86-040-3",0,1,,"2025-05-18T14:05:01.108Z"
"kafka:gr-raw","2025-05-18T13:52:25.294Z","I_R03_2025-05-18","R2","2025-05-18T13:52:24.391Z","GR86-040-3",0,32768,,"2025-05-18T13:52:24.391Z"
"kafka:gr-raw","2025-05-18T14:45:41.381Z","I_R03_2025-05-18","R2","2025-05-18T14:45:40.022Z","GR86-047-21",0,17,,"2025-05-18T14:45:40.022Z"
"kafka:gr-raw","2025-05-18T14:43:14.323Z","I_R03_2025-05-18","R2","2025-05-18T14:43:12.121Z","GR86-047-21",0,16,,"2025-05-18T14:43:12.121Z"
"kafka:gr-raw","2025-05-18T14:40:45.450Z","I_R03_2025-05-18","R2","2025-05-18T14:40:44.182Z","GR86-047-21",0,15,,"2025-05-18T14:40:44.182Z"
"kafka:gr-raw","2025-05-18T14:38:17.739Z","I_R03_2025-05-18","R2","2025-05-18T14:38:16.978Z","GR86-047-21",0,14,,"2025-05-18T14:38:16.978Z"
"kafka:gr-raw","2025-05-18T14:35:50.630Z","I_R03_2025-05-18","R2","2025-05-18T14:35:49.788Z","GR86-047-21",0,13,,"2025-05-18T14:35:49.788Z"
"kafka:gr-raw","2025-05-18T14:33:23.077Z","I_R03_2025-05-18","R2","2025-05-18T14:33:22.262Z","GR86-047-21",0,12,,"2025-05-18T14:33:22.262Z"
"kafka:gr-raw","2025-05-18T14:30:58.386Z","I_R03_2025-05-18","R2","2025-05-18T14:30:54.690Z","GR86-047-21",0,11,,"2025-05-18T14:30:54.690Z"
"kafka:gr-raw","2025-05-18T14:28:30.114Z","I_R03_2025-05-18","R2","2025-05-18T14:28:27.869Z","GR86-047-21",0,10,,"2025-05-18T14:28:27.869Z"
"kafka:gr-raw","2025-05-18T14:26:02.097Z","I_R03_2025-05-18","R2","2025-05-18T14:26:00.866Z","GR86-047-21",0,9,,"2025-05-18T14:26:00.866Z"
"kafka:gr-raw","2025-05-18T14:23:37.182Z","I_R03_2025-05-18","R2","2025-05-18T14:23:33.689Z","GR86-047-21",0,8,,"2025-05-18T14:23:33.689Z"
"kafka:gr-raw","2025-05-18T14:21:07.798Z","I_R03_2025-05-18","R2","2025-05-18T14:21:05.578Z","GR86-047-21",0,7,,"2025-05-18T14:21:05.578Z"
"kafka:gr-raw","2025-05-18T14:18:41.253Z","I_R03_2025-05-18","R2","2025-05-18T14:18:39.066Z","GR86-047-21",0,6,,"2025-05-18T14:18:39.066Z"
"kafka:gr-raw","2025-05-18T14:16:12.675Z","I_R03_2025-05-18","R2","2025-05-18T14:16:12.398Z","GR86-047-21",0,5,,"2025-05-18T14:16:12.398Z"
"kafka:gr-raw","2025-05-18T14:13:49.689Z","I_R03_2025-05-18","R2","2025-05-18T14:13:45.895Z","GR86-047-21",0,4,,"2025-05-18T14:13:45.895Z"
"kafka:gr-raw","2025-05-18T14:11:19.785Z","I_R03_2025-05-18","R2","2025-05-18T14:11:17.971Z","GR86-047-21",0,3,,"2025-05-18T14:11:17.971Z"
"kafka:gr-raw","2025-05-18T14:07:38.218Z","I_R03_2025-05-18","R2","2025-05-18T14:07:37.282Z","GR86-047-21",0,2,,"2025-05-18T14:07:37.282Z"
"kafka:gr-raw","2025-05-18T14:05:00.828Z","I_R03_2025-05-18","R2","2025-05-18T14:05:00.664Z","GR86-047-21",0,1,,"2025-05-18T14:05:00.664Z"
"kafka:gr-raw","2025-05-18T13:52:23.301Z","I_R03_2025-05-18","R2","2025-05-18T13:52:22.075Z","GR86-047-21",0,32768,,"2025-05-18T13:52:22.075Z"
"kafka:gr-raw","2025-05-18T14:45:59.559Z","I_R03_2025-05-18","R2","2025-05-18T14:45:56.754Z","GR86-049-88",0,17,,"2025-05-18T14:45:56.754Z"
"kafka:gr-raw","2025-05-18T14:43:28.145Z","I_R03_2025-05-18","R2","2025-05-18T14:43:27.360Z","GR86-049-88",0,16,,"2025-05-18T14:43:27.360Z"
"kafka:gr-raw","2025-05-18T14:40:59.621Z","I_R03_2025-05-18","R2","2025-05-18T14:40:58.957Z","GR86-049-88",0,15,,"2025-05-18T14:40:58.957Z"
"kafka:gr-raw","2025-05-18T14:38:26.742Z","I_R03_2025-05-18","R2","2025-05-18T14:38:26.448Z","GR86-049-88",0,14,,"2025-05-18T14:38:26.448Z"
"kafka:gr-raw","2025-05-18T14:38:26.624Z","I_R03_2025-05-18","R2","2025-05-18T14:38:26.373Z","GR86-049-88",0,15,,"2025-05-18T14:38:26.373Z"
"kafka:gr-raw","2025-05-18T14:38:26.623Z","I_R03_2025-05-18","R2","2025-05-18T14:38:26.372Z","GR86-049-88",0,14,,"2025-05-18T14:38:26.372Z"
"kafka:gr-raw","2025-05-18T14:35:57.522Z","I_R03_2025-05-18","R2","2025-05-18T14:35:57.154Z","GR86-049-88",0,13,,"2025-05-18T14:35:57.154Z"
"kafka:gr-raw","2025-05-18T14:33:32.448Z","I_R03_2025-05-18","R2","2025-05-18T14:33:29.738Z","GR86-049-88",0,12,,"2025-05-18T14:33:29.738Z"
"kafka:gr-raw","2025-05-18T14:31:02.636Z","I_R03_2025-05-18","R2","2025-05-18T14:31:00.992Z","GR86-049-88",0,11,,"2025-05-18T14:31:00.992Z"
"kafka:gr-raw","2025-05-18T14:28:33.669Z","I_R03_2025-05-18","R2","2025-05-18T14:28:32.539Z","GR86-049-88",0,10,,"2025-05-18T14:28:32.539Z"
"kafka:gr-raw","2025-05-18T14:26:07.830Z","I_R03_2025-05-18","R2","2025-05-18T14:26:04.392Z","GR86-049-88",0,9,,"2025-05-18T14:26:04.392Z"
"kafka:gr-raw","2025-05-18T14:23:39.472Z","I_R03_2025-05-18","R2","2025-05-18T14:23:37.495Z","GR86-049-88",0,8,,"2025-05-18T14:23:37.495Z"
"kafka:gr-raw","2025-05-18T14:23:39.472Z","I_R03_2025-05-18","R2","2025-05-18T14:23:37.399Z","GR86-049-88",0,9,,"2025-05-18T14:23:37.399Z"
"kafka:gr-raw","2025-05-18T14:23:39.472Z","I_R03_2025-05-18","R2","2025-05-18T14:23:37.397Z","GR86-049-88",0,8,,"2025-05-18T14:23:37.397Z"
"kafka:gr-raw","2025-05-18T14:21:19.665Z","I_R03_2025-05-18","R2","2025-05-18T14:21:10.319Z","GR86-049-88",0,7,,"2025-05-18T14:21:10.319Z"
"kafka:gr-raw","2025-05-18T14:18:43.832Z","I_R03_2025-05-18","R2","2025-05-18T14:18:42.159Z","GR86-049-88",0,6,,"2025-05-18T14:18:42.159Z"
"kafka:gr-raw","2025-05-18T14:16:17.388Z","I_R03_2025-05-18","R2","2025-05-18T14:16:14.187Z","GR86-049-88",0,5,,"2025-05-18T14:16:14.187Z"
"kafka:gr-raw","2025-05-18T14:13:49.657Z","I_R03_2025-05-18","R2","2025-05-18T14:13:47.149Z","GR86-049-88",0,4,,"2025-05-18T14:13:47.149Z"
"kafka:gr-raw","2025-05-18T14:11:19.720Z","I_R03_2025-05-18","R2","2025-05-18T14:11:19.183Z","GR86-049-88",0,3,,"2025-05-18T14:11:19.183Z"
"kafka:gr-raw","2025-05-18T14:07:38.357Z","I_R03_2025-05-18","R2","2025-05-18T14:07:37.954Z","GR86-049-88",0,2,,"2025-05-18T14:07:37.954Z"
"kafka:gr-raw","2025-05-18T14:05:03.249Z","I_R03_2025-05-18","R2","2025-05-18T14:05:00.750Z","GR86-049-88",0,1,,"2025-05-18T14:05:00.750Z"
"kafka:gr-raw","2025-05-18T13:52:25.164Z","I_R03_2025-05-18","R2","2025-05-18T13:52:23.349Z","GR86-049-88",0,32768,,"2025-05-18T13:52:23.349Z"
"kafka:gr-raw","2025-05-18T15:01:16.752Z","I_R03_2025-05-18","R2","2025-05-18T15:01:13.570Z","GR86-051-71",0,18,,"2025-05-18T15:01:13.570Z"
"kafka:gr-raw","2025-05-18T14:45:37.325Z","I_R03_2025-05-18","R2","2025-05-18T14:45:36.180Z","GR86-051-71",0,17,,"2025-05-18T14:45:36.180Z"
"kafka:gr-raw","2025-05-18T14:43:06.726Z","I_R03_2025-05-18","R2","2025-05-18T14:43:06.276Z","GR86-051-71",0,16,,"2025-05-18T14:43:06.276Z"
"kafka:gr-raw","2025-05-18T14:40:39.861Z","I_R03_2025-05-18","R2","2025-05-18T14:40:39.276Z","GR86-051-71",0,15,,"2025-05-18T14:40:39.276Z"
"kafka:gr-raw","2025-05-18T14:38:16.207Z","I_R03_2025-05-18","R2","2025-05-18T14:38:10.892Z","GR86-051-71",0,14,,"2025-05-18T14:38:10.892Z"
"kafka:gr-raw","2025-05-18T14:35:47.020Z","I_R03_2025-05-18","R2","2025-05-18T14:35:43.543Z","GR86-051-71",0,13,,"2025-05-18T14:35:43.543Z"
"kafka:gr-raw","2025-05-18T14:35:47.019Z","I_R03_2025-05-18","R2","2025-05-18T14:35:43.503Z","GR86-051-71",0,14,,"2025-05-18T14:35:43.503Z"
"kafka:gr-raw","2025-05-18T14:35:47.018Z","I_R03_2025-05-18","R2","2025-05-18T14:35:43.501Z","GR86-051-71",0,13,,"2025-05-18T14:35:43.501Z"
"kafka:gr-raw","2025-05-18T14:33:17.185Z","I_R03_2025-05-18","R2","2025-05-18T14:33:16.860Z","GR86-051-71",0,12,,"2025-05-18T14:33:16.860Z"
"kafka:gr-raw","2025-05-18T14:30:54.066Z","I_R03_2025-05-18","R2","2025-05-18T14:30:50.576Z","GR86-051-71",0,11,,"2025-05-18T14:30:50.576Z"
"kafka:gr-raw","2025-05-18T14:28:26.682Z","I_R03_2025-05-18","R2","2025-05-18T14:28:24.492Z","GR86-051-71",0,10,,"2025-05-18T14:28:24.492Z"
"kafka:gr-raw","2025-05-18T14:26:00.033Z","I_R03_2025-05-18","R2","2025-05-18T14:25:58.247Z","GR86-051-71",0,9,,"2025-05-18T14:25:58.247Z"
"kafka:gr-raw","2025-05-18T14:23:37.088Z","I_R03_2025-05-18","R2","2025-05-18T14:23:31.988Z","GR86-051-71",0,8,,"2025-05-18T14:23:31.988Z"
"kafka:gr-raw","2025-05-18T14:21:07.641Z","I_R03_2025-05-18","R2","2025-05-18T14:21:04.351Z","GR86-051-71",0,7,,"2025-05-18T14:21:04.351Z"
"kafka:gr-raw","2025-05-18T14:18:38.402Z","I_R03_2025-05-18","R2","2025-05-18T14:18:37.562Z","GR86-051-71",0,6,,"2025-05-18T14:18:37.562Z"
"kafka:gr-raw","2025-05-18T14:16:12.623Z","I_R03_2025-05-18","R2","2025-05-18T14:16:11.165Z","GR86-051-71",0,5,,"2025-05-18T14:16:11.165Z"
"kafka:gr-raw","2025-05-18T14:13:49.721Z","I_R03_2025-05-18","R2","2025-05-18T14:13:44.942Z","GR86-051-71",0,4,,"2025-05-18T14:13:44.942Z"
"kafka:gr-raw","2025-05-18T14:11:17.918Z","I_R03_2025-05-18","R2","2025-05-18T14:11:17.060Z","GR86-051-71",0,3,,"2025-05-18T14:11:17.060Z"
"kafka:gr-raw","2025-05-18T14:07:36.461Z","I_R03_2025-05-18","R2","2025-05-18T14:07:35.514Z","GR86-051-71",0,2,,"2025-05-18T14:07:35.514Z"
"kafka:gr-raw","2025-05-18T14:05:00.691Z","I_R03_2025-05-18","R2","2025-05-18T14:05:00.287Z","GR86-051-71",0,1,,"2025-05-18T14:05:00.287Z"
"kafka:gr-raw","2025-05-18T13:52:21.604Z","I_R03_2025-05-18","R2","2025-05-18T13:52:19.708Z","GR86-051-71",0,32768,,"2025-05-18T13:52:19.708Z"
"kafka:gr-raw","2025-05-18T14:45:27.956Z","I_R03_2025-05-18","R2","2025-05-18T14:45:26.756Z","GR86-060-031",0,16,,"2025-05-18T14:45:26.756Z"
"kafka:gr-raw","2025-05-18T14:43:00.432Z","I_R03_2025-05-18","R2","2025-05-18T14:42:59.963Z","GR86-060-031",0,15,,"2025-05-18T14:42:59.963Z"
"kafka:gr-raw","2025-05-18T14:40:34.548Z","I_R03_2025-05-18","R2","2025-05-18T14:40:33.362Z","GR86-060-031",0,14,,"2025-05-18T14:40:33.362Z"
"kafka:gr-raw","2025-05-18T14:38:14.811Z","I_R03_2025-05-18","R2","2025-05-18T14:38:07.053Z","GR86-060-031",0,13,,"2025-05-18T14:38:07.053Z"
"kafka:gr-raw","2025-05-18T14:35:45.313Z","I_R03_2025-05-18","R2","2025-05-18T14:35:40.856Z","GR86-060-031",0,12,,"2025-05-18T14:35:40.856Z"
"kafka:gr-raw","2025-05-18T14:33:15.726Z","I_R03_2025-05-18","R2","2025-05-18T14:33:14.684Z","GR86-060-031",0,11,,"2025-05-18T14:33:14.684Z"
"kafka:gr-raw","2025-05-18T14:30:48.268Z","I_R03_2025-05-18","R2","2025-05-18T14:30:47.852Z","GR86-060-031",0,10,,"2025-05-18T14:30:47.852Z"
"kafka:gr-raw","2025-05-18T14:28:26.812Z","I_R03_2025-05-18","R2","2025-05-18T14:28:21.762Z","GR86-060-031",0,9,,"2025-05-18T14:28:21.762Z"
"kafka:gr-raw","2025-05-18T14:25:56.409Z","I_R03_2025-05-18","R2","2025-05-18T14:25:55.864Z","GR86-060-031",0,8,,"2025-05-18T14:25:55.864Z"
"kafka:gr-raw","2025-05-18T14:23:31.174Z","I_R03_2025-05-18","R2","2025-05-18T14:23:29.870Z","GR86-060-031",0,7,,"2025-05-18T14:23:29.870Z"
"kafka:gr-raw","2025-05-18T14:21:06.310Z","I_R03_2025-05-18","R2","2025-05-18T14:21:03.667Z","GR86-060-031",0,6,,"2025-05-18T14:21:03.667Z"
"kafka:gr-raw","2025-05-18T14:18:38.264Z","I_R03_2025-05-18","R2","2025-05-18T14:18:36.510Z","GR86-060-031",0,5,,"2025-05-18T14:18:36.510Z"
"kafka:gr-raw","2025-05-18T14:16:11.311Z","I_R03_2025-05-18","R2","2025-05-18T14:16:09.935Z","GR86-060-031",0,4,,"2025-05-18T14:16:09.935Z"
"kafka:gr-raw","2025-05-18T14:13:44.421Z","I_R03_2025-05-18","R2","2025-05-18T14:13:43.469Z","GR86-060-031",0,3,,"2025-05-18T14:13:43.469Z"
"kafka:gr-raw","2025-05-18T14:13:44.421Z","I_R03_2025-05-18","R2","2025-05-18T14:13:43.292Z","GR86-060-031",0,3,,"2025-05-18T14:13:43.292Z"
"kafka:gr-raw","2025-05-18T14:13:44.420Z","I_R03_2025-05-18","R2","2025-05-18T14:13:43.293Z","GR86-060-031",0,4,,"2025-05-18T14:13:43.293Z"
"kafka:gr-raw","2025-05-18T14:11:17.770Z","I_R03_2025-05-18","R2","2025-05-18T14:11:16.356Z","GR86-060-031",0,2,,"2025-05-18T14:11:16.356Z"
"kafka:gr-raw","2025-05-18T14:07:34.800Z","I_R03_2025-05-18","R2","2025-05-18T14:07:33.531Z","GR86-060-031",0,1,,"2025-05-18T14:07:33.531Z"
"kafka:gr-raw","2025-05-18T14:05:00.763Z","I_R03_2025-05-18","R2","2025-05-18T14:04:59.661Z","GR86-060-031",0,32768,,"2025-05-18T14:04:59.661Z"
"kafka:gr-raw","2025-05-18T14:00:38.025Z","I_R03_2025-05-18","R2","2025-05-18T14:00:36.647Z","GR86-060-031",0,1,,"2025-05-18T14:00:36.647Z"
"kafka:gr-raw","2025-05-18T13:52:06.999Z","I_R03_2025-05-18","R2","2025-05-18T13:52:06.277Z","GR86-060-031",0,32768,,"2025-05-18T13:52:06.277Z"
"kafka:gr-raw","2025-05-18T14:49:45.226Z","I_R03_2025-05-18","R2","2025-05-18T14:49:43.365Z","GR86-061-51",0,0,,"2025-05-18T14:49:43.365Z"
"kafka:gr-raw","2025-05-18T14:49:22.972Z","I_R03_2025-05-18","R2","2025-05-18T14:49:17.812Z","GR86-061-51",0,18,,"2025-05-18T14:49:17.812Z"
"kafka:gr-raw","2025-05-18T14:45:59.065Z","I_R03_2025-05-18","R2","2025-05-18T14:45:57.395Z","GR86-061-51",0,17,,"2025-05-18T14:45:57.395Z"
"kafka:gr-raw","2025-05-18T14:43:28.168Z","I_R03_2025-05-18","R2","2025-05-18T14:43:27.644Z","GR86-061-51",0,16,,"2025-05-18T14:43:27.644Z"
"kafka:gr-raw","2025-05-18T14:40:59.457Z","I_R03_2025-05-18","R2","2025-05-18T14:40:59.121Z","GR86-061-51",0,15,,"2025-05-18T14:40:59.121Z"
"kafka:gr-raw","2025-05-18T14:38:29.634Z","I_R03_2025-05-18","R2","2025-05-18T14:38:29.037Z","GR86-061-51",0,14,,"2025-05-18T14:38:29.037Z"
"kafka:gr-raw","2025-05-18T14:36:01.520Z","I_R03_2025-05-18","R2","2025-05-18T14:36:01.016Z","GR86-061-51",0,13,,"2025-05-18T14:36:01.016Z"
"kafka:gr-raw","2025-05-18T14:33:33.962Z","I_R03_2025-05-18","R2","2025-05-18T14:33:33.425Z","GR86-061-51",0,12,,"2025-05-18T14:33:33.425Z"
"kafka:gr-raw","2025-05-18T14:31:06.855Z","I_R03_2025-05-18","R2","2025-05-18T14:31:05.580Z","GR86-061-51",0,11,,"2025-05-18T14:31:05.580Z"
"kafka:gr-raw","2025-05-18T14:28:38.321Z","I_R03_2025-05-18","R2","2025-05-18T14:28:38.093Z","GR86-061-51",0,10,,"2025-05-18T14:28:38.093Z"
"kafka:gr-raw","2025-05-18T14:26:12.288Z","I_R03_2025-05-18","R2","2025-05-18T14:26:10.434Z","GR86-061-51",0,9,,"2025-05-18T14:26:10.434Z"
"kafka:gr-raw","2025-05-18T14:23:43.605Z","I_R03_2025-05-18","R2","2025-05-18T14:23:42.791Z","GR86-061-51",0,8,,"2025-05-18T14:23:42.791Z"
"kafka:gr-raw","2025-05-18T14:21:19.552Z","I_R03_2025-05-18","R2","2025-05-18T14:21:14.324Z","GR86-061-51",0,7,,"2025-05-18T14:21:14.324Z"
"kafka:gr-raw","2025-05-18T14:18:47.620Z","I_R03_2025-05-18","R2","2025-05-18T14:18:46.829Z","GR86-061-51",0,6,,"2025-05-18T14:18:46.829Z"
"kafka:gr-raw","2025-05-18T14:18:47.619Z","I_R03_2025-05-18","R2","2025-05-18T14:18:46.792Z","GR86-061-51",0,7,,"2025-05-18T14:18:46.792Z"
"kafka:gr-raw","2025-05-18T14:18:47.618Z","I_R03_2025-05-18","R2","2025-05-18T14:18:46.791Z","GR86-061-51",0,6,,"2025-05-18T14:18:46.791Z"
"kafka:gr-raw","2025-05-18T14:16:18.745Z","I_R03_2025-05-18","R2","2025-05-18T14:16:18.085Z","GR86-061-51",0,5,,"2025-05-18T14:16:18.085Z"
"kafka:gr-raw","2025-05-18T14:13:50.919Z","I_R03_2025-05-18","R2","2025-05-18T14:13:49.897Z","GR86-061-51",0,4,,"2025-05-18T14:13:49.897Z"
"kafka:gr-raw","2025-05-18T14:11:21.092Z","I_R03_2025-05-18","R2","2025-05-18T14:11:20.123Z","GR86-061-51",0,3,,"2025-05-18T14:11:20.123Z"
"kafka:gr-raw","2025-05-18T14:07:39.776Z","I_R03_2025-05-18","R2","2025-05-18T14:07:38.500Z","GR86-061-51",0,2,,"2025-05-18T14:07:38.500Z"
"kafka:gr-raw","2025-05-18T14:05:03.089Z","I_R03_2025-05-18","R2","2025-05-18T14:05:01.102Z","GR86-061-51",0,1,,"2025-05-18T14:05:01.102Z"
"kafka:gr-raw","2025-05-18T13:52:31.563Z","I_R03_2025-05-18","R2","2025-05-18T13:52:26.030Z","GR86-061-51",0,32768,,"2025-05-18T13:52:26.030Z"
"kafka:gr-raw","2025-05-18T13:52:31.563Z","I_R03_2025-05-18","R2","2025-05-18T13:52:25.991Z","GR86-061-51",0,1,,"2025-05-18T13:52:25.991Z"
"kafka:gr-raw","2025-05-18T13:52:31.562Z","I_R03_2025-05-18","R2","2025-05-18T13:52:25.989Z","GR86-061-51",0,32768,,"2025-05-18T13:52:25.989Z"
"kafka:gr-raw","2025-05-18T14:51:01.389Z","I_R03_2025-05-18","R2","2025-05-18T14:50:57.135Z","GR86-063-113",0,0,,"2025-05-18T14:50:57.135Z"
"kafka:gr-raw","2025-05-18T14:50:18.789Z","I_R03_2025-05-18","R2","2025-05-18T14:50:17.196Z","GR86-063-113",0,18,,"2025-05-18T14:50:17.196Z"
"kafka:gr-raw","2025-05-18T14:45:59.631Z","I_R03_2025-05-18","R2","2025-05-18T14:45:58.151Z","GR86-063-113",0,17,,"2025-05-18T14:45:58.151Z"
"kafka:gr-raw","2025-05-18T14:43:31.399Z","I_R03_2025-05-18","R2","2025-05-18T14:43:29.277Z","GR86-063-113",0,16,,"2025-05-18T14:43:29.277Z"
"kafka:gr-raw","2025-05-18T14:41:01.886Z","I_R03_2025-05-18","R2","2025-05-18T14:41:01.675Z","GR86-063-113",0,15,,"2025-05-18T14:41:01.675Z"
"kafka:gr-raw","2025-05-18T14:38:34.861Z","I_R03_2025-05-18","R2","2025-05-18T14:38:33.515Z","GR86-063-113",0,14,,"2025-05-18T14:38:33.515Z"
"kafka:gr-raw","2025-05-18T14:36:06.747Z","I_R03_2025-05-18","R2","2025-05-18T14:36:06.580Z","GR86-063-113",0,13,,"2025-05-18T14:36:06.580Z"
"kafka:gr-raw","2025-05-18T14:33:40.124Z","I_R03_2025-05-18","R2","2025-05-18T14:33:39.740Z","GR86-063-113",0,12,,"2025-05-18T14:33:39.740Z"
"kafka:gr-raw","2025-05-18T14:31:12.972Z","I_R03_2025-05-18","R2","2025-05-18T14:31:11.967Z","GR86-063-113",0,11,,"2025-05-18T14:31:11.967Z"
"kafka:gr-raw","2025-05-18T14:28:27.017Z","I_R03_2025-05-18","R2","2025-05-18T14:28:25.948Z","GR86-063-113",0,10,,"2025-05-18T14:28:25.948Z"
"kafka:gr-raw","2025-05-18T14:26:01.988Z","I_R03_2025-05-18","R2","2025-05-18T14:25:59.861Z","GR86-063-113",0,9,,"2025-05-18T14:25:59.861Z"
"kafka:gr-raw","2025-05-18T14:23:37.110Z","I_R03_2025-05-18","R2","2025-05-18T14:23:33.355Z","GR86-063-113",0,8,,"2025-05-18T14:23:33.355Z"
"kafka:gr-raw","2025-05-18T14:21:07.658Z","I_R03_2025-05-18","R2","2025-05-18T14:21:05.057Z","GR86-063-113",0,7,,"2025-05-18T14:21:05.057Z"
"kafka:gr-raw","2025-05-18T14:18:41.230Z","I_R03_2025-05-18","R2","2025-05-18T14:18:38.554Z","GR86-063-113",0,6,,"2025-05-18T14:18:38.554Z"
"kafka:gr-raw","2025-05-18T14:16:12.655Z","I_R03_2025-05-18","R2","2025-05-18T14:16:12.137Z","GR86-063-113",0,5,,"2025-05-18T14:16:12.137Z"
"kafka:gr-raw","2025-05-18T14:13:49.846Z","I_R03_2025-05-18","R2","2025-05-18T14:13:45.325Z","GR86-063-113",0,4,,"2025-05-18T14:13:45.325Z"
"kafka:gr-raw","2025-05-18T14:11:17.846Z","I_R03_2025-05-18","R2","2025-05-18T14:11:17.343Z","GR86-063-113",0,3,,"2025-05-18T14:11:17.343Z"
"kafka:gr-raw","2025-05-18T14:07:36.435Z","I_R03_2025-05-18","R2","2025-05-18T14:07:35.937Z","GR86-063-113",0,2,,"2025-05-18T14:07:35.937Z"
"kafka:gr-raw","2025-05-18T14:05:00.662Z","I_R03_2025-05-18","R2","2025-05-18T14:04:59.876Z","GR86-063-113",0,1,,"2025-05-18T14:04:59.876Z"
"kafka:gr-raw","2025-05-18T13:52:10.984Z","I_R03_2025-05-18","R2","2025-05-18T13:52:09.465Z","GR86-063-113",0,32768,,"2025-05-18T13:52:09.465Z"
"kafka:gr-raw","2025-05-18T14:49:23.324Z","I_R03_2025-05-18","R2","2025-05-18T14:49:22.732Z","GR86-065-5",0,18,,"2025-05-18T14:49:22.732Z"
"kafka:gr-raw","2025-05-18T14:46:09.443Z","I_R03_2025-05-18","R2","2025-05-18T14:46:08.933Z","GR86-065-5",0,17,,"2025-05-18T14:46:08.933Z"
"kafka:gr-raw","2025-05-18T14:43:39.689Z","I_R03_2025-05-18","R2","2025-05-18T14:43:38.903Z","GR86-065-5",0,16,,"2025-05-18T14:43:38.903Z"
"kafka:gr-raw","2025-05-18T14:41:12.344Z","I_R03_2025-05-18","R2","2025-05-18T14:41:10.575Z","GR86-065-5",0,15,,"2025-05-18T14:41:10.575Z"
"kafka:gr-raw","2025-05-18T14:41:12.344Z","I_R03_2025-05-18","R2","2025-05-18T14:41:10.572Z","GR86-065-5",0,15,,"2025-05-18T14:41:10.572Z"
"kafka:gr-raw","2025-05-18T14:41:12.344Z","I_R03_2025-05-18","R2","2025-05-18T14:41:10.574Z","GR86-065-5",0,16,,"2025-05-18T14:41:10.574Z"
"kafka:gr-raw","2025-05-18T14:38:43.517Z","I_R03_2025-05-18","R2","2025-05-18T14:38:42.300Z","GR86-065-5",0,14,,"2025-05-18T14:38:42.300Z"
"kafka:gr-raw","2025-05-18T14:36:15.267Z","I_R03_2025-05-18","R2","2025-05-18T14:36:13.555Z","GR86-065-5",0,13,,"2025-05-18T14:36:13.555Z"
"kafka:gr-raw","2025-05-18T14:33:47.183Z","I_R03_2025-05-18","R2","2025-05-18T14:33:45.579Z","GR86-065-5",0,12,,"2025-05-18T14:33:45.579Z"
"kafka:gr-raw","2025-05-18T14:31:19.045Z","I_R03_2025-05-18","R2","2025-05-18T14:31:17.554Z","GR86-065-5",0,11,,"2025-05-18T14:31:17.554Z"
"kafka:gr-raw","2025-05-18T14:28:50.381Z","I_R03_2025-05-18","R2","2025-05-18T14:28:50.077Z","GR86-065-5",0,10,,"2025-05-18T14:28:50.077Z"
"kafka:gr-raw","2025-05-18T14:26:25.524Z","I_R03_2025-05-18","R2","2025-05-18T14:26:22.288Z","GR86-065-5",0,9,,"2025-05-18T14:26:22.288Z"
"kafka:gr-raw","2025-05-18T14:23:55.091Z","I_R03_2025-05-18","R2","2025-05-18T14:23:54.390Z","GR86-065-5",0,8,,"2025-05-18T14:23:54.390Z"
"kafka:gr-raw","2025-05-18T14:23:55.091Z","I_R03_2025-05-18","R2","2025-05-18T14:23:54.350Z","GR86-065-5",0,9,,"2025-05-18T14:23:54.350Z"
"kafka:gr-raw","2025-05-18T14:23:55.091Z","I_R03_2025-05-18","R2","2025-05-18T14:23:54.348Z","GR86-065-5",0,8,,"2025-05-18T14:23:54.348Z"
"kafka:gr-raw","2025-05-18T14:21:26.640Z","I_R03_2025-05-18","R2","2025-05-18T14:21:25.676Z","GR86-065-5",0,7,,"2025-05-18T14:21:25.676Z"
"kafka:gr-raw","2025-05-18T14:19:00.062Z","I_R03_2025-05-18","R2","2025-05-18T14:18:56.969Z","GR86-065-5",0,6,,"2025-05-18T14:18:56.969Z"
"kafka:gr-raw","2025-05-18T14:16:17.603Z","I_R03_2025-05-18","R2","2025-05-18T14:16:16.157Z","GR86-065-5",0,5,,"2025-05-18T14:16:16.157Z"
"kafka:gr-raw","2025-05-18T14:13:49.951Z","I_R03_2025-05-18","R2","2025-05-18T14:13:49.136Z","GR86-065-5",0,4,,"2025-05-18T14:13:49.136Z"
"kafka:gr-raw","2025-05-18T14:11:22.759Z","I_R03_2025-05-18","R2","2025-05-18T14:11:21.063Z","GR86-065-5",0,3,,"2025-05-18T14:11:21.063Z"
"kafka:gr-raw","2025-05-18T14:07:41.569Z","I_R03_2025-05-18","R2","2025-05-18T14:07:40.163Z","GR86-065-5",0,2,,"2025-05-18T14:07:40.163Z"
"kafka:gr-raw","2025-05-18T14:05:03.406Z","I_R03_2025-05-18","R2","2025-05-18T14:05:01.552Z","GR86-065-5",0,1,,"2025-05-18T14:05:01.552Z"
"kafka:gr-raw","2025-05-18T13:52:44.578Z","I_R03_2025-05-18","R2","2025-05-18T13:52:33.183Z","GR86-065-5",0,32768,,"2025-05-18T13:52:33.183Z"