expire_at,lap,meta_event,meta_session,meta_source,meta_time,original_vehicle_id,outing,timestamp,vehicle_id,vehicle_number
,1,I_R07_2025-10-19,R2,kafka:gr-cup-raw,2025-10-19T15:02:04.034Z,GR86-060-2,0,2025-10-19T15:02:03.527Z,GR86-060-2,2
,2,I_R07_2025-10-19,R2,kafka:gr-cup-raw,2025-10-19T15:04:35.499Z,GR86-060-2,0,2025-10-19T15:04:34.929Z,GR86-060-2,2
,3,I_R07_2025-10-19,R2,kafka:gr-cup-raw,2025-10-19T15:07:08.113Z,GR86-060-2,0,2025-10-19T15:06:29.477Z,GR86-060-2,2
,4,I_R07_2025-10-19,R2,kafka:gr-cup-raw,2025-10-19T15:09:01.925Z,GR86-060-2,0,2025-10-19T15:08:32.954Z,GR86-060-2,2
,5,I_R07_2025-10-19,R2,kafka:gr-cup-raw,2025-10-19T15:10:51.578Z,GR86-060-2,0,2025-10-19T15:10:45.626Z,GR86-060-2,2
,6,I_R07_2025-10-19,R2,kafka:gr-cup-raw,2025-10-19T15:12:32.631Z,GR86-060-2,0,2025-10-19T15:12:31.835Z,GR86-060-2,2
,7,I_R07_2025-10-19,R2,kafka:gr-cup-raw,2025-10-19T15:14:17.416Z,GR86-060-2,0,2025-10-19T15:14:16.033Z,GR86-060-2,2
,8,I_R07_2025-10-19,R2,kafka:gr-cup-raw,2025-10-19T15:16:00.198Z,GR86-060-2,0,2025-10-19T15:15:58.805Z,GR86-060-2,2
,9,I_R07_2025-10-19,R2,kafka:gr-cup-raw,2025-10-19T15:17:41.837Z,GR86-060-2,0,2025-10-19T15:17:41.064Z,GR86-060-2,2
,10,I_R07_2025-10-19,R2,kafka:gr-cup-raw,2025-10-19T15:19:23.542Z,GR86-060-2,0,2025-10-19T15:19:22.874Z,GR86-060-2,2
,11,I_R07_2025-10-19,R2,kafka:gr-cup-raw,2025-10-19T15:21:05.575Z,GR86-060-2,0,2025-10-19T15:21:05.098Z,GR86-060-2,2
,12,I_R07_2025-10-19,R2,kafka:gr-cup-raw,2025-10-19T15:22:49.927Z,GR86-060-2,0,2025-10-19T15:22:48.272Z,GR86-060-2,2
,13,I_R07_2025-10-19,R2,kafka:gr-cup-raw,2025-10-19T15:24:31.176Z,GR86-060-2,0,2025-10-19T15:24:30.329Z,GR86-060-2,2
,14,I_R07_2025-10-19,R2,kafka:gr-cup-raw,2025-10-19T15:26:14.819Z,GR86-060-2,0,2025-10-19T15:26:14.313Z,GR86-060-2,2
,15,I_R07_2025-10-19,R2,kafka:gr-cup-raw,2025-10-19T15:28:00.226Z,GR86-060-2,0,2025-10-19T15:27:56.078Z,GR86-060-2,2
,16,I_R07_2025-10-19,R2,kafka:gr-cup-raw,2025-10-19T15:30:46.212Z,GR86-060-2,0,2025-10-19T15:29:54.467Z,GR86-060-2,2
,17,I_R07_2025-10-19,R2,kafka:gr-cup-raw,2025-10-19T15:32:25.483Z,GR86-060-2,0,2025-10-19T15:32:23.647Z,GR86-060-2,2
,18,I_R07_2025-10-19,R2,kafka:gr-cup-raw,2025-10-19T15:34:56.512Z,GR86-060-2,0,2025-10-19T15:34:56.065Z,GR86-060-2,2
,19,I_R07_2025-10-19,R2,kafka:gr-cup-raw,2025-10-19T15:37:05.929Z,GR86-060-2,0,2025-10-19T15:37:05.341Z,GR86-060-2,2
,20,I_R07_2025-10-19,R2,kafka:gr-cup-raw,2025-10-19T15:38:50.272Z,GR86-060-2,0,2025-10-19T15:38:49.636Z,GR86-060-2,2
,21,I_R07_2025-10-19,R2,kafka:gr-cup-raw,2025-10-19T15:41:06.818Z,GR86-060-2,0,2025-10-19T15:41:01.478Z,GR86-060-2,2
,22,I_R07_2025-10-19,R2,kafka:gr-cup-raw,2025-10-19T15:43:25.157Z,GR86-060-2,0,2025-10-19T15:43:24.891Z,GR86-060-2,2
,23,I_R07_2025-10-19,R2,kafka:gr-cup-raw,2025-10-19T15:45:47.400Z,GR86-060-2,0,2025-10-19T15:45:46.685Z,GR86-060-2,2
,24,I_R07_2025-10-19,R2,kafka:gr-cup-raw,2025-10-19T15:48:01.913Z,GR86-060-2,0,2025-10-19T15:48:00.174Z,GR86-060-2,2
,25,I_R07_2025-10-19,R2,kafka:gr-cup-raw,2025-10-19T15:50:10.381Z,GR86-060-2,0,2025-10-19T15:50:09.566Z,GR86-060-2,2
,25,I_R07_2025-10-19,R2,kafka:gr-cup-raw,2025-10-19T15:50:10.464Z,GR86-060-2,0,2025-10-19T15:50:09.571Z,GR86-060-2,2
,26,I_R07_2025-10-19,R2,kafka:gr-cup-raw,2025-10-19T15:52:58.950Z,GR86-060-2,0,2025-10-19T15:52:58.665Z,GR86-060-2,2
,26,I_R07_2025-10-19,R2,kafka:gr-cup-raw,2025-10-19T15:50:10.463Z,GR86-060-2,0,2025-10-19T15:50:09.568Z,GR86-060-2,2
,27,I_R07_2025-10-19,R2,kafka:gr-cup-raw,2025-10-19T15:59:40.701Z,GR86-060-2,0,2025-10-19T15:59:22.545Z,GR86-060-2,2
,32768,I_R07_2025-10-19,R2,kafka:gr-cup-raw,2025-10-19T16:02:27.369Z,GR86-060-2,0,2025-10-19T16:02:19.721Z,GR86-060-2,2
,32768,I_R07_2025-10-19,R2,kafka:gr-cup-raw,2025-10-19T14:59:26.184Z,GR86-060-2,0,2025-10-19T14:59:22.030Z,GR86-060-2,2
,1,I_R07_2025-10-19,R2,kafka:gr-cup-raw,2025-10-19T15:02:13.476Z,GR86-012-8,0,2025-10-19T15:02:12.869Z,GR86-012-8,8
,2,I_R07_2025-10-19,R2,kafka:gr-cup-raw,2025-10-19T15:04:37.181Z,GR86-012-8,0,2025-10-19T15:04:36.486Z,GR86-012-8,8
,3,I_R07_2025-10-19,R2,kafka:gr-cup-raw,2025-10-19T15:07:00.450Z,GR86-012-8,0,2025-10-19T15:06:32.835Z,GR86-012-8,8
,4,I_R07_2025-10-19,R2,kafka:gr-cup-raw,2025-10-19T15:09:01.419Z,GR86-012-8,0,2025-10-19T15:08:40.165Z,GR86-012-8,8
,5,I_R07_2025-10-19,R2,kafka:gr-cup-raw,2025-10-19T15:10:51.711Z,GR86-012-8,0,2025-10-19T15:10:50.576Z,GR86-012-8,8
,5,I_R07_2025-10-19,R2,kafka:gr-cup-raw,2025-10-19T15:10:51.710Z,GR86-012-8,0,2025-10-19T15:10:50.536Z,GR86-012-8,8
,6,I_R07_2025-10-19,R2,kafka:gr-cup-raw,2025-10-19T15:10:51.710Z,GR86-012-8,0,2025-10-19T15:10:50.539Z,GR86-012-8,8
,6,I_R07_2025-10-19,R2,kafka:gr-cup-raw,2025-10-19T15:12:39.107Z,GR86-012-8,0,2025-10-19T15:12:38.746Z,GR86-012-8,8
,7,I_R07_2025-10-19,R2,kafka:gr-cup-raw,2025-10-19T15:14:27.041Z,GR86-012-8,0,2025-10-19T15:14:25.243Z,GR86-012-8,8
,8,I_R07_2025-10-19,R2,kafka:gr-cup-raw,2025-10-19T15:16:13.629Z,GR86-012-8,0,2025-10-19T15:16:12.276Z,GR86-012-8,8
,9,I_R07_2025-10-19,R2,kafka:gr-cup-raw,2025-10-19T15:17:58.487Z,GR86-012-8,0,2025-10-19T15:17:58.067Z,GR86-012-8,8
,10,I_R07_2025-10-19,R2,kafka:gr-cup-raw,2025-10-19T15:19:45.082Z,GR86-012-8,0,2025-10-19T15:19:42.558Z,GR86-012-8,8
,11,I_R07_2025-10-19,R2,kafka:gr-cup-raw,2025-10-19T15:21:28.715Z,GR86-012-8,0,2025-10-19T15:21:28.276Z,GR86-012-8,8
,12,I_R07_2025-10-19,R2,kafka:gr-cup-raw,2025-10-19T15:23:13.704Z,GR86-012-8,0,2025-10-19T15:23:12.957Z,GR86-012-8,8
,13,I_R07_2025-10-19,R2,kafka:gr-cup-raw,2025-10-19T15:24:57.942Z,GR86-012-8,0,2025-10-19T15:24:57.483Z,GR86-012-8,8
,14,I_R07_2025-10-19,R2,kafka:gr-cup-raw,2025-10-19T15:26:41.924Z,GR86-012-8,0,2025-10-19T15:26:41.658Z,GR86-012-8,8
,15,I_R07_2025-10-19,R2,kafka:gr-cup-raw,2025-10-19T15:28:26.615Z,GR86-012-8,0,2025-10-19T15:28:26.156Z,GR86-012-8,8
,16,I_R07_2025-10-19,R2,kafka:gr-cup-raw,2025-10-19T15:30:48.401Z,GR86-012-8,0,2025-10-19T15:30:17.363Z,GR86-012-8,8
,17,I_R07_2025-10-19,R2,kafka:gr-cup-raw,2025-10-19T15:32:31.497Z,GR86-012-8,0,2025-10-19T15:32:30.986Z,GR86-012-8,8
,18,I_R07_2025-10-19,R2,kafka:gr-cup-raw,2025-10-19T15:35:06.886Z,GR86-012-8,0,2025-10-19T15:35:02.085Z,GR86-012-8,8
,19,I_R07_2025-10-19,R2,kafka:gr-cup-raw,2025-10-19T15:37:10.564Z,GR86-012-8,0,2025-10-19T15:37:09.686Z,GR86-012-8,8
,20,I_R07_2025-10-19,R2,kafka:gr-cup-raw,2025-10-19T15:39:08.089Z,GR86-012-8,0,2025-10-19T15:39:06.854Z,GR86-012-8,8
,21,I_R07_2025-10-19,R2,kafka:gr-cup-raw,2025-10-19T15:41:11.157Z,GR86-012-8,0,2025-10-19T15:41:10.462Z,GR86-012-8,8
,22,I_R07_2025-10-19,R2,kafka:gr-cup-raw,2025-10-19T15:43:35.850Z,GR86-012-8,0,2025-10-19T15:43:35.545Z,GR86-012-8,8
,23,I_R07_2025-10-19,R2,kafka:gr-cup-raw,2025-10-19T15:45:55.747Z,GR86-012-8,0,2025-10-19T15:45:55.565Z,GR86-012-8,8
,24,I_R07_2025-10-19,R2,kafka:gr-cup-raw,2025-10-19T15:48:09.179Z,GR86-012-8,0,2025-10-19T15:48:08.555Z,GR86-012-8,8
,25,I_R07_2025-10-19,R2,kafka:gr-cup-raw,2025-10-19T15:50:20.357Z,GR86-012-8,0,2025-10-19T15:50:18.654Z,GR86-012-8,8
,26,I_R07_2025-10-19,R2,kafka:gr-cup-raw,2025-10-19T15:59:39.980Z,GR86-012-8,0,2025-10-19T15:59:21.922Z,GR86-012-8,8
,32768,I_R07_2025-10-19,R2,kafka:gr-cup-raw,2025-10-19T14:59:35.365Z,GR86-012-8,0,2025-10-19T14:59:35.045Z,GR86-012-8,8
,1,I_R07_2025-10-19,R2,kafka:gr-cup-raw,2025-10-19T15:02:12.757Z,GR86-030-18,0,2025-10-19T15:02:12.067Z,GR86-030-18,18
,2,I_R07_2025-10-19,R2,kafka:gr-cup-raw,2025-10-19T15:04:37.175Z,GR86-030-18,0,2025-10-19T15:04:36.801Z,GR86-030-18,18
,3,I_R07_2025-10-19,R2,kafka:gr-cup-raw,2025-10-19T15:07:00.848Z,GR86-030-18,0,2025-10-19T15:06:33.275Z,GR86-030-18,18
,4,I_R07_2025-10-19,R2,kafka:gr-cup-raw,2025-10-19T15:08:57.520Z,GR86-030-18,0,2025-10-19T15:08:42.453Z,GR86-030-18,18
,5,I_R07_2025-10-19,R2,kafka:gr-cup-raw,2025-10-19T15:10:52.010Z,GR86-030-18,0,2025-10-19T15:10:51.578Z,GR86-030-18,18
,6,I_R07_2025-10-19,R2,kafka:gr-cup-raw,2025-10-19T15:12:39.978Z,GR86-030-18,0,2025-10-19T15:12:39.478Z,GR86-030-18,18
,7,I_R07_2025-10-19,R2,kafka:gr-cup-raw,2025-10-19T15:14:27.070Z,GR86-030-18,0,2025-10-19T15:14:25.981Z,GR86-030-18,18
,8,I_R07_2025-10-19,R2,kafka:gr-cup-raw,2025-10-19T15:16:13.721Z,GR86-030-18,0,2025-10-19T15:16:12.671Z,GR86-030-18,18
,9,I_R07_2025-10-19,R2,kafka:gr-cup-raw,2025-10-19T15:18:01.119Z,GR86-030-18,0,2025-10-19T15:17:58.663Z,GR86-030-18,18
,10,I_R07_2025-10-19,R2,kafka:gr-cup-raw,2025-10-19T15:19:45.130Z,GR86-030-18,0,2025-10-19T15:19:43.675Z,GR86-030-18,18
,11,I_R07_2025-10-19,R2,kafka:gr-cup-raw,2025-10-19T15:21:28.797Z,GR86-030-18,0,2025-10-19T15:21:27.652Z,GR86-030-18,18
,12,I_R07_2025-10-19,R2,kafka:gr-cup-raw,2025-10-19T15:23:12.810Z,GR86-030-18,0,2025-10-19T15:23:12.264Z,GR86-030-18,18
,13,I_R07_2025-10-19,R2,kafka:gr-cup-raw,2025-10-19T15:24:57.236Z,GR86-030-18,0,2025-10-19T15:24:56.255Z,GR86-030-18,18
,14,I_R07_2025-10-19,R2,kafka:gr-cup-raw,2025-10-19T15:26:40.823Z,GR86-030-18,0,2025-10-19T15:26:40.583Z,GR86-030-18,18
,15,I_R07_2025-10-19,R2,kafka:gr-cup-raw,2025-10-19T15:28:25.850Z,GR86-030-18,0,2025-10-19T15:28:24.401Z,GR86-030-18,18
,15,I_R07_2025-10-19,R2,kafka:gr-cup-raw,2025-10-19T15:28:25.853Z,GR86-030-18,0,2025-10-19T15:28:24.405Z,GR86-030-18,18
,16,I_R07_2025-10-19,R2,kafka:gr-cup-raw,2025-10-19T15:30:48.494Z,GR86-030-18,0,2025-10-19T15:30:16.859Z,GR86-030-18,18
,16,I_R07_2025-10-19,R2,kafka:gr-cup-raw,2025-10-19T15:28:25.853Z,GR86-030-18,0,2025-10-19T15:28:24.403Z,GR86-030-18,18
,17,I_R07_2025-10-19,R2,kafka:gr-cup-raw,2025-10-19T15:32:31.561Z,GR86-030-18,0,2025-10-19T15:32:30.148Z,GR86-030-18,18
,18,I_R07_2025-10-19,R2,kafka:gr-cup-raw,2025-10-19T15:35:06.986Z,GR86-030-18,0,2025-10-19T15:35:01.476Z,GR86-030-18,18
,19,I_R07_2025-10-19,R2,kafka:gr-cup-raw,2025-10-19T15:37:09.218Z,GR86-030-18,0,2025-10-19T15:37:08.583Z,GR86-030-18,18
,20,I_R07_2025-10-19,R2,kafka:gr-cup-raw,2025-10-19T15:38:55.965Z,GR86-030-18,0,2025-10-19T15:38:55.455Z,GR86-030-18,18
,21,I_R07_2025-10-19,R2,kafka:gr-cup-raw,2025-10-19T15:41:06.567Z,GR86-030-18,0,2025-10-19T15:41:06.137Z,GR86-030-18,18
,22,I_R07_2025-10-19,R2,kafka:gr-cup-raw,2025-10-19T15:43:30.913Z,GR86-030-18,0,2025-10-19T15:43:30.568Z,GR86-030-18,18
,23,I_R07_2025-10-19,R2,kafka:gr-cup-raw,2025-10-19T15:45:52.101Z,GR86-030-18,0,2025-10-19T15:45:51.558Z,GR86-030-18,18
,24,I_R07_2025-10-19,R2,kafka:gr-cup-raw,2025-10-19T15:48:04.831Z,GR86-030-18,0,2025-10-19T15:48:04.735Z,GR86-030-18,18
,25,I_R07_2025-10-19,R2,kafka:gr-cup-raw,2025-10-19T15:50:14.468Z,GR86-030-18,0,2025-10-19T15:50:14.066Z,GR86-030-18,18
,25,I_R07_2025-10-19,R2,kafka:gr-cup-raw,2025-10-19T15:50:14.468Z,GR86-030-18,0,2025-10-19T15:50:14.107Z,GR86-030-18,18
,26,I_R07_2025-10-19,R2,kafka:gr-cup-raw,2025-10-19T15:59:57.379Z,GR86-030-18,0,2025-10-19T15:59:56.295Z,GR86-030-18,18
,26,I_R07_2025-10-19,R2,kafka:gr-cup-raw,2025-10-19T15:50:14.468Z,GR86-030-18,0,2025-10-19T15:50:14.067Z,GR86-030-18,18
,32768,I_R07_2025-10-19,R2,kafka:gr-cup-raw,2025-10-19T14:59:40.371Z,GR86-030-18,0,2025-10-19T14:59:38.075Z,GR86-030-18,18
,1,I_R07_2025-10-19,R2,kafka:gr-cup-raw,2025-10-19T15:02:18.209Z,GR86-021-86,0,2025-10-19T15:02:17.992Z,GR86-021-86,86
,2,I_R07_2025-10-19,R2,kafka:gr-cup-raw,2025-10-19T15:05:00.795Z,GR86-021-86,0,2025-10-19T15:04:55.962Z,GR86-021-86,86
,2,I_R07_2025-10-19,R2,kafka:gr-cup-raw,2025-10-19T15:05:00.796Z,GR86-021-86,0,2025-10-19T15:04:55.967Z,GR86-021-86,86
,3,I_R07_2025-10-19,R2,kafka:gr-cup-raw,2025-10-19T15:07:01.475Z,GR86-021-86,0,2025-10-19T15:06:49.380Z,GR86-021-86,86
,3,I_R07_2025-10-19,R2,kafka:gr-cup-raw,2025-10-19T15:05:00.796Z,GR86-021-86,0,2025-10-19T15:04:55.964Z,GR86-021-86,86
,4,I_R07_2025-10-19,R2,kafka:gr-cup-raw,2025-10-19T15:08:58.503Z,GR86-021-86,0,2025-10-19T15:08:50.841Z,GR86-021-86,86
,5,I_R07_2025-10-19,R2,kafka:gr-cup-raw,2025-10-19T15:10:57.930Z,GR86-021-86,0,2025-10-19T15:10:56.651Z,GR86-021-86,86
,6,I_R07_2025-10-19,R2,kafka:gr-cup-raw,2025-10-19T15:12:47.481Z,GR86-021-86,0,2025-10-19T15:12:47.258Z,GR86-021-86,86
,7,I_R07_2025-10-19,R2,kafka:gr-cup-raw,2025-10-19T15:14:35.718Z,GR86-021-86,0,2025-10-19T15:14:35.287Z,GR86-021-86,86
,8,I_R07_2025-10-19,R2,kafka:gr-cup-raw,2025-10-19T15:16:25.909Z,GR86-021-86,0,2025-10-19T15:16:25.380Z,GR86-021-86,86
,9,I_R07_2025-10-19,R2,kafka:gr-cup-raw,2025-10-19T15:18:13.090Z,GR86-021-86,0,2025-10-19T15:18:12.569Z,GR86-021-86,86
,10,I_R07_2025-10-19,R2,kafka:gr-cup-raw,2025-10-19T15:20:11.592Z,GR86-021-86,0,2025-10-19T15:19:59.591Z,GR86-021-86,86
,11,I_R07_2025-10-19,R2,kafka:gr-cup-raw,2025-10-19T15:21:47.224Z,GR86-021-86,0,2025-10-19T15:21:45.867Z,GR86-021-86,86
,12,I_R07_2025-10-19,R2,kafka:gr-cup-raw,2025-10-19T15:23:34.102Z,GR86-021-86,0,2025-10-19T15:23:32.976Z,GR86-021-86,86
,12,I_R07_2025-10-19,R2,kafka:gr-cup-raw,2025-10-19T15:23:34.103Z,GR86-021-86,0,2025-10-19T15:23:32.980Z,GR86-021-86,86
,13,I_R07_2025-10-19,R2,kafka:gr-cup-raw,2025-10-19T15:23:34.102Z,GR86-021-86,0,2025-10-19T15:23:32.978Z,GR86-021-86,86
,13,I_R07_2025-10-19,R2,kafka:gr-cup-raw,2025-10-19T15:25:22.224Z,GR86-021-86,0,2025-10-19T15:25:19.251Z,GR86-021-86,86
,14,I_R07_2025-10-19,R2,kafka:gr-cup-raw,2025-10-19T15:27:20.717Z,GR86-021-86,0,2025-10-19T15:27:05.262Z,GR86-021-86,86
,15,I_R07_2025-10-19,R2,kafka:gr-cup-raw,2025-10-19T15:28:53.368Z,GR86-021-86,0,2025-10-19T15:28:53.172Z,GR86-021-86,86
,16,I_R07_2025-10-19,R2,kafka:gr-cup-raw,2025-10-19T15:30:45.173Z,GR86-021-86,0,2025-10-19T15:30:39.956Z,GR86-021-86,86
,17,I_R07_2025-10-19,R2,kafka:gr-cup-raw,2025-10-19T15:32:33.984Z,GR86-021-86,0,2025-10-19T15:32:33.367Z,GR86-021-86,86
,18,I_R07_2025-10-19,R2,kafka:gr-cup-raw,2025-10-19T15:35:07.107Z,GR86-021-86,0,2025-10-19T15:35:04.296Z,GR86-021-86,86
,19,I_R07_2025-10-19,R2,kafka:gr-cup-raw,2025-10-19T15:37:11.287Z,GR86-021-86,0,2025-10-19T15:37:11.172Z,GR86-021-86,86
,20,I_R07_2025-10-19,R2,kafka:gr-cup-raw,2025-10-19T15:38:59.377Z,GR86-021-86,0,2025-10-19T15:38:59.058Z,GR86-021-86,86
,21,I_R07_2025-10-19,R2,kafka:gr-cup-raw,2025-10-19T15:41:08.350Z,GR86-021-86,0,2025-10-19T15:41:07.869Z,GR86-021-86,86
,22,I_R07_2025-10-19,R2,kafka:gr-cup-raw,2025-10-19T15:43:35.358Z,GR86-021-86,0,2025-10-19T15:43:34.092Z,GR86-021-86,86
,23,I_R07_2025-10-19,R2,kafka:gr-cup-raw,2025-10-19T15:45:54.578Z,GR86-021-86,0,2025-10-19T15:45:53.984Z,GR86-021-86,86
,24,I_R07_2025-10-19,R2,kafka:gr-cup-raw,2025-10-19T15:48:07.961Z,GR86-021-86,0,2025-10-19T15:48:07.437Z,GR86-021-86,86
,25,I_R07_2025-10-19,R2,kafka:gr-cup-raw,2025-10-19T15:50:19.935Z,GR86-021-86,0,2025-10-19T15:50:17.440Z,GR86-021-86,86
,32768,I_R07_2025-10-19,R2,kafka:gr-cup-raw,2025-10-19T14:59:40.959Z,GR86-021-86,0,2025-10-19T14:59:40.451Z,GR86-021-86,86
,1,I_R07_2025-10-19,R2,kafka:gr-cup-raw,2025-10-19T15:01:58.528Z,GR86-033-46,0,2025-10-19T15:01:58.247Z,GR86-033-46,46
,2,I_R07_2025-10-19,R2,kafka:gr-cup-raw,2025-10-19T15:04:34.078Z,GR86-033-46,0,2025-10-19T15:04:33.884Z,GR86-033-46,46
,3,I_R07_2025-10-19,R2,kafka:gr-cup-raw,2025-10-19T15:07:00.926Z,GR86-033-46,0,2025-10-19T15:06:21.594Z,GR86-033-46,46
,4,I_R07_2025-10-19,R2,kafka:gr-cup-raw,2025-10-19T15:08:57.594Z,GR86-033-46,0,2025-10-19T15:08:25.914Z,GR86-033-46,46
,5,I_R07_2025-10-19,R2,kafka:gr-cup-raw,2025-10-19T15:10:42.748Z,GR86-033-46,0,2025-10-19T15:10:42.151Z,GR86-033-46,46
,6,I_R07_2025-10-19,R2,kafka:gr-cup-raw,2025-10-19T15:12:25.706Z,GR86-033-46,0,2025-10-19T15:12:25.400Z,GR86-033-46,46
,7,I_R07_2025-10-19,R2,kafka:gr-cup-raw,2025-10-19T15:14:07.792Z,GR86-033-46,0,2025-10-19T15:14:07.675Z,GR86-033-46,46
,8,I_R07_2025-10-19,R2,kafka:gr-cup-raw,2025-10-19T15:15:50.289Z,GR86-033-46,0,2025-10-19T15:15:49.382Z,GR86-033-46,46
,9,I_R07_2025-10-19,R2,kafka:gr-cup-raw,2025-10-19T15:17:33.933Z,GR86-033-46,0,2025-10-19T15:17:33.357Z,GR86-033-46,46
,10,I_R07_2025-10-19,R2,kafka:gr-cup-raw,2025-10-19T15:19:13.752Z,GR86-033-46,0,2025-10-19T15:19:13.275Z,GR86-033-46,46
,11,I_R07_2025-10-19,R2,kafka:gr-cup-raw,2025-10-19T15:20:59.618Z,GR86-033-46,0,2025-10-19T15:20:54.259Z,GR86-033-46,46
,12,I_R07_2025-10-19,R2,kafka:gr-cup-raw,2025-10-19T15:22:35.381Z,GR86-033-46,0,2025-10-19T15:22:35.063Z,GR86-033-46,46
,13,I_R07_2025-10-19,R2,kafka:gr-cup-raw,2025-10-19T15:24:17.007Z,GR86-033-46,0,2025-10-19T15:24:15.576Z,GR86-033-46,46
,14,I_R07_2025-10-19,R2,kafka:gr-cup-raw,2025-10-19T15:26:00.285Z,GR86-033-46,0,2025-10-19T15:25:58.393Z,GR86-033-46,46
,15,I_R07_2025-10-19,R2,kafka:gr-cup-raw,2025-10-19T15:27:43.214Z,GR86-033-46,0,2025-10-19T15:27:42.671Z,GR86-033-46,46
,32768,I_R07_2025-10-19,R2,kafka:gr-cup-raw,2025-10-19T14:59:12.292Z,GR86-033-46,0,2025-10-19T14:59:11.775Z,GR86-033-46,46
,1,I_R07_2025-10-19,R2,kafka:gr-cup-raw,2025-10-19T15:02:03.439Z,GR86-015-31,0,2025-10-19T15:02:02.953Z,GR86-015-31,31
,2,I_R07_2025-10-19,R2,kafka:gr-cup-raw,2025-10-19T15:04:35.507Z,GR86-015-31,0,2025-10-19T15:04:35.139Z,GR86-015-31,31
,2,I_R07_2025-10-19,R2,kafka:gr-cup-raw,2025-10-19T15:04:35.510Z,GR86-015-31,0,2025-10-19T15:04:35.147Z,GR86-015-31,31
,3,I_R07_2025-10-19,R2,kafka:gr-cup-raw,2025-10-19T15:04:35.508Z,GR86-015-31,0,2025-10-19T15:04:35.145Z,GR86-015-31,31
,3,I_R07_2025-10-19,R2,kafka:gr-cup-raw,2025-10-19T15:07:01.195Z,GR86-015-31,0,2025-10-19T15:06:25.558Z,GR86-015-31,31
,4,I_R07_2025-10-19,R2,kafka:gr-cup-raw,2025-10-19T15:08:58.530Z,GR86-015-31,0,2025-10-19T15:08:30.132Z,GR86-015-31,31
,5,I_R07_2025-10-19,R2,kafka:gr-cup-raw,2025-10-19T15:10:45.456Z,GR86-015-31,0,2025-10-19T15:10:44.532Z,GR86-015-31,31
,6,I_R07_2025-10-19,R2,kafka:gr-cup-raw,2025-10-19T15:12:30.048Z,GR86-015-31,0,2025-10-19T15:12:29.078Z,GR86-015-31,31
,7,I_R07_2025-10-19,R2,kafka:gr-cup-raw,2025-10-19T15:14:12.836Z,GR86-015-31,0,2025-10-19T15:14:12.544Z,GR86-015-31,31
,8,I_R07_2025-10-19,R2,kafka:gr-cup-raw,2025-10-19T15:15:54.426Z,GR86-015-31,0,2025-10-19T15:15:53.938Z,GR86-015-31,31
,9,I_R07_2025-10-19,R2,kafka:gr-cup-raw,2025-10-19T15:17:35.940Z,GR86-015-31,0,2025-10-19T15:17:34.946Z,GR86-015-31,31
,10,I_R07_2025-10-19,R2,kafka:gr-cup-raw,2025-10-19T15:19:16.266Z,GR86-015-31,0,2025-10-19T15:19:15.740Z,GR86-015-31,31
,11,I_R07_2025-10-19,R2,kafka:gr-cup-raw,2025-10-19T15:20:59.639Z,GR86-015-31,0,2025-10-19T15:20:56.756Z,GR86-015-31,31
,12,I_R07_2025-10-19,R2,kafka:gr-cup-raw,2025-10-19T15:22:41.098Z,GR86-015-31,0,2025-10-19T15:22:40.657Z,GR86-015-31,31
,13,I_R07_2025-10-19,R2,kafka:gr-cup-raw,2025-10-19T15:24:24.085Z,GR86-015-31,0,2025-10-19T15:24:23.562Z,GR86-015-31,31
,14,I_R07_2025-10-19,R2,kafka:gr-cup-raw,2025-10-19T15:26:06.170Z,GR86-015-31,0,2025-10-19T15:26:04.863Z,GR86-015-31,31
,15,I_R07_2025-10-19,R2,kafka:gr-cup-raw,2025-10-19T15:27:46.153Z,GR86-015-31,0,2025-10-19T15:27:46.003Z,GR86-015-31,31
,16,I_R07_2025-10-19,R2,kafka:gr-cup-raw,2025-10-19T15:29:46.597Z,GR86-015-31,0,2025-10-19T15:29:45.926Z,GR86-015-31,31
,17,I_R07_2025-10-19,R2,kafka:gr-cup-raw,2025-10-19T15:32:19.754Z,GR86-015-31,0,2025-10-19T15:32:19.278Z,GR86-015-31,31
,18,I_R07_2025-10-19,R2,kafka:gr-cup-raw,2025-10-19T15:34:51.819Z,GR86-015-31,0,2025-10-19T15:34:51.307Z,GR86-015-31,31
,19,I_R07_2025-10-19,R2,kafka:gr-cup-raw,2025-10-19T15:37:04.416Z,GR86-015-31,0,2025-10-19T15:37:04.245Z,GR86-015-31,31
,20,I_R07_2025-10-19,R2,kafka:gr-cup-raw,2025-10-19T15:39:30.982Z,GR86-015-31,0,2025-10-19T15:39:30.863Z,GR86-015-31,31
,21,I_R07_2025-10-19,R2,kafka:gr-cup-raw,2025-10-19T15:42:53.652Z,GR86-015-31,0,2025-10-19T15:42:41.910Z,GR86-015-31,31
,22,I_R07_2025-10-19,R2,kafka:gr-cup-raw,2025-10-19T15:44:33.536Z,GR86-015-31,0,2025-10-19T15:44:31.863Z,GR86-015-31,31
,23,I_R07_2025-10-19,R2,kafka:gr-cup-raw,2025-10-19T15:46:24.878Z,GR86-015-31,0,2025-10-19T15:46:24.762Z,GR86-015-31,31
,24,I_R07_2025-10-19,R2,kafka:gr-cup-raw,2025-10-19T15:48:12.017Z,GR86-015-31,0,2025-10-19T15:48:11.427Z,GR86-015-31,31
,25,I_R07_2025-10-19,R2,kafka:gr-cup-raw,2025-10-19T15:50:21.673Z,GR86-015-31,0,2025-10-19T15:50:21.486Z,GR86-015-31,31
,26,I_R07_2025-10-19,R2,kafka:gr-cup-raw,2025-10-19T16:01:19.333Z,GR86-015-31,0,2025-10-19T16:00:43.741Z,GR86-015-31,31
,32768,I_R07_2025-10-19,R2,kafka:gr-cup-raw,2025-10-19T15:00:35.795Z,GR86-015-31,0,2025-10-19T15:00:35.549Z,GR86-015-31,31
,1,I_R07_2025-10-19,R2,kafka:gr-cup-raw,2025-10-19T15:02:04.908Z,GR86-024-41,0,2025-10-19T15:02:04.716Z,GR86-024-41,41
,2,I_R07_2025-10-19,R2,kafka:gr-cup-raw,2025-10-19T15:04:35.523Z,GR86-024-41,0,2025-10-19T15:04:35.102Z,GR86-024-41,41
,3,I_R07_2025-10-19,R2,kafka:gr-cup-raw,2025-10-19T15:07:08.774Z,GR86-024-41,0,2025-10-19T15:06:24.130Z,GR86-024-41,41
,4,I_R07_2025-10-19,R2,kafka:gr-cup-raw,2025-10-19T15:09:00.620Z,GR86-024-41,0,2025-10-19T15:08:27.674Z,GR86-024-41,41
,5,I_R07_2025-10-19,R2,kafka:gr-cup-raw,2025-10-19T15:10:43.402Z,GR86-024-41,0,2025-10-19T15:10:43.032Z,GR86-024-41,41
,6,I_R07_2025-10-19,R2,kafka:gr-cup-raw,2025-10-19T15:12:26.985Z,GR86-024-41,0,2025-10-19T15:12:26.592Z,GR86-024-41,41
,7,I_R07_2025-10-19,R2,kafka:gr-cup-raw,2025-10-19T15:14:09.394Z,GR86-024-41,0,2025-10-19T15:14:09.065Z,GR86-024-41,41
,8,I_R07_2025-10-19,R2,kafka:gr-cup-raw,2025-10-19T15:15:52.059Z,GR86-024-41,0,2025-10-19T15:15:50.539Z,GR86-024-41,41
,9,I_R07_2025-10-19,R2,kafka:gr-cup-raw,2025-10-19T15:17:34.040Z,GR86-024-41,0,2025-10-19T15:17:33.297Z,GR86-024-41,41
,10,I_R07_2025-10-19,R2,kafka:gr-cup-raw,2025-10-19T15:19:15.759Z,GR86-024-41,0,2025-10-19T15:19:14.951Z,GR86-024-41,41
,11,I_R07_2025-10-19,R2,kafka:gr-cup-raw,2025-10-19T15:20:59.867Z,GR86-024-41,0,2025-10-19T15:20:56.738Z,GR86-024-41,41
,12,I_R07_2025-10-19,R2,kafka:gr-cup-raw,2025-10-19T15:22:41.097Z,GR86-024-41,0,2025-10-19T15:22:40.345Z,GR86-024-41,41
,13,I_R07_2025-10-19,R2,kafka:gr-cup-raw,2025-10-19T15:24:22.617Z,GR86-024-41,0,2025-10-19T15:24:22.066Z,GR86-024-41,41
,14,I_R07_2025-10-19,R2,kafka:gr-cup-raw,2025-10-19T15:26:04.718Z,GR86-024-41,0,2025-10-19T15:26:03.360Z,GR86-024-41,41
,15,I_R07_2025-10-19,R2,kafka:gr-cup-raw,2025-10-19T15:27:44.826Z,GR86-024-41,0,2025-10-19T15:27:44.160Z,GR86-024-41,41
,16,I_R07_2025-10-19,R2,kafka:gr-cup-raw,2025-10-19T15:29:46.629Z,GR86-024-41,0,2025-10-19T15:29:45.245Z,GR86-024-41,41
,17,I_R07_2025-10-19,R2,kafka:gr-cup-raw,2025-10-19T15:32:19.891Z,GR86-024-41,0,2025-10-19T15:32:18.442Z,GR86-024-41,41
,18,I_R07_2025-10-19,R2,kafka:gr-cup-raw,2025-10-19T15:34:51.373Z,GR86-024-41,0,2025-10-19T15:34:50.764Z,GR86-024-41,41
,19,I_R07_2025-10-19,R2,kafka:gr-cup-raw,2025-10-19T15:37:04.276Z,GR86-024-41,0,2025-10-19T15:37:04.141Z,GR86-024-41,41
,20,I_R07_2025-10-19,R2,kafka:gr-cup-raw,2025-10-19T15:38:46.361Z,GR86-024-41,0,2025-10-19T15:38:45.677Z,GR86-024-41,41
,20,I_R07_2025-10-19,R2,kafka:gr-cup-raw,2025-10-19T15:38:46.364Z,GR86-024-41,0,2025-10-19T15:38:45.702Z,GR86-024-41,41
,21,I_R07_2025-10-19,R2,kafka:gr-cup-raw,2025-10-19T15:38:46.361Z,GR86-024-41,0,2025-10-19T15:38:45.678Z,GR86-024-41,41
,21,I_R07_2025-10-19,R2,kafka:gr-cup-raw,2025-10-19T15:41:06.931Z,GR86-024-41,0,2025-10-19T15:40:59.046Z,GR86-024-41,41
,22,I_R07_2025-10-19,R2,kafka:gr-cup-raw,2025-10-19T15:43:22.408Z,GR86-024-41,0,2025-10-19T15:43:21.541Z,GR86-024-41,41
,23,I_R07_2025-10-19,R2,kafka:gr-cup-raw,2025-10-19T15:45:44.144Z,GR86-024-41,0,2025-10-19T15:45:43.871Z,GR86-024-41,41
,24,I_R07_2025-10-19,R2,kafka:gr-cup-raw,2025-10-19T15:47:57.932Z,GR86-024-41,0,2025-10-19T15:47:57.252Z,GR86-024-41,41
,25,I_R07_2025-10-19,R2,kafka:gr-cup-raw,2025-10-19T15:50:06.483Z,GR86-024-41,0,2025-10-19T15:50:05.334Z,GR86-024-41,41
,26,I_R07_2025-10-19,R2,kafka:gr-cup-raw,2025-10-19T15:52:48.143Z,GR86-024-41,0,2025-10-19T15:52:47.136Z,GR86-024-41,41
,27,I_R07_2025-10-19,R2,kafka:gr-cup-raw,2025-10-19T15:59:41.228Z,GR86-024-41,0,2025-10-19T15:59:23.294Z,GR86-024-41,41
,32768,I_R07_2025-10-19,R2,kafka:gr-cup-raw,2025-10-19T14:59:26.514Z,GR86-024-41,0,2025-10-19T14:59:23.868Z,GR86-024-41,41
,1,I_R07_2025-10-19,R2,kafka:gr-cup-raw,2025-10-19T15:02:12.893Z,GR86-035-11,0,2025-10-19T15:02:11.395Z,GR86-035-11,11
,2,I_R07_2025-10-19,R2,kafka:gr-cup-raw,2025-10-19T15:04:37.131Z,GR86-035-11,0,2025-10-19T15:04:36.058Z,GR86-035-11,11
,3,I_R07_2025-10-19,R2,kafka:gr-cup-raw,2025-10-19T15:07:08.808Z,GR86-035-11,0,2025-10-19T15:06:32.490Z,GR86-035-11,11
,4,I_R07_2025-10-19,R2,kafka:gr-cup-raw,2025-10-19T15:09:00.854Z,GR86-035-11,0,2025-10-19T15:08:37.071Z,GR86-035-11,11
,5,I_R07_2025-10-19,R2,kafka:gr-cup-raw,2025-10-19T15:10:51.914Z,GR86-035-11,0,2025-10-19T15:10:47.954Z,GR86-035-11,11
,6,I_R07_2025-10-19,R2,kafka:gr-cup-raw,2025-10-19T15:12:34.229Z,GR86-035-11,0,2025-10-19T15:12:33.944Z,GR86-035-11,11
,7,I_R07_2025-10-19,R2,kafka:gr-cup-raw,2025-10-19T15:14:19.867Z,GR86-035-11,0,2025-10-19T15:14:18.187Z,GR86-035-11,11
,8,I_R07_2025-10-19,R2,kafka:gr-cup-raw,2025-10-19T15:16:03.014Z,GR86-035-11,0,2025-10-19T15:16:02.853Z,GR86-035-11,11
,9,I_R07_2025-10-19,R2,kafka:gr-cup-raw,2025-10-19T15:17:46.791Z,GR86-035-11,0,2025-10-19T15:17:46.598Z,GR86-035-11,11
,10,I_R07_2025-10-19,R2,kafka:gr-cup-raw,2025-10-19T15:19:30.789Z,GR86-035-11,0,2025-10-19T15:19:29.565Z,GR86-035-11,11
,11,I_R07_2025-10-19,R2,kafka:gr-cup-raw,2025-10-19T15:21:15.521Z,GR86-035-11,0,2025-10-19T15:21:14.971Z,GR86-035-11,11
,12,I_R07_2025-10-19,R2,kafka:gr-cup-raw,2025-10-19T15:23:13.710Z,GR86-035-11,0,2025-10-19T15:23:11.462Z,GR86-035-11,11
,13,I_R07_2025-10-19,R2,kafka:gr-cup-raw,2025-10-19T15:24:55.173Z,GR86-035-11,0,2025-10-19T15:24:54.451Z,GR86-035-11,11
,14,I_R07_2025-10-19,R2,kafka:gr-cup-raw,2025-10-19T15:26:38.524Z,GR86-035-11,0,2025-10-19T15:26:37.562Z,GR86-035-11,11
,15,I_R07_2025-10-19,R2,kafka:gr-cup-raw,2025-10-19T15:28:21.377Z,GR86-035-11,0,2025-10-19T15:28:20.892Z,GR86-035-11,11
,16,I_R07_2025-10-19,R2,kafka:gr-cup-raw,2025-10-19T15:30:47.126Z,GR86-035-11,0,2025-10-19T15:30:13.283Z,GR86-035-11,11
,17,I_R07_2025-10-19,R2,kafka:gr-cup-raw,2025-10-19T15:32:30.148Z,GR86-035-11,0,2025-10-19T15:32:29.364Z,GR86-035-11,11
,18,I_R07_2025-10-19,R2,kafka:gr-cup-raw,2025-10-19T15:35:01.289Z,GR86-035-11,0,2025-10-19T15:35:00.971Z,GR86-035-11,11
,19,I_R07_2025-10-19,R2,kafka:gr-cup-raw,2025-10-19T15:37:08.274Z,GR86-035-11,0,2025-10-19T15:37:07.823Z,GR86-035-11,11
,20,I_R07_2025-10-19,R2,kafka:gr-cup-raw,2025-10-19T15:38:56.656Z,GR86-035-11,0,2025-10-19T15:38:55.975Z,GR86-035-11,11
,21,I_R07_2025-10-19,R2,kafka:gr-cup-raw,2025-10-19T15:41:07.309Z,GR86-035-11,0,2025-10-19T15:41:06.981Z,GR86-035-11,11
,22,I_R07_2025-10-19,R2,kafka:gr-cup-raw,2025-10-19T15:43:32.284Z,GR86-035-11,0,2025-10-19T15:43:31.892Z,GR86-035-11,11
,23,I_R07_2025-10-19,R2,kafka:gr-cup-raw,2025-10-19T15:45:52.659Z,GR86-035-11,0,2025-10-19T15:45:52.247Z,GR86-035-11,11
,24,I_R07_2025-10-19,R2,kafka:gr-cup-raw,2025-10-19T15:48:07.048Z,GR86-035-11,0,2025-10-19T15:48:05.866Z,GR86-035-11,11
,25,I_R07_2025-10-19,R2,kafka:gr-cup-raw,2025-10-19T15:50:20.232Z,GR86-035-11,0,2025-10-19T15:50:16.160Z,GR86-035-11,11
,32768,I_R07_2025-10-19,R2,kafka:gr-cup-raw,2025-10-19T14:59:37.373Z,GR86-035-11,0,2025-10-19T14:59:36.102Z,GR86-035-11,11
,1,I_R07_2025-10-19,R2,kafka:gr-cup-raw,2025-10-19T15:02:18.844Z,GR86-057-57,0,2025-10-19T15:02:18.636Z,GR86-057-57,57
,1,I_R07_2025-10-19,R2,kafka:gr-cup-raw,2025-10-19T15:02:19.354Z,GR86-057-57,0,2025-10-19T15:02:18.639Z,GR86-057-57,57
,2,I_R07_2025-10-19,R2,kafka:gr-cup-raw,2025-10-19T15:04:37.759Z,GR86-057-57,0,2025-10-19T15:04:37.109Z,GR86-057-57,57
,2,I_R07_2025-10-19,R2,kafka:gr-cup-raw,2025-10-19T15:02:18.845Z,GR86-057-57,0,2025-10-19T15:02:18.638Z,GR86-057-57,57
,3,I_R07_2025-10-19,R2,kafka:gr-cup-raw,2025-10-19T15:07:01.278Z,GR86-057-57,0,2025-10-19T15:06:34.299Z,GR86-057-57,57
,4,I_R07_2025-10-19,R2,kafka:gr-cup-raw,2025-10-19T15:08:58.615Z,GR86-057-57,0,2025-10-19T15:08:46.359Z,GR86-057-57,57
,5,I_R07_2025-10-19,R2,kafka:gr-cup-raw,2025-10-19T15:10:53.857Z,GR86-057-57,0,2025-10-19T15:10:53.669Z,GR86-057-57,57
,6,I_R07_2025-10-19,R2,kafka:gr-cup-raw,2025-10-19T15:12:46.865Z,GR86-057-57,0,2025-10-19T15:12:43.779Z,GR86-057-57,57
,7,I_R07_2025-10-19,R2,kafka:gr-cup-raw,2025-10-19T15:14:34.677Z,GR86-057-57,0,2025-10-19T15:14:34.477Z,GR86-057-57,57
,8,I_R07_2025-10-19,R2,kafka:gr-cup-raw,2025-10-19T15:16:21.927Z,GR86-057-57,0,2025-10-19T15:16:21.697Z,GR86-057-57,57
,9,I_R07_2025-10-19,R2,kafka:gr-cup-raw,2025-10-19T15:18:08.447Z,GR86-057-57,0,2025-10-19T15:18:07.863Z,GR86-057-57,57
,10,I_R07_2025-10-19,R2,kafka:gr-cup-raw,2025-10-19T15:20:11.663Z,GR86-057-57,0,2025-10-19T15:19:53.394Z,GR86-057-57,57
,10,I_R07_2025-10-19,R2,kafka:gr-cup-raw,2025-10-19T15:20:11.664Z,GR86-057-57,0,2025-10-19T15:19:53.398Z,GR86-057-57,57
,11,I_R07_2025-10-19,R2,kafka:gr-cup-raw,2025-10-19T15:20:11.664Z,GR86-057-57,0,2025-10-19T15:19:53.397Z,GR86-057-57,57
,11,I_R07_2025-10-19,R2,kafka:gr-cup-raw,2025-10-19T15:21:38.833Z,GR86-057-57,0,2025-10-19T15:21:38.196Z,GR86-057-57,57
,12,I_R07_2025-10-19,R2,kafka:gr-cup-raw,2025-10-19T15:23:27.416Z,GR86-057-57,0,2025-10-19T15:23:22.914Z,GR86-057-57,57
,13,I_R07_2025-10-19,R2,kafka:gr-cup-raw,2025-10-19T15:25:09.027Z,GR86-057-57,0,2025-10-19T15:25:07.378Z,GR86-057-57,57
,14,I_R07_2025-10-19,R2,kafka:gr-cup-raw,2025-10-19T15:26:52.354Z,GR86-057-57,0,2025-10-19T15:26:51.780Z,GR86-057-57,57
,15,I_R07_2025-10-19,R2,kafka:gr-cup-raw,2025-10-19T15:28:39.176Z,GR86-057-57,0,2025-10-19T15:28:38.475Z,GR86-057-57,57
,16,I_R07_2025-10-19,R2,kafka:gr-cup-raw,2025-10-19T15:30:44.730Z,GR86-057-57,0,2025-10-19T15:30:24.656Z,GR86-057-57,57
,17,I_R07_2025-10-19,R2,kafka:gr-cup-raw,2025-10-19T15:32:32.746Z,GR86-057-57,0,2025-10-19T15:32:32.349Z,GR86-057-57,57
,18,I_R07_2025-10-19,R2,kafka:gr-cup-raw,2025-10-19T15:35:07.040Z,GR86-057-57,0,2025-10-19T15:35:03.045Z,GR86-057-57,57
,19,I_R07_2025-10-19,R2,kafka:gr-cup-raw,2025-10-19T15:37:10.648Z,GR86-057-57,0,2025-10-19T15:37:10.173Z,GR86-057-57,57
,32768,I_R07_2025-10-19,R2,kafka:gr-cup-raw,2025-10-19T14:59:43.096Z,GR86-057-57,0,2025-10-19T14:59:42.459Z,GR86-057-57,57
,1,I_R07_2025-10-19,R2,kafka:gr-cup-raw,2025-10-19T15:02:00.099Z,GR86-022-13,0,2025-10-19T15:01:59.059Z,GR86-022-13,13
,2,I_R07_2025-10-19,R2,kafka:gr-cup-raw,2025-10-19T15:04:34.905Z,GR86-022-13,0,2025-10-19T15:04:33.953Z,GR86-022-13,13
,3,I_R07_2025-10-19,R2,kafka:gr-cup-raw,2025-10-19T15:07:08.892Z,GR86-022-13,0,2025-10-19T15:06:22.485Z,GR86-022-13,13
,4,I_R07_2025-10-19,R2,kafka:gr-cup-raw,2025-10-19T15:09:00.695Z,GR86-022-13,0,2025-10-19T15:08:25.263Z,GR86-022-13,13
,5,I_R07_2025-10-19,R2,kafka:gr-cup-raw,2025-10-19T15:10:42.842Z,GR86-022-13,0,2025-10-19T15:10:42.295Z,GR86-022-13,13
,6,I_R07_2025-10-19,R2,kafka:gr-cup-raw,2025-10-19T15:12:26.240Z,GR86-022-13,0,2025-10-19T15:12:25.671Z,GR86-022-13,13
,7,I_R07_2025-10-19,R2,kafka:gr-cup-raw,2025-10-19T15:14:14.264Z,GR86-022-13,0,2025-10-19T15:14:13.754Z,GR86-022-13,13
,8,I_R07_2025-10-19,R2,kafka:gr-cup-raw,2025-10-19T15:15:50.508Z,GR86-022-13,0,2025-10-19T15:15:49.892Z,GR86-022-13,13
,8,I_R07_2025-10-19,R2,kafka:gr-cup-raw,2025-10-19T15:15:50.508Z,GR86-022-13,0,2025-10-19T15:15:49.889Z,GR86-022-13,13
,9,I_R07_2025-10-19,R2,kafka:gr-cup-raw,2025-10-19T15:15:50.508Z,GR86-022-13,0,2025-10-19T15:15:49.891Z,GR86-022-13,13
,9,I_R07_2025-10-19,R2,kafka:gr-cup-raw,2025-10-19T15:17:33.887Z,GR86-022-13,0,2025-10-19T15:17:32.038Z,GR86-022-13,13
,10,I_R07_2025-10-19,R2,kafka:gr-cup-raw,2025-10-19T15:19:13.877Z,GR86-022-13,0,2025-10-19T15:19:12.983Z,GR86-022-13,13
,11,I_R07_2025-10-19,R2,kafka:gr-cup-raw,2025-10-19T15:20:59.858Z,GR86-022-13,0,2025-10-19T15:20:54.083Z,GR86-022-13,13
,12,I_R07_2025-10-19,R2,kafka:gr-cup-raw,2025-10-19T15:22:35.648Z,GR86-022-13,0,2025-10-19T15:22:34.982Z,GR86-022-13,13
,13,I_R07_2025-10-19,R2,kafka:gr-cup-raw,2025-10-19T15:24:17.174Z,GR86-022-13,0,2025-10-19T15:24:15.971Z,GR86-022-13,13
,14,I_R07_2025-10-19,R2,kafka:gr-cup-raw,2025-10-19T15:26:00.411Z,GR86-022-13,0,2025-10-19T15:25:57.663Z,GR86-022-13,13
,15,I_R07_2025-10-19,R2,kafka:gr-cup-raw,2025-10-19T15:27:42.531Z,GR86-022-13,0,2025-10-19T15:27:38.494Z,GR86-022-13,13
,16,I_R07_2025-10-19,R2,kafka:gr-cup-raw,2025-10-19T15:29:44.601Z,GR86-022-13,0,2025-10-19T15:29:42.743Z,GR86-022-13,13
,17,I_R07_2025-10-19,R2,kafka:gr-cup-raw,2025-10-19T15:32:17.193Z,GR86-022-13,0,2025-10-19T15:32:16.472Z,GR86-022-13,13
,18,I_R07_2025-10-19,R2,kafka:gr-cup-raw,2025-10-19T15:34:49.072Z,GR86-022-13,0,2025-10-19T15:34:48.661Z,GR86-022-13,13
,19,I_R07_2025-10-19,R2,kafka:gr-cup-raw,2025-10-19T15:37:03.746Z,GR86-022-13,0,2025-10-19T15:37:03.495Z,GR86-022-13,13
,20,I_R07_2025-10-19,R2,kafka:gr-cup-raw,2025-10-19T15:38:45.877Z,GR86-022-13,0,2025-10-19T15:38:45.263Z,GR86-022-13,13
,21,I_R07_2025-10-19,R2,kafka:gr-cup-raw,2025-10-19T15:41:06.985Z,GR86-022-13,0,2025-10-19T15:40:58.056Z,GR86-022-13,13
,22,I_R07_2025-10-19,R2,kafka:gr-cup-raw,2025-10-19T15:43:21.084Z,GR86-022-13,0,2025-10-19T15:43:20.691Z,GR86-022-13,13
,23,I_R07_2025-10-19,R2,kafka:gr-cup-raw,2025-10-19T15:45:43.152Z,GR86-022-13,0,2025-10-19T15:45:42.773Z,GR86-022-13,13
,24,I_R07_2025-10-19,R2,kafka:gr-cup-raw,2025-10-19T15:47:57.710Z,GR86-022-13,0,2025-10-19T15:47:56.143Z,GR86-022-13,13
,25,I_R07_2025-10-19,R2,kafka:gr-cup-raw,2025-10-19T15:50:04.934Z,GR86-022-13,0,2025-10-19T15:50:04.544Z,GR86-022-13,13
,26,I_R07_2025-10-19,R2,kafka:gr-cup-raw,2025-10-19T15:54:27.509Z,GR86-022-13,0,2025-10-19T15:54:26.252Z,GR86-022-13,13
,32768,I_R07_2025-10-19,R2,kafka:gr-cup-raw,2025-10-19T14:59:26.406Z,GR86-022-13,0,2025-10-19T14:59:14.376Z,GR86-022-13,13
,1,I_R07_2025-10-19,R2,kafka:gr-cup-raw,2025-10-19T15:02:11.139Z,GR86-037-03,0,2025-10-19T15:02:09.801Z,GR86-037-03,3
,2,I_R07_2025-10-19,R2,kafka:gr-cup-raw,2025-10-19T15:04:37.170Z,GR86-037-03,0,2025-10-19T15:04:35.891Z,GR86-037-03,3
,3,I_R07_2025-10-19,R2,kafka:gr-cup-raw,2025-10-19T15:07:01.021Z,GR86-037-03,0,2025-10-19T15:06:32.287Z,GR86-037-03,3
,4,I_R07_2025-10-19,R2,kafka:gr-cup-raw,2025-10-19T15:08:58.122Z,GR86-037-03,0,2025-10-19T15:08:39.080Z,GR86-037-03,3
,5,I_R07_2025-10-19,R2,kafka:gr-cup-raw,2025-10-19T15:10:51.790Z,GR86-037-03,0,2025-10-19T15:10:49.728Z,GR86-037-03,3
,6,I_R07_2025-10-19,R2,kafka:gr-cup-raw,2025-10-19T15:12:39.194Z,GR86-037-03,0,2025-10-19T15:12:38.178Z,GR86-037-03,3
,7,I_R07_2025-10-19,R2,kafka:gr-cup-raw,2025-10-19T15:14:23.491Z,GR86-037-03,0,2025-10-19T15:14:22.866Z,GR86-037-03,3
,8,I_R07_2025-10-19,R2,kafka:gr-cup-raw,2025-10-19T15:16:13.613Z,GR86-037-03,0,2025-10-19T15:16:08.186Z,GR86-037-03,3
,9,I_R07_2025-10-19,R2,kafka:gr-cup-raw,2025-10-19T15:17:54.533Z,GR86-037-03,0,2025-10-19T15:17:52.456Z,GR86-037-03,3
,10,I_R07_2025-10-19,R2,kafka:gr-cup-raw,2025-10-19T15:19:37.375Z,GR86-037-03,0,2025-10-19T15:19:36.496Z,GR86-037-03,3
,11,I_R07_2025-10-19,R2,kafka:gr-cup-raw,2025-10-19T15:21:20.306Z,GR86-037-03,0,2025-10-19T15:21:19.970Z,GR86-037-03,3
,12,I_R07_2025-10-19,R2,kafka:gr-cup-raw,2025-10-19T15:23:04.206Z,GR86-037-03,0,2025-10-19T15:23:03.866Z,GR86-037-03,3
,13,I_R07_2025-10-19,R2,kafka:gr-cup-raw,2025-10-19T15:24:51.640Z,GR86-037-03,0,2025-10-19T15:24:48.687Z,GR86-037-03,3
,14,I_R07_2025-10-19,R2,kafka:gr-cup-raw,2025-10-19T15:26:33.166Z,GR86-037-03,0,2025-10-19T15:26:32.746Z,GR86-037-03,3
,15,I_R07_2025-10-19,R2,kafka:gr-cup-raw,2025-10-19T15:28:17.673Z,GR86-037-03,0,2025-10-19T15:28:17.361Z,GR86-037-03,3
,16,I_R07_2025-10-19,R2,kafka:gr-cup-raw,2025-10-19T15:30:44.529Z,GR86-037-03,0,2025-10-19T15:30:09.690Z,GR86-037-03,3
,17,I_R07_2025-10-19,R2,kafka:gr-cup-raw,2025-10-19T15:32:30.010Z,GR86-037-03,0,2025-10-19T15:32:28.463Z,GR86-037-03,3
,18,I_R07_2025-10-19,R2,kafka:gr-cup-raw,2025-10-19T15:35:00.158Z,GR86-037-03,0,2025-10-19T15:34:59.871Z,GR86-037-03,3
,19,I_R07_2025-10-19,R2,kafka:gr-cup-raw,2025-10-19T15:37:07.600Z,GR86-037-03,0,2025-10-19T15:37:07.498Z,GR86-037-03,3
,20,I_R07_2025-10-19,R2,kafka:gr-cup-raw,2025-10-19T15:38:55.943Z,GR86-037-03,0,2025-10-19T15:38:54.879Z,GR86-037-03,3
,21,I_R07_2025-10-19,R2,kafka:gr-cup-raw,2025-10-19T15:41:06.634Z,GR86-037-03,0,2025-10-19T15:41:05.070Z,GR86-037-03,3
,22,I_R07_2025-10-19,R2,kafka:gr-cup-raw,2025-10-19T15:43:29.802Z,GR86-037-03,0,2025-10-19T15:43:29.042Z,GR86-037-03,3
,23,I_R07_2025-10-19,R2,kafka:gr-cup-raw,2025-10-19T15:45:50.958Z,GR86-037-03,0,2025-10-19T15:45:50.461Z,GR86-037-03,3
,24,I_R07_2025-10-19,R2,kafka:gr-cup-raw,2025-10-19T15:48:03.960Z,GR86-037-03,0,2025-10-19T15:48:03.669Z,GR86-037-03,3
,25,I_R07_2025-10-19,R2,kafka:gr-cup-raw,2025-10-19T15:50:13.249Z,GR86-037-03,0,2025-10-19T15:50:12.650Z,GR86-037-03,3
,32768,I_R07_2025-10-19,R2,kafka:gr-cup-raw,2025-10-19T14:59:33.892Z,GR86-037-03,0,2025-10-19T14:59:33.680Z,GR86-037-03,3
,1,I_R07_2025-10-19,R2,kafka:gr-cup-raw,2025-10-19T15:02:01.888Z,GR86-036-98,0,2025-10-19T15:02:01.712Z,GR86-036-98,98
,2,I_R07_2025-10-19,R2,kafka:gr-cup-raw,2025-10-19T15:04:35.421Z,GR86-036-98,0,2025-10-19T15:04:35.180Z,GR86-036-98,98
,3,I_R07_2025-10-19,R2,kafka:gr-cup-raw,2025-10-19T15:07:00.097Z,GR86-036-98,0,2025-10-19T15:06:27.620Z,GR86-036-98,98
,4,I_R07_2025-10-19,R2,kafka:gr-cup-raw,2025-10-19T15:09:01.037Z,GR86-036-98,0,2025-10-19T15:08:31.711Z,GR86-036-98,98
,5,I_R07_2025-10-19,R2,kafka:gr-cup-raw,2025-10-19T15:10:45.356Z,GR86-036-98,0,2025-10-19T15:10:45.009Z,GR86-036-98,98
,6,I_R07_2025-10-19,R2,kafka:gr-cup-raw,2025-10-19T15:12:30.025Z,GR86-036-98,0,2025-10-19T15:12:29.433Z,GR86-036-98,98
,7,I_R07_2025-10-19,R2,kafka:gr-cup-raw,2025-10-19T15:14:14.117Z,GR86-036-98,0,2025-10-19T15:14:13.476Z,GR86-036-98,98
,8,I_R07_2025-10-19,R2,kafka:gr-cup-raw,2025-10-19T15:15:56.896Z,GR86-036-98,0,2025-10-19T15:15:56.644Z,GR86-036-98,98
,9,I_R07_2025-10-19,R2,kafka:gr-cup-raw,2025-10-19T15:17:39.720Z,GR86-036-98,0,2025-10-19T15:17:39.489Z,GR86-036-98,98
,10,I_R07_2025-10-19,R2,kafka:gr-cup-raw,2025-10-19T15:19:21.304Z,GR86-036-98,0,2025-10-19T15:19:20.900Z,GR86-036-98,98
,11,I_R07_2025-10-19,R2,kafka:gr-cup-raw,2025-10-19T15:21:03.936Z,GR86-036-98,0,2025-10-19T15:21:03.475Z,GR86-036-98,98
,12,I_R07_2025-10-19,R2,kafka:gr-cup-raw,2025-10-19T15:22:48.023Z,GR86-036-98,0,2025-10-19T15:22:47.779Z,GR86-036-98,98
,13,I_R07_2025-10-19,R2,kafka:gr-cup-raw,2025-10-19T15:24:30.043Z,GR86-036-98,0,2025-10-19T15:24:29.658Z,GR86-036-98,98
,14,I_R07_2025-10-19,R2,kafka:gr-cup-raw,2025-10-19T15:26:11.788Z,GR86-036-98,0,2025-10-19T15:26:11.569Z,GR86-036-98,98
,15,I_R07_2025-10-19,R2,kafka:gr-cup-raw,2025-10-19T15:27:59.782Z,GR86-036-98,0,2025-10-19T15:27:51.973Z,GR86-036-98,98
,16,I_R07_2025-10-19,R2,kafka:gr-cup-raw,2025-10-19T15:30:47.524Z,GR86-036-98,0,2025-10-19T15:29:53.973Z,GR86-036-98,98
,17,I_R07_2025-10-19,R2,kafka:gr-cup-raw,2025-10-19T15:32:23.950Z,GR86-036-98,0,2025-10-19T15:32:23.272Z,GR86-036-98,98
,18,I_R07_2025-10-19,R2,kafka:gr-cup-raw,2025-10-19T15:34:55.888Z,GR86-036-98,0,2025-10-19T15:34:55.382Z,GR86-036-98,98
,19,I_R07_2025-10-19,R2,kafka:gr-cup-raw,2025-10-19T15:37:05.880Z,GR86-036-98,0,2025-10-19T15:37:05.262Z,GR86-036-98,98
,20,I_R07_2025-10-19,R2,kafka:gr-cup-raw,2025-10-19T15:38:53.315Z,GR86-036-98,0,2025-10-19T15:38:51.899Z,GR86-036-98,98
,21,I_R07_2025-10-19,R2,kafka:gr-cup-raw,2025-10-19T15:41:06.434Z,GR86-036-98,0,2025-10-19T15:41:04.162Z,GR86-036-98,98
,22,I_R07_2025-10-19,R2,kafka:gr-cup-raw,2025-10-19T15:43:28.186Z,GR86-036-98,0,2025-10-19T15:43:27.873Z,GR86-036-98,98
,23,I_R07_2025-10-19,R2,kafka:gr-cup-raw,2025-10-19T15:45:50.202Z,GR86-036-98,0,2025-10-19T15:45:49.814Z,GR86-036-98,98
,24,I_R07_2025-10-19,R2,kafka:gr-cup-raw,2025-10-19T15:48:03.323Z,GR86-036-98,0,2025-10-19T15:48:02.671Z,GR86-036-98,98
,25,I_R07_2025-10-19,R2,kafka:gr-cup-raw,2025-10-19T15:50:12.734Z,GR86-036-98,0,2025-10-19T15:50:12.333Z,GR86-036-98,98
,32768,I_R07_2025-10-19,R2,kafka:gr-cup-raw,2025-10-19T14:59:25.500Z,GR86-036-98,0,2025-10-19T14:59:21.569Z,GR86-036-98,98
,1,I_R07_2025-10-19,R2,kafka:gr-cup-raw,2025-10-19T15:02:05.413Z,GR86-065-5,0,2025-10-19T15:02:05.123Z,GR86-065-5,5
,2,I_R07_2025-10-19,R2,kafka:gr-cup-raw,2025-10-19T15:04:35.507Z,GR86-065-5,0,2025-10-19T15:04:35.330Z,GR86-065-5,5
,3,I_R07_2025-10-19,R2,kafka:gr-cup-raw,2025-10-19T15:07:00.147Z,GR86-065-5,0,2025-10-19T15:06:25.280Z,GR86-065-5,5
,4,I_R07_2025-10-19,R2,kafka:gr-cup-raw,2025-10-19T15:09:00.932Z,GR86-065-5,0,2025-10-19T15:08:29.748Z,GR86-065-5,5
,5,I_R07_2025-10-19,R2,kafka:gr-cup-raw,2025-10-19T15:10:45.439Z,GR86-065-5,0,2025-10-19T15:10:44.288Z,GR86-065-5,5
,6,I_R07_2025-10-19,R2,kafka:gr-cup-raw,2025-10-19T15:13:26.787Z,GR86-065-5,0,2025-10-19T15:13:26.260Z,GR86-065-5,5
,7,I_R07_2025-10-19,R2,kafka:gr-cup-raw,2025-10-19T15:15:15.269Z,GR86-065-5,0,2025-10-19T15:15:09.882Z,GR86-065-5,5
,8,I_R07_2025-10-19,R2,kafka:gr-cup-raw,2025-10-19T15:16:53.543Z,GR86-065-5,0,2025-10-19T15:16:52.740Z,GR86-065-5,5
,9,I_R07_2025-10-19,R2,kafka:gr-cup-raw,2025-10-19T15:18:35.583Z,GR86-065-5,0,2025-10-19T15:18:35.197Z,GR86-065-5,5
,10,I_R07_2025-10-19,R2,kafka:gr-cup-raw,2025-10-19T15:20:18.752Z,GR86-065-5,0,2025-10-19T15:20:18.450Z,GR86-065-5,5
,11,I_R07_2025-10-19,R2,kafka:gr-cup-raw,2025-10-19T15:22:01.341Z,GR86-065-5,0,2025-10-19T15:22:00.878Z,GR86-065-5,5
,12,I_R07_2025-10-19,R2,kafka:gr-cup-raw,2025-10-19T15:23:46.356Z,GR86-065-5,0,2025-10-19T15:23:43.340Z,GR86-065-5,5
,12,I_R07_2025-10-19,R2,kafka:gr-cup-raw,2025-10-19T15:23:46.356Z,GR86-065-5,0,2025-10-19T15:23:43.381Z,GR86-065-5,5
,13,I_R07_2025-10-19,R2,kafka:gr-cup-raw,2025-10-19T15:23:46.356Z,GR86-065-5,0,2025-10-19T15:23:43.342Z,GR86-065-5,5
,13,I_R07_2025-10-19,R2,kafka:gr-cup-raw,2025-10-19T15:25:48.352Z,GR86-065-5,0,2025-10-19T15:25:26.151Z,GR86-065-5,5
,14,I_R07_2025-10-19,R2,kafka:gr-cup-raw,2025-10-19T15:27:20.111Z,GR86-065-5,0,2025-10-19T15:27:08.298Z,GR86-065-5,5
,15,I_R07_2025-10-19,R2,kafka:gr-cup-raw,2025-10-19T15:28:54.816Z,GR86-065-5,0,2025-10-19T15:28:54.139Z,GR86-065-5,5
,16,I_R07_2025-10-19,R2,kafka:gr-cup-raw,2025-10-19T15:30:49.161Z,GR86-065-5,0,2025-10-19T15:30:40.588Z,GR86-065-5,5
,17,I_R07_2025-10-19,R2,kafka:gr-cup-raw,2025-10-19T15:32:33.980Z,GR86-065-5,0,2025-10-19T15:32:33.740Z,GR86-065-5,5
,18,I_R07_2025-10-19,R2,kafka:gr-cup-raw,2025-10-19T15:35:07.128Z,GR86-065-5,0,2025-10-19T15:35:05.460Z,GR86-065-5,5
,19,I_R07_2025-10-19,R2,kafka:gr-cup-raw,2025-10-19T15:37:11.750Z,GR86-065-5,0,2025-10-19T15:37:11.312Z,GR86-065-5,5
,19,I_R07_2025-10-19,R2,kafka:gr-cup-raw,2025-10-19T15:37:11.750Z,GR86-065-5,0,2025-10-19T15:37:11.316Z,GR86-065-5,5
,19,I_R07_2025-10-19,R2,kafka:gr-cup-raw,2025-10-19T15:37:11.750Z,GR86-065-5,0,2025-10-19T15:37:11.318Z,GR86-065-5,5
,20,I_R07_2025-10-19,R2,kafka:gr-cup-raw,2025-10-19T15:37:11.750Z,GR86-065-5,0,2025-10-19T15:37:11.317Z,GR86-065-5,5
,20,I_R07_2025-10-19,R2,kafka:gr-cup-raw,2025-10-19T15:37:11.750Z,GR86-065-5,0,2025-10-19T15:37:11.314Z,GR86-065-5,5
,20,I_R07_2025-10-19,R2,kafka:gr-cup-raw,2025-10-19T15:42:02.699Z,GR86-065-5,0,2025-10-19T15:42:02.028Z,GR86-065-5,5
,32768,I_R07_2025-10-19,R2,kafka:gr-cup-raw,2025-10-19T14:59:33.566Z,GR86-065-5,0,2025-10-19T14:59:32.149Z,GR86-065-5,5
,1,I_R07_2025-10-19,R2,kafka:gr-cup-raw,2025-10-19T15:02:00.651Z,GR86-025-47,0,2025-10-19T15:01:59.671Z,GR86-025-47,47
,2,I_R07_2025-10-19,R2,kafka:gr-cup-raw,2025-10-19T15:04:34.908Z,GR86-025-47,0,2025-10-19T15:04:34.249Z,GR86-025-47,47
,3,I_R07_2025-10-19,R2,kafka:gr-cup-raw,2025-10-19T15:07:00.127Z,GR86-025-47,0,2025-10-19T15:06:23.664Z,GR86-025-47,47
,4,I_R07_2025-10-19,R2,kafka:gr-cup-raw,2025-10-19T15:09:01.158Z,GR86-025-47,0,2025-10-19T15:08:28.047Z,GR86-025-47,47
,4,I_R07_2025-10-19,R2,kafka:gr-cup-raw,2025-10-19T15:09:01.157Z,GR86-025-47,0,2025-10-19T15:08:28.042Z,GR86-025-47,47
,5,I_R07_2025-10-19,R2,kafka:gr-cup-raw,2025-10-19T15:09:01.157Z,GR86-025-47,0,2025-10-19T15:08:28.045Z,GR86-025-47,47
,5,I_R07_2025-10-19,R2,kafka:gr-cup-raw,2025-10-19T15:10:43.890Z,GR86-025-47,0,2025-10-19T15:10:43.437Z,GR86-025-47,47
,6,I_R07_2025-10-19,R2,kafka:gr-cup-raw,2025-10-19T15:12:28.166Z,GR86-025-47,0,2025-10-19T15:12:27.980Z,GR86-025-47,47
,7,I_R07_2025-10-19,R2,kafka:gr-cup-raw,2025-10-19T15:14:12.587Z,GR86-025-47,0,2025-10-19T15:14:10.489Z,GR86-025-47,47
,8,I_R07_2025-10-19,R2,kafka:gr-cup-raw,2025-10-19T15:15:53.314Z,GR86-025-47,0,2025-10-19T15:15:52.914Z,GR86-025-47,47
,9,I_R07_2025-10-19,R2,kafka:gr-cup-raw,2025-10-19T15:17:34.679Z,GR86-025-47,0,2025-10-19T15:17:34.145Z,GR86-025-47,47
,10,I_R07_2025-10-19,R2,kafka:gr-cup-raw,2025-10-19T15:19:15.897Z,GR86-025-47,0,2025-10-19T15:19:15.563Z,GR86-025-47,47
,11,I_R07_2025-10-19,R2,kafka:gr-cup-raw,2025-10-19T15:20:59.568Z,GR86-025-47,0,2025-10-19T15:20:57.063Z,GR86-025-47,47
,12,I_R07_2025-10-19,R2,kafka:gr-cup-raw,2025-10-19T15:22:40.465Z,GR86-025-47,0,2025-10-19T15:22:40.273Z,GR86-025-47,47
,13,I_R07_2025-10-19,R2,kafka:gr-cup-raw,2025-10-19T15:24:22.422Z,GR86-025-47,0,2025-10-19T15:24:22.149Z,GR86-025-47,47
,14,I_R07_2025-10-19,R2,kafka:gr-cup-raw,2025-10-19T15:26:04.723Z,GR86-025-47,0,2025-10-19T15:26:04.221Z,GR86-025-47,47
,15,I_R07_2025-10-19,R2,kafka:gr-cup-raw,2025-10-19T15:27:45.400Z,GR86-025-47,0,2025-10-19T15:27:45.024Z,GR86-025-47,47
,16,I_R07_2025-10-19,R2,kafka:gr-cup-raw,2025-10-19T15:29:46.697Z,GR86-025-47,0,2025-10-19T15:29:46.063Z,GR86-025-47,47
,17,I_R07_2025-10-19,R2,kafka:gr-cup-raw,2025-10-19T15:32:20.267Z,GR86-025-47,0,2025-10-19T15:32:20.089Z,GR86-025-47,47
,18,I_R07_2025-10-19,R2,kafka:gr-cup-raw,2025-10-19T15:34:52.684Z,GR86-025-47,0,2025-10-19T15:34:52.084Z,GR86-025-47,47
,19,I_R07_2025-10-19,R2,kafka:gr-cup-raw,2025-10-19T15:37:05.056Z,GR86-025-47,0,2025-10-19T15:37:04.467Z,GR86-025-47,47
,20,I_R07_2025-10-19,R2,kafka:gr-cup-raw,2025-10-19T15:38:56.557Z,GR86-025-47,0,2025-10-19T15:38:56.367Z,GR86-025-47,47
,21,I_R07_2025-10-19,R2,kafka:gr-cup-raw,2025-10-19T15:41:07.895Z,GR86-025-47,0,2025-10-19T15:41:07.443Z,GR86-025-47,47
,22,I_R07_2025-10-19,R2,kafka:gr-cup-raw,2025-10-19T15:43:33.468Z,GR86-025-47,0,2025-10-19T15:43:32.725Z,GR86-025-47,47
,23,I_R07_2025-10-19,R2,kafka:gr-cup-raw,2025-10-19T15:45:53.726Z,GR86-025-47,0,2025-10-19T15:45:52.913Z,GR86-025-47,47
,24,I_R07_2025-10-19,R2,kafka:gr-cup-raw,2025-10-19T15:48:07.106Z,GR86-025-47,0,2025-10-19T15:48:06.793Z,GR86-025-47,47
,25,I_R07_2025-10-19,R2,kafka:gr-cup-raw,2025-10-19T15:50:20.314Z,GR86-025-47,0,2025-10-19T15:50:16.722Z,GR86-025-47,47
,25,I_R07_2025-10-19,R2,kafka:gr-cup-raw,2025-10-19T15:50:20.315Z,GR86-025-47,0,2025-10-19T15:50:16.741Z,GR86-025-47,47
,26,I_R07_2025-10-19,R2,kafka:gr-cup-raw,2025-10-19T15:50:20.315Z,GR86-025-47,0,2025-10-19T15:50:16.736Z,GR86-025-47,47
,32768,I_R07_2025-10-19,R2,kafka:gr-cup-raw,2025-10-19T14:59:25.302Z,GR86-025-47,0,2025-10-19T14:59:16.357Z,GR86-025-47,47
,1,I_R07_2025-10-19,R2,kafka:gr-cup-raw,2025-10-19T15:02:00.530Z,GR86-010-16,0,2025-10-19T15:01:59.926Z,GR86-010-16,16
,2,I_R07_2025-10-19,R2,kafka:gr-cup-raw,2025-10-19T15:04:35.020Z,GR86-010-16,0,2025-10-19T15:04:34.245Z,GR86-010-16,16
,3,I_R07_2025-10-19,R2,kafka:gr-cup-raw,2025-10-19T15:07:00.052Z,GR86-010-16,0,2025-10-19T15:06:22.630Z,GR86-010-16,16
,4,I_R07_2025-10-19,R2,kafka:gr-cup-raw,2025-10-19T15:09:00.890Z,GR86-010-16,0,2025-10-19T15:08:26.463Z,GR86-010-16,16
,5,I_R07_2025-10-19,R2,kafka:gr-cup-raw,2025-10-19T15:10:43.391Z,GR86-010-16,0,2025-10-19T15:10:42.905Z,GR86-010-16,16
,6,I_R07_2025-10-19,R2,kafka:gr-cup-raw,2025-10-19T15:12:26.334Z,GR86-010-16,0,2025-10-19T15:12:26.156Z,GR86-010-16,16
,7,I_R07_2025-10-19,R2,kafka:gr-cup-raw,2025-10-19T15:14:08.855Z,GR86-010-16,0,2025-10-19T15:14:08.243Z,GR86-010-16,16
,8,I_R07_2025-10-19,R2,kafka:gr-cup-raw,2025-10-19T15:15:50.506Z,GR86-010-16,0,2025-10-19T15:15:50.164Z,GR86-010-16,16
,8,I_R07_2025-10-19,R2,kafka:gr-cup-raw,2025-10-19T15:15:50.507Z,GR86-010-16,0,2025-10-19T15:15:50.167Z,GR86-010-16,16
,9,I_R07_2025-10-19,R2,kafka:gr-cup-raw,2025-10-19T15:17:33.974Z,GR86-010-16,0,2025-10-19T15:17:32.323Z,GR86-010-16,16
,9,I_R07_2025-10-19,R2,kafka:gr-cup-raw,2025-10-19T15:15:50.507Z,GR86-010-16,0,2025-10-19T15:15:50.166Z,GR86-010-16,16
,10,I_R07_2025-10-19,R2,kafka:gr-cup-raw,2025-10-19T15:19:13.926Z,GR86-010-16,0,2025-10-19T15:19:13.572Z,GR86-010-16,16
,11,I_R07_2025-10-19,R2,kafka:gr-cup-raw,2025-10-19T15:20:59.558Z,GR86-010-16,0,2025-10-19T15:20:55.354Z,GR86-010-16,16
,12,I_R07_2025-10-19,R2,kafka:gr-cup-raw,2025-10-19T15:22:36.160Z,GR86-010-16,0,2025-10-19T15:22:35.664Z,GR86-010-16,16
,13,I_R07_2025-10-19,R2,kafka:gr-cup-raw,2025-10-19T15:24:17.014Z,GR86-010-16,0,2025-10-19T15:24:16.264Z,GR86-010-16,16
,14,I_R07_2025-10-19,R2,kafka:gr-cup-raw,2025-10-19T15:26:00.252Z,GR86-010-16,0,2025-10-19T15:25:58.443Z,GR86-010-16,16
,15,I_R07_2025-10-19,R2,kafka:gr-cup-raw,2025-10-19T15:27:43.302Z,GR86-010-16,0,2025-10-19T15:27:43.066Z,GR86-010-16,16
,16,I_R07_2025-10-19,R2,kafka:gr-cup-raw,2025-10-19T15:29:45.221Z,GR86-010-16,0,2025-10-19T15:29:44.524Z,GR86-010-16,16
,17,I_R07_2025-10-19,R2,kafka:gr-cup-raw,2025-10-19T15:32:18.260Z,GR86-010-16,0,2025-10-19T15:32:18.045Z,GR86-010-16,16
,18,I_R07_2025-10-19,R2,kafka:gr-cup-raw,2025-10-19T15:34:50.645Z,GR86-010-16,0,2025-10-19T15:34:50.183Z,GR86-010-16,16
,19,I_R07_2025-10-19,R2,kafka:gr-cup-raw,2025-10-19T15:37:04.251Z,GR86-010-16,0,2025-10-19T15:37:03.958Z,GR86-010-16,16
,20,I_R07_2025-10-19,R2,kafka:gr-cup-raw,2025-10-19T15:39:13.506Z,GR86-010-16,0,2025-10-19T15:39:10.350Z,GR86-010-16,16
,21,I_R07_2025-10-19,R2,kafka:gr-cup-raw,2025-10-19T15:41:18.624Z,GR86-010-16,0,2025-10-19T15:41:17.839Z,GR86-010-16,16
,22,I_R07_2025-10-19,R2,kafka:gr-cup-raw,2025-10-19T15:43:36.873Z,GR86-010-16,0,2025-10-19T15:43:36.637Z,GR86-010-16,16
,23,I_R07_2025-10-19,R2,kafka:gr-cup-raw,2025-10-19T15:45:58.872Z,GR86-010-16,0,2025-10-19T15:45:58.163Z,GR86-010-16,16
,24,I_R07_2025-10-19,R2,kafka:gr-cup-raw,2025-10-19T15:48:10.732Z,GR86-010-16,0,2025-10-19T15:48:09.852Z,GR86-010-16,16
,25,I_R07_2025-10-19,R2,kafka:gr-cup-raw,2025-10-19T15:50:20.384Z,GR86-010-16,0,2025-10-19T15:50:19.743Z,GR86-010-16,16
,26,I_R07_2025-10-19,R2,kafka:gr-cup-raw,2025-10-19T15:57:38.810Z,GR86-010-16,0,2025-10-19T15:57:38.278Z,GR86-010-16,16
,32768,I_R07_2025-10-19,R2,kafka:gr-cup-raw,2025-10-19T14:50:24.023Z,GR86-010-16,0,2025-10-19T14:49:02.586Z,GR86-010-16,16
,32768,I_R07_2025-10-19,R2,kafka:gr-cup-raw,2025-10-19T14:59:25.357Z,GR86-010-16,0,2025-10-19T14:59:15.338Z,GR86-010-16,16
,1,I_R07_2025-10-19,R2,kafka:gr-cup-raw,2025-10-19T15:02:02.906Z,GR86-047-21,0,2025-10-19T15:02:02.197Z,GR86-047-21,21
,2,I_R07_2025-10-19,R2,kafka:gr-cup-raw,2025-10-19T15:04:35.423Z,GR86-047-21,0,2025-10-19T15:04:34.668Z,GR86-047-21,21
,3,I_R07_2025-10-19,R2,kafka:gr-cup-raw,2025-10-19T15:07:08.387Z,GR86-047-21,0,2025-10-19T15:06:24.087Z,GR86-047-21,21
,4,I_R07_2025-10-19,R2,kafka:gr-cup-raw,2025-10-19T15:09:00.041Z,GR86-047-21,0,2025-10-19T15:08:28.561Z,GR86-047-21,21
,5,I_R07_2025-10-19,R2,kafka:gr-cup-raw,2025-10-19T15:10:43.907Z,GR86-047-21,0,2025-10-19T15:10:43.562Z,GR86-047-21,21
,6,I_R07_2025-10-19,R2,kafka:gr-cup-raw,2025-10-19T15:12:30.150Z,GR86-047-21,0,2025-10-19T15:12:29.076Z,GR86-047-21,21
,7,I_R07_2025-10-19,R2,kafka:gr-cup-raw,2025-10-19T15:14:14.269Z,GR86-047-21,0,2025-10-19T15:14:14.069Z,GR86-047-21,21
,8,I_R07_2025-10-19,R2,kafka:gr-cup-raw,2025-10-19T15:15:56.890Z,GR86-047-21,0,2025-10-19T15:15:56.647Z,GR86-047-21,21
,9,I_R07_2025-10-19,R2,kafka:gr-cup-raw,2025-10-19T15:17:39.707Z,GR86-047-21,0,2025-10-19T15:17:39.257Z,GR86-047-21,21
,10,I_R07_2025-10-19,R2,kafka:gr-cup-raw,2025-10-19T15:19:22.421Z,GR86-047-21,0,2025-10-19T15:19:21.387Z,GR86-047-21,21
,11,I_R07_2025-10-19,R2,kafka:gr-cup-raw,2025-10-19T15:21:05.558Z,GR86-047-21,0,2025-10-19T15:21:04.434Z,GR86-047-21,21
,12,I_R07_2025-10-19,R2,kafka:gr-cup-raw,2025-10-19T15:22:48.156Z,GR86-047-21,0,2025-10-19T15:22:46.895Z,GR86-047-21,21
,13,I_R07_2025-10-19,R2,kafka:gr-cup-raw,2025-10-19T15:24:29.980Z,GR86-047-21,0,2025-10-19T15:24:29.066Z,GR86-047-21,21
,14,I_R07_2025-10-19,R2,kafka:gr-cup-raw,2025-10-19T15:26:13.113Z,GR86-047-21,0,2025-10-19T15:26:12.283Z,GR86-047-21,21
,15,I_R07_2025-10-19,R2,kafka:gr-cup-raw,2025-10-19T15:28:00.441Z,GR86-047-21,0,2025-10-19T15:27:54.675Z,GR86-047-21,21
,16,I_R07_2025-10-19,R2,kafka:gr-cup-raw,2025-10-19T15:30:46.393Z,GR86-047-21,0,2025-10-19T15:29:52.745Z,GR86-047-21,21
,17,I_R07_2025-10-19,R2,kafka:gr-cup-raw,2025-10-19T15:32:23.003Z,GR86-047-21,0,2025-10-19T15:32:22.155Z,GR86-047-21,21
,18,I_R07_2025-10-19,R2,kafka:gr-cup-raw,2025-10-19T15:34:55.847Z,GR86-047-21,0,2025-10-19T15:34:54.164Z,GR86-047-21,21
,19,I_R07_2025-10-19,R2,kafka:gr-cup-raw,2025-10-19T15:37:05.294Z,GR86-047-21,0,2025-10-19T15:37:05.087Z,GR86-047-21,21
,20,I_R07_2025-10-19,R2,kafka:gr-cup-raw,2025-10-19T15:38:49.578Z,GR86-047-21,0,2025-10-19T15:38:48.881Z,GR86-047-21,21
,21,I_R07_2025-10-19,R2,kafka:gr-cup-raw,2025-10-19T15:41:06.904Z,GR86-047-21,0,2025-10-19T15:41:00.691Z,GR86-047-21,21
,22,I_R07_2025-10-19,R2,kafka:gr-cup-raw,2025-10-19T15:43:25.073Z,GR86-047-21,0,2025-10-19T15:43:23.841Z,GR86-047-21,21
,23,I_R07_2025-10-19,R2,kafka:gr-cup-raw,2025-10-19T15:45:45.885Z,GR86-047-21,0,2025-10-19T15:45:45.587Z,GR86-047-21,21
,24,I_R07_2025-10-19,R2,kafka:gr-cup-raw,2025-10-19T15:48:00.316Z,GR86-047-21,0,2025-10-19T15:47:59.747Z,GR86-047-21,21
,25,I_R07_2025-10-19,R2,kafka:gr-cup-raw,2025-10-19T15:50:09.152Z,GR86-047-21,0,2025-10-19T15:50:08.495Z,GR86-047-21,21
,32768,I_R07_2025-10-19,R2,kafka:gr-cup-raw,2025-10-19T14:59:26.267Z,GR86-047-21,0,2025-10-19T14:59:19.256Z,GR86-047-21,21
,1,I_R07_2025-10-19,R2,kafka:gr-cup-raw,2025-10-19T15:02:08.283Z,GR86-028-89,0,2025-10-19T15:02:06.750Z,GR86-028-89,89
,2,I_R07_2025-10-19,R2,kafka:gr-cup-raw,2025-10-19T15:04:37.210Z,GR86-028-89,0,2025-10-19T15:04:35.446Z,GR86-028-89,89
,3,I_R07_2025-10-19,R2,kafka:gr-cup-raw,2025-10-19T15:07:08.008Z,GR86-028-89,0,2025-10-19T15:06:27.274Z,GR86-028-89,89
,4,I_R07_2025-10-19,R2,kafka:gr-cup-raw,2025-10-19T15:09:01.980Z,GR86-028-89,0,2025-10-19T15:08:32.285Z,GR86-028-89,89
,5,I_R07_2025-10-19,R2,kafka:gr-cup-raw,2025-10-19T15:10:51.848Z,GR86-028-89,0,2025-10-19T15:10:45.575Z,GR86-028-89,89
,6,I_R07_2025-10-19,R2,kafka:gr-cup-raw,2025-10-19T15:12:33.739Z,GR86-028-89,0,2025-10-19T15:12:33.364Z,GR86-028-89,89
,7,I_R07_2025-10-19,R2,kafka:gr-cup-raw,2025-10-19T15:14:18.114Z,GR86-028-89,0,2025-10-19T15:14:17.307Z,GR86-028-89,89
,8,I_R07_2025-10-19,R2,kafka:gr-cup-raw,2025-10-19T15:16:02.980Z,GR86-028-89,0,2025-10-19T15:16:01.357Z,GR86-028-89,89
,9,I_R07_2025-10-19,R2,kafka:gr-cup-raw,2025-10-19T15:17:46.212Z,GR86-028-89,0,2025-10-19T15:17:44.864Z,GR86-028-89,89
,10,I_R07_2025-10-19,R2,kafka:gr-cup-raw,2025-10-19T15:19:29.287Z,GR86-028-89,0,2025-10-19T15:19:28.483Z,GR86-028-89,89
,11,I_R07_2025-10-19,R2,kafka:gr-cup-raw,2025-10-19T15:21:11.440Z,GR86-028-89,0,2025-10-19T15:21:11.183Z,GR86-028-89,89
,12,I_R07_2025-10-19,R2,kafka:gr-cup-raw,2025-10-19T15:22:56.151Z,GR86-028-89,0,2025-10-19T15:22:54.039Z,GR86-028-89,89
,13,I_R07_2025-10-19,R2,kafka:gr-cup-raw,2025-10-19T15:24:37.947Z,GR86-028-89,0,2025-10-19T15:24:37.286Z,GR86-028-89,89
,14,I_R07_2025-10-19,R2,kafka:gr-cup-raw,2025-10-19T15:26:29.517Z,GR86-028-89,0,2025-10-19T15:26:20.046Z,GR86-028-89,89
,15,I_R07_2025-10-19,R2,kafka:gr-cup-raw,2025-10-19T15:28:06.016Z,GR86-028-89,0,2025-10-19T15:28:02.684Z,GR86-028-89,89
,16,I_R07_2025-10-19,R2,kafka:gr-cup-raw,2025-10-19T15:30:45.977Z,GR86-028-89,0,2025-10-19T15:29:55.458Z,GR86-028-89,89
,17,I_R07_2025-10-19,R2,kafka:gr-cup-raw,2025-10-19T15:32:26.036Z,GR86-028-89,0,2025-10-19T15:32:25.185Z,GR86-028-89,89
,18,I_R07_2025-10-19,R2,kafka:gr-cup-raw,2025-10-19T15:34:58.146Z,GR86-028-89,0,2025-10-19T15:34:57.347Z,GR86-028-89,89
,19,I_R07_2025-10-19,R2,kafka:gr-cup-raw,2025-10-19T15:37:06.113Z,GR86-028-89,0,2025-10-19T15:37:05.890Z,GR86-028-89,89
,20,I_R07_2025-10-19,R2,kafka:gr-cup-raw,2025-10-19T15:38:50.405Z,GR86-028-89,0,2025-10-19T15:38:50.159Z,GR86-028-89,89
,21,I_R07_2025-10-19,R2,kafka:gr-cup-raw,2025-10-19T15:41:06.835Z,GR86-028-89,0,2025-10-19T15:41:02.380Z,GR86-028-89,89
,22,I_R07_2025-10-19,R2,kafka:gr-cup-raw,2025-10-19T15:43:25.756Z,GR86-028-89,0,2025-10-19T15:43:25.539Z,GR86-028-89,89
,23,I_R07_2025-10-19,R2,kafka:gr-cup-raw,2025-10-19T15:45:50.396Z,GR86-028-89,0,2025-10-19T15:45:47.850Z,GR86-028-89,89
,24,I_R07_2025-10-19,R2,kafka:gr-cup-raw,2025-10-19T15:48:02.068Z,GR86-028-89,0,2025-10-19T15:48:00.740Z,GR86-028-89,89
,25,I_R07_2025-10-19,R2,kafka:gr-cup-raw,2025-10-19T15:50:10.463Z,GR86-028-89,0,2025-10-19T15:50:10.155Z,GR86-028-89,89
,32768,I_R07_2025-10-19,R2,kafka:gr-cup-raw,2025-10-19T14:59:33.313Z,GR86-028-89,0,2025-10-19T14:59:27.232Z,GR86-028-89,89
,1,I_R07_2025-10-19,R2,kafka:gr-cup-raw,2025-10-19T15:02:14.080Z,GR86-040-3,0,2025-10-19T15:02:13.578Z,GR86-040-3,3
,2,I_R07_2025-10-19,R2,kafka:gr-cup-raw,2025-10-19T15:04:37.120Z,GR86-040-3,0,2025-10-19T15:04:36.902Z,GR86-040-3,3
,3,I_R07_2025-10-19,R2,kafka:gr-cup-raw,2025-10-19T15:07:08.093Z,GR86-040-3,0,2025-10-19T15:06:32.690Z,GR86-040-3,3
,4,I_R07_2025-10-19,R2,kafka:gr-cup-raw,2025-10-19T15:09:02.009Z,GR86-040-3,0,2025-10-19T15:08:37.791Z,GR86-040-3,3
,5,I_R07_2025-10-19,R2,kafka:gr-cup-raw,2025-10-19T15:10:51.839Z,GR86-040-3,0,2025-10-19T15:10:49.093Z,GR86-040-3,3
,6,I_R07_2025-10-19,R2,kafka:gr-cup-raw,2025-10-19T15:12:39.222Z,GR86-040-3,0,2025-10-19T15:12:36.487Z,GR86-040-3,3
,7,I_R07_2025-10-19,R2,kafka:gr-cup-raw,2025-10-19T15:14:22.323Z,GR86-040-3,0,2025-10-19T15:14:21.378Z,GR86-040-3,3
,8,I_R07_2025-10-19,R2,kafka:gr-cup-raw,2025-10-19T15:16:05.531Z,GR86-040-3,0,2025-10-19T15:16:05.271Z,GR86-040-3,3
,9,I_R07_2025-10-19,R2,kafka:gr-cup-raw,2025-10-19T15:17:51.920Z,GR86-040-3,0,2025-10-19T15:17:48.576Z,GR86-040-3,3
,10,I_R07_2025-10-19,R2,kafka:gr-cup-raw,2025-10-19T15:19:32.221Z,GR86-040-3,0,2025-10-19T15:19:31.361Z,GR86-040-3,3
,11,I_R07_2025-10-19,R2,kafka:gr-cup-raw,2025-10-19T15:21:15.436Z,GR86-040-3,0,2025-10-19T15:21:14.769Z,GR86-040-3,3
,12,I_R07_2025-10-19,R2,kafka:gr-cup-raw,2025-10-19T15:22:59.652Z,GR86-040-3,0,2025-10-19T15:22:59.160Z,GR86-040-3,3
,13,I_R07_2025-10-19,R2,kafka:gr-cup-raw,2025-10-19T15:24:41.916Z,GR86-040-3,0,2025-10-19T15:24:41.487Z,GR86-040-3,3
,14,I_R07_2025-10-19,R2,kafka:gr-cup-raw,2025-10-19T15:26:29.552Z,GR86-040-3,0,2025-10-19T15:26:23.991Z,GR86-040-3,3
,15,I_R07_2025-10-19,R2,kafka:gr-cup-raw,2025-10-19T15:28:07.220Z,GR86-040-3,0,2025-10-19T15:28:06.497Z,GR86-040-3,3
,16,I_R07_2025-10-19,R2,kafka:gr-cup-raw,2025-10-19T15:30:46.109Z,GR86-040-3,0,2025-10-19T15:29:56.966Z,GR86-040-3,3
,17,I_R07_2025-10-19,R2,kafka:gr-cup-raw,2025-10-19T15:32:27.103Z,GR86-040-3,0,2025-10-19T15:32:26.524Z,GR86-040-3,3
,17,I_R07_2025-10-19,R2,kafka:gr-cup-raw,2025-10-19T15:32:27.213Z,GR86-040-3,0,2025-10-19T15:32:26.526Z,GR86-040-3,3
,18,I_R07_2025-10-19,R2,kafka:gr-cup-raw,2025-10-19T15:35:00.172Z,GR86-040-3,0,2025-10-19T15:34:58.719Z,GR86-040-3,3
,18,I_R07_2025-10-19,R2,kafka:gr-cup-raw,2025-10-19T15:32:27.103Z,GR86-040-3,0,2025-10-19T15:32:26.525Z,GR86-040-3,3
,19,I_R07_2025-10-19,R2,kafka:gr-cup-raw,2025-10-19T15:37:07.513Z,GR86-040-3,0,2025-10-19T15:37:06.777Z,GR86-040-3,3
,20,I_R07_2025-10-19,R2,kafka:gr-cup-raw,2025-10-19T15:38:56.014Z,GR86-040-3,0,2025-10-19T15:38:55.269Z,GR86-040-3,3
,21,I_R07_2025-10-19,R2,kafka:gr-cup-raw,2025-10-19T15:41:06.844Z,GR86-040-3,0,2025-10-19T15:41:05.484Z,GR86-040-3,3
,22,I_R07_2025-10-19,R2,kafka:gr-cup-raw,2025-10-19T15:43:30.352Z,GR86-040-3,0,2025-10-19T15:43:29.952Z,GR86-040-3,3
,23,I_R07_2025-10-19,R2,kafka:gr-cup-raw,2025-10-19T15:45:51.975Z,GR86-040-3,0,2025-10-19T15:45:50.981Z,GR86-040-3,3
,24,I_R07_2025-10-19,R2,kafka:gr-cup-raw,2025-10-19T15:48:04.757Z,GR86-040-3,0,2025-10-19T15:48:04.174Z,GR86-040-3,3
,25,I_R07_2025-10-19,R2,kafka:gr-cup-raw,2025-10-19T15:50:14.353Z,GR86-040-3,0,2025-10-19T15:50:13.435Z,GR86-040-3,3
,32768,I_R07_2025-10-19,R2,kafka:gr-cup-raw,2025-10-19T14:59:40.836Z,GR86-040-3,0,2025-10-19T14:59:37.396Z,GR86-040-3,3
,1,I_R07_2025-10-19,R2,kafka:gr-cup-raw,2025-10-19T15:02:11.373Z,GR86-013-80,0,2025-10-19T15:02:10.464Z,GR86-013-80,80
,2,I_R07_2025-10-19,R2,kafka:gr-cup-raw,2025-10-19T15:04:37.162Z,GR86-013-80,0,2025-10-19T15:04:35.951Z,GR86-013-80,80
,3,I_R07_2025-10-19,R2,kafka:gr-cup-raw,2025-10-19T15:07:00.349Z,GR86-013-80,0,2025-10-19T15:06:30.715Z,GR86-013-80,80
,4,I_R07_2025-10-19,R2,kafka:gr-cup-raw,2025-10-19T15:09:01.343Z,GR86-013-80,0,2025-10-19T15:08:34.675Z,GR86-013-80,80
,5,I_R07_2025-10-19,R2,kafka:gr-cup-raw,2025-10-19T15:10:51.548Z,GR86-013-80,0,2025-10-19T15:10:47.193Z,GR86-013-80,80
,6,I_R07_2025-10-19,R2,kafka:gr-cup-raw,2025-10-19T15:12:35.377Z,GR86-013-80,0,2025-10-19T15:12:35.204Z,GR86-013-80,80
,7,I_R07_2025-10-19,R2,kafka:gr-cup-raw,2025-10-19T15:14:19.875Z,GR86-013-80,0,2025-10-19T15:14:19.382Z,GR86-013-80,80
,8,I_R07_2025-10-19,R2,kafka:gr-cup-raw,2025-10-19T15:16:04.592Z,GR86-013-80,0,2025-10-19T15:16:04.173Z,GR86-013-80,80
,9,I_R07_2025-10-19,R2,kafka:gr-cup-raw,2025-10-19T15:17:48.494Z,GR86-013-80,0,2025-10-19T15:17:47.319Z,GR86-013-80,80
,10,I_R07_2025-10-19,R2,kafka:gr-cup-raw,2025-10-19T15:19:30.580Z,GR86-013-80,0,2025-10-19T15:19:30.282Z,GR86-013-80,80
,11,I_R07_2025-10-19,R2,kafka:gr-cup-raw,2025-10-19T15:21:15.332Z,GR86-013-80,0,2025-10-19T15:21:15.192Z,GR86-013-80,80
,12,I_R07_2025-10-19,R2,kafka:gr-cup-raw,2025-10-19T15:23:00.851Z,GR86-013-80,0,2025-10-19T15:23:00.551Z,GR86-013-80,80
,13,I_R07_2025-10-19,R2,kafka:gr-cup-raw,2025-10-19T15:24:48.056Z,GR86-013-80,0,2025-10-19T15:24:43.133Z,GR86-013-80,80
,14,I_R07_2025-10-19,R2,kafka:gr-cup-raw,2025-10-19T15:26:29.198Z,GR86-013-80,0,2025-10-19T15:26:25.417Z,GR86-013-80,80
,15,I_R07_2025-10-19,R2,kafka:gr-cup-raw,2025-10-19T15:28:08.665Z,GR86-013-80,0,2025-10-19T15:28:08.508Z,GR86-013-80,80
,15,I_R07_2025-10-19,R2,kafka:gr-cup-raw,2025-10-19T15:28:09.254Z,GR86-013-80,0,2025-10-19T15:28:08.512Z,GR86-013-80,80
,16,I_R07_2025-10-19,R2,kafka:gr-cup-raw,2025-10-19T15:30:47.961Z,GR86-013-80,0,2025-10-19T15:29:57.962Z,GR86-013-80,80
,16,I_R07_2025-10-19,R2,kafka:gr-cup-raw,2025-10-19T15:28:09.253Z,GR86-013-80,0,2025-10-19T15:28:08.511Z,GR86-013-80,80
,17,I_R07_2025-10-19,R2,kafka:gr-cup-raw,2025-10-19T15:32:28.196Z,GR86-013-80,0,2025-10-19T15:32:27.253Z,GR86-013-80,80
,18,I_R07_2025-10-19,R2,kafka:gr-cup-raw,2025-10-19T15:35:00.058Z,GR86-013-80,0,2025-10-19T15:34:59.353Z,GR86-013-80,80
,19,I_R07_2025-10-19,R2,kafka:gr-cup-raw,2025-10-19T15:37:07.522Z,GR86-013-80,0,2025-10-19T15:37:07.355Z,GR86-013-80,80
,20,I_R07_2025-10-19,R2,kafka:gr-cup-raw,2025-10-19T15:39:43.243Z,GR86-013-80,0,2025-10-19T15:39:42.733Z,GR86-013-80,80
,20,I_R07_2025-10-19,R2,kafka:gr-cup-raw,2025-10-19T15:39:43.239Z,GR86-013-80,0,2025-10-19T15:39:42.726Z,GR86-013-80,80
,21,I_R07_2025-10-19,R2,kafka:gr-cup-raw,2025-10-19T15:39:43.240Z,GR86-013-80,0,2025-10-19T15:39:42.728Z,GR86-013-80,80
,21,I_R07_2025-10-19,R2,kafka:gr-cup-raw,2025-10-19T15:41:31.070Z,GR86-013-80,0,2025-10-19T15:41:27.483Z,GR86-013-80,80
,22,I_R07_2025-10-19,R2,kafka:gr-cup-raw,2025-10-19T15:43:37.971Z,GR86-013-80,0,2025-10-19T15:43:37.760Z,GR86-013-80,80
,23,I_R07_2025-10-19,R2,kafka:gr-cup-raw,2025-10-19T15:45:59.578Z,GR86-013-80,0,2025-10-19T15:45:58.881Z,GR86-013-80,80
,24,I_R07_2025-10-19,R2,kafka:gr-cup-raw,2025-10-19T15:48:11.420Z,GR86-013-80,0,2025-10-19T15:48:10.651Z,GR86-013-80,80
,25,I_R07_2025-10-19,R2,kafka:gr-cup-raw,2025-10-19T15:50:21.122Z,GR86-013-80,0,2025-10-19T15:50:20.795Z,GR86-013-80,80
,26,I_R07_2025-10-19,R2,kafka:gr-cup-raw,2025-10-19T15:56:23.650Z,GR86-013-80,0,2025-10-19T15:56:22.521Z,GR86-013-80,80
,32768,I_R07_2025-10-19,R2,kafka:gr-cup-raw,2025-10-19T14:59:32.517Z,GR86-013-80,0,2025-10-19T14:59:31.285Z,GR86-013-80,80
,1,I_R07_2025-10-19,R2,kafka:gr-cup-raw,2025-10-19T15:02:01.905Z,GR86-016-55,0,2025-10-19T15:02:01.200Z,GR86-016-55,55
,2,I_R07_2025-10-19,R2,kafka:gr-cup-raw,2025-10-19T15:04:35.000Z,GR86-016-55,0,2025-10-19T15:04:34.457Z,GR86-016-55,55
,3,I_R07_2025-10-19,R2,kafka:gr-cup-raw,2025-10-19T15:07:00.130Z,GR86-016-55,0,2025-10-19T15:06:22.980Z,GR86-016-55,55
,4,I_R07_2025-10-19,R2,kafka:gr-cup-raw,2025-10-19T15:09:01.071Z,GR86-016-55,0,2025-10-19T15:08:27.385Z,GR86-016-55,55
,5,I_R07_2025-10-19,R2,kafka:gr-cup-raw,2025-10-19T15:10:43.366Z,GR86-016-55,0,2025-10-19T15:10:42.969Z,GR86-016-55,55
,6,I_R07_2025-10-19,R2,kafka:gr-cup-raw,2025-10-19T15:12:26.971Z,GR86-016-55,0,2025-10-19T15:12:26.785Z,GR86-016-55,55
,7,I_R07_2025-10-19,R2,kafka:gr-cup-raw,2025-10-19T15:14:08.847Z,GR86-016-55,0,2025-10-19T15:14:08.562Z,GR86-016-55,55
,8,I_R07_2025-10-19,R2,kafka:gr-cup-raw,2025-10-19T15:15:51.841Z,GR86-016-55,0,2025-10-19T15:15:50.453Z,GR86-016-55,55
,9,I_R07_2025-10-19,R2,kafka:gr-cup-raw,2025-10-19T15:17:33.957Z,GR86-016-55,0,2025-10-19T15:17:32.761Z,GR86-016-55,55
,10,I_R07_2025-10-19,R2,kafka:gr-cup-raw,2025-10-19T15:19:15.117Z,GR86-016-55,0,2025-10-19T15:19:13.760Z,GR86-016-55,55
,11,I_R07_2025-10-19,R2,kafka:gr-cup-raw,2025-10-19T15:20:59.551Z,GR86-016-55,0,2025-10-19T15:20:56.882Z,GR86-016-55,55
,12,I_R07_2025-10-19,R2,kafka:gr-cup-raw,2025-10-19T15:22:38.930Z,GR86-016-55,0,2025-10-19T15:22:38.142Z,GR86-016-55,55
,12,I_R07_2025-10-19,R2,kafka:gr-cup-raw,2025-10-19T15:22:38.382Z,GR86-016-55,0,2025-10-19T15:22:38.139Z,GR86-016-55,55
,13,I_R07_2025-10-19,R2,kafka:gr-cup-raw,2025-10-19T15:22:38.382Z,GR86-016-55,0,2025-10-19T15:22:38.141Z,GR86-016-55,55
,13,I_R07_2025-10-19,R2,kafka:gr-cup-raw,2025-10-19T15:24:19.982Z,GR86-016-55,0,2025-10-19T15:24:18.474Z,GR86-016-55,55
,14,I_R07_2025-10-19,R2,kafka:gr-cup-raw,2025-10-19T15:26:00.268Z,GR86-016-55,0,2025-10-19T15:25:58.936Z,GR86-016-55,55
,15,I_R07_2025-10-19,R2,kafka:gr-cup-raw,2025-10-19T15:27:42.594Z,GR86-016-55,0,2025-10-19T15:27:41.782Z,GR86-016-55,55
,16,I_R07_2025-10-19,R2,kafka:gr-cup-raw,2025-10-19T15:29:44.665Z,GR86-016-55,0,2025-10-19T15:29:43.702Z,GR86-016-55,55
,17,I_R07_2025-10-19,R2,kafka:gr-cup-raw,2025-10-19T15:32:17.695Z,GR86-016-55,0,2025-10-19T15:32:17.111Z,GR86-016-55,55
,18,I_R07_2025-10-19,R2,kafka:gr-cup-raw,2025-10-19T15:34:49.824Z,GR86-016-55,0,2025-10-19T15:34:49.298Z,GR86-016-55,55
,19,I_R07_2025-10-19,R2,kafka:gr-cup-raw,2025-10-19T15:37:04.258Z,GR86-016-55,0,2025-10-19T15:37:03.647Z,GR86-016-55,55
,20,I_R07_2025-10-19,R2,kafka:gr-cup-raw,2025-10-19T15:38:45.623Z,GR86-016-55,0,2025-10-19T15:38:45.290Z,GR86-016-55,55
,21,I_R07_2025-10-19,R2,kafka:gr-cup-raw,2025-10-19T15:41:06.378Z,GR86-016-55,0,2025-10-19T15:40:59.116Z,GR86-016-55,55
,22,I_R07_2025-10-19,R2,kafka:gr-cup-raw,2025-10-19T15:43:22.188Z,GR86-016-55,0,2025-10-19T15:43:21.243Z,GR86-016-55,55
,23,I_R07_2025-10-19,R2,kafka:gr-cup-raw,2025-10-19T15:45:43.628Z,GR86-016-55,0,2025-10-19T15:45:43.263Z,GR86-016-55,55
,24,I_R07_2025-10-19,R2,kafka:gr-cup-raw,2025-10-19T15:47:57.842Z,GR86-016-55,0,2025-10-19T15:47:56.873Z,GR86-016-55,55
,25,I_R07_2025-10-19,R2,kafka:gr-cup-raw,2025-10-19T15:50:05.073Z,GR86-016-55,0,2025-10-19T15:50:04.674Z,GR86-016-55,55
,26,I_R07_2025-10-19,R2,kafka:gr-cup-raw,2025-10-19T15:54:25.764Z,GR86-016-55,0,2025-10-19T15:54:01.534Z,GR86-016-55,55
,32768,I_R07_2025-10-19,R2,kafka:gr-cup-raw,2025-10-19T14:59:25.423Z,GR86-016-55,0,2025-10-19T14:59:20.360Z,GR86-016-55,55
,1,I_R07_2025-10-19,R2,kafka:gr-cup-raw,2025-10-19T15:01:57.510Z,GR86-049-88,0,2025-10-19T15:01:56.913Z,GR86-049-88,88
,2,I_R07_2025-10-19,R2,kafka:gr-cup-raw,2025-10-19T15:04:34.061Z,GR86-049-88,0,2025-10-19T15:04:33.744Z,GR86-049-88,88
,3,I_R07_2025-10-19,R2,kafka:gr-cup-raw,2025-10-19T15:07:07.941Z,GR86-049-88,0,2025-10-19T15:06:21.330Z,GR86-049-88,88
,4,I_R07_2025-10-19,R2,kafka:gr-cup-raw,2025-10-19T15:09:01.817Z,GR86-049-88,0,2025-10-19T15:08:26.149Z,GR86-049-88,88
,5,I_R07_2025-10-19,R2,kafka:gr-cup-raw,2025-10-19T15:10:43.400Z,GR86-049-88,0,2025-10-19T15:10:42.977Z,GR86-049-88,88
,6,I_R07_2025-10-19,R2,kafka:gr-cup-raw,2025-10-19T15:12:28.175Z,GR86-049-88,0,2025-10-19T15:12:27.941Z,GR86-049-88,88
,7,I_R07_2025-10-19,R2,kafka:gr-cup-raw,2025-10-19T15:14:14.351Z,GR86-049-88,0,2025-10-19T15:14:13.144Z,GR86-049-88,88
,8,I_R07_2025-10-19,R2,kafka:gr-cup-raw,2025-10-19T15:15:56.909Z,GR86-049-88,0,2025-10-19T15:15:56.140Z,GR86-049-88,88
,9,I_R07_2025-10-19,R2,kafka:gr-cup-raw,2025-10-19T15:17:39.725Z,GR86-049-88,0,2025-10-19T15:17:38.959Z,GR86-049-88,88
,10,I_R07_2025-10-19,R2,kafka:gr-cup-raw,2025-10-19T15:19:21.877Z,GR86-049-88,0,2025-10-19T15:19:20.909Z,GR86-049-88,88
,11,I_R07_2025-10-19,R2,kafka:gr-cup-raw,2025-10-19T15:21:04.060Z,GR86-049-88,0,2025-10-19T15:21:03.319Z,GR86-049-88,88
,12,I_R07_2025-10-19,R2,kafka:gr-cup-raw,2025-10-19T15:22:48.192Z,GR86-049-88,0,2025-10-19T15:22:46.920Z,GR86-049-88,88
,13,I_R07_2025-10-19,R2,kafka:gr-cup-raw,2025-10-19T15:24:31.171Z,GR86-049-88,0,2025-10-19T15:24:30.140Z,GR86-049-88,88
,14,I_R07_2025-10-19,R2,kafka:gr-cup-raw,2025-10-19T15:26:14.206Z,GR86-049-88,0,2025-10-19T15:26:13.721Z,GR86-049-88,88
,15,I_R07_2025-10-19,R2,kafka:gr-cup-raw,2025-10-19T15:28:00.215Z,GR86-049-88,0,2025-10-19T15:27:54.939Z,GR86-049-88,88
,16,I_R07_2025-10-19,R2,kafka:gr-cup-raw,2025-10-19T15:30:45.888Z,GR86-049-88,0,2025-10-19T15:29:52.118Z,GR86-049-88,88
,17,I_R07_2025-10-19,R2,kafka:gr-cup-raw,2025-10-19T15:32:22.966Z,GR86-049-88,0,2025-10-19T15:32:21.150Z,GR86-049-88,88
,18,I_R07_2025-10-19,R2,kafka:gr-cup-raw,2025-10-19T15:34:55.859Z,GR86-049-88,0,2025-10-19T15:34:53.343Z,GR86-049-88,88
,19,I_R07_2025-10-19,R2,kafka:gr-cup-raw,2025-10-19T15:37:05.075Z,GR86-049-88,0,2025-10-19T15:37:04.760Z,GR86-049-88,88
,20,I_R07_2025-10-19,R2,kafka:gr-cup-raw,2025-10-19T15:38:49.110Z,GR86-049-88,0,2025-10-19T15:38:48.332Z,GR86-049-88,88
,21,I_R07_2025-10-19,R2,kafka:gr-cup-raw,2025-10-19T15:41:06.811Z,GR86-049-88,0,2025-10-19T15:41:00.134Z,GR86-049-88,88
,22,I_R07_2025-10-19,R2,kafka:gr-cup-raw,2025-10-19T15:43:25.062Z,GR86-049-88,0,2025-10-19T15:43:22.785Z,GR86-049-88,88
,22,I_R07_2025-10-19,R2,kafka:gr-cup-raw,2025-10-19T15:43:25.061Z,GR86-049-88,0,2025-10-19T15:43:22.737Z,GR86-049-88,88
,23,I_R07_2025-10-19,R2,kafka:gr-cup-raw,2025-10-19T15:45:45.257Z,GR86-049-88,0,2025-10-19T15:45:44.942Z,GR86-049-88,88
,23,I_R07_2025-10-19,R2,kafka:gr-cup-raw,2025-10-19T15:43:25.062Z,GR86-049-88,0,2025-10-19T15:43:22.739Z,GR86-049-88,88
,24,I_R07_2025-10-19,R2,kafka:gr-cup-raw,2025-10-19T15:47:58.494Z,GR86-049-88,0,2025-10-19T15:47:58.136Z,GR86-049-88,88
,25,I_R07_2025-10-19,R2,kafka:gr-cup-raw,2025-10-19T15:50:09.164Z,GR86-049-88,0,2025-10-19T15:50:06.537Z,GR86-049-88,88
,26,I_R07_2025-10-19,R2,kafka:gr-cup-raw,2025-10-19T16:00:21.139Z,GR86-049-88,0,2025-10-19T16:00:17.317Z,GR86-049-88,88
,32768,I_R07_2025-10-19,R2,kafka:gr-cup-raw,2025-10-19T14:59:11.374Z,GR86-049-88,0,2025-10-19T14:59:10.533Z,GR86-049-88,88
,1,I_R07_2025-10-19,R2,kafka:gr-cup-raw,2025-10-19T15:07:08.440Z,GR86-026-72,0,2025-10-19T15:06:34.283Z,GR86-026-72,72
,2,I_R07_2025-10-19,R2,kafka:gr-cup-raw,2025-10-19T15:09:00.201Z,GR86-026-72,0,2025-10-19T15:08:42.974Z,GR86-026-72,72
,3,I_R07_2025-10-19,R2,kafka:gr-cup-raw,2025-10-19T15:10:51.942Z,GR86-026-72,0,2025-10-19T15:10:51.466Z,GR86-026-72,72
,4,I_R07_2025-10-19,R2,kafka:gr-cup-raw,2025-10-19T15:12:39.305Z,GR86-026-72,0,2025-10-19T15:12:36.946Z,GR86-026-72,72
,5,I_R07_2025-10-19,R2,kafka:gr-cup-raw,2025-10-19T15:14:19.959Z,GR86-026-72,0,2025-10-19T15:14:19.777Z,GR86-026-72,72
,6,I_R07_2025-10-19,R2,kafka:gr-cup-raw,2025-10-19T15:16:03.007Z,GR86-026-72,0,2025-10-19T15:16:02.851Z,GR86-026-72,72
,7,I_R07_2025-10-19,R2,kafka:gr-cup-raw,2025-10-19T15:17:46.111Z,GR86-026-72,0,2025-10-19T15:17:45.487Z,GR86-026-72,72
,8,I_R07_2025-10-19,R2,kafka:gr-cup-raw,2025-10-19T15:19:28.724Z,GR86-026-72,0,2025-10-19T15:19:27.148Z,GR86-026-72,72
,9,I_R07_2025-10-19,R2,kafka:gr-cup-raw,2025-10-19T15:21:08.424Z,GR86-026-72,0,2025-10-19T15:21:08.283Z,GR86-026-72,72
,10,I_R07_2025-10-19,R2,kafka:gr-cup-raw,2025-10-19T15:22:49.925Z,GR86-026-72,0,2025-10-19T15:22:49.000Z,GR86-026-72,72
,11,I_R07_2025-10-19,R2,kafka:gr-cup-raw,2025-10-19T15:24:31.074Z,GR86-026-72,0,2025-10-19T15:24:30.178Z,GR86-026-72,72
,12,I_R07_2025-10-19,R2,kafka:gr-cup-raw,2025-10-19T15:26:13.008Z,GR86-026-72,0,2025-10-19T15:26:12.098Z,GR86-026-72,72
,13,I_R07_2025-10-19,R2,kafka:gr-cup-raw,2025-10-19T15:28:00.330Z,GR86-026-72,0,2025-10-19T15:27:53.778Z,GR86-026-72,72
,14,I_R07_2025-10-19,R2,kafka:gr-cup-raw,2025-10-19T15:30:46.476Z,GR86-026-72,0,2025-10-19T15:29:51.710Z,GR86-026-72,72
,15,I_R07_2025-10-19,R2,kafka:gr-cup-raw,2025-10-19T15:32:22.872Z,GR86-026-72,0,2025-10-19T15:32:20.982Z,GR86-026-72,72
,15,I_R07_2025-10-19,R2,kafka:gr-cup-raw,2025-10-19T15:32:22.873Z,GR86-026-72,0,2025-10-19T15:32:20.986Z,GR86-026-72,72
,16,I_R07_2025-10-19,R2,kafka:gr-cup-raw,2025-10-19T15:34:55.838Z,GR86-026-72,0,2025-10-19T15:34:52.877Z,GR86-026-72,72
,16,I_R07_2025-10-19,R2,kafka:gr-cup-raw,2025-10-19T15:32:22.872Z,GR86-026-72,0,2025-10-19T15:32:20.984Z,GR86-026-72,72
,17,I_R07_2025-10-19,R2,kafka:gr-cup-raw,2025-10-19T15:37:05.159Z,GR86-026-72,0,2025-10-19T15:37:04.569Z,GR86-026-72,72
,32768,I_R07_2025-10-19,R2,kafka:gr-cup-raw,2025-10-19T15:00:13.115Z,GR86-026-72,0,2025-10-19T15:00:12.563Z,GR86-026-72,72
,1,I_R07_2025-10-19,R2,kafka:gr-cup-raw,2025-10-19T15:01:58.621Z,GR86-002-000,0,2025-10-19T15:01:58.265Z,GR86-002-000,0
,2,I_R07_2025-10-19,R2,kafka:gr-cup-raw,2025-10-19T15:04:35.000Z,GR86-002-000,0,2025-10-19T15:04:34.096Z,GR86-002-000,0
,3,I_R07_2025-10-19,R2,kafka:gr-cup-raw,2025-10-19T15:07:00.979Z,GR86-002-000,0,2025-10-19T15:06:26.298Z,GR86-002-000,0
,4,I_R07_2025-10-19,R2,kafka:gr-cup-raw,2025-10-19T15:08:58.071Z,GR86-002-000,0,2025-10-19T15:08:31.107Z,GR86-002-000,0
,5,I_R07_2025-10-19,R2,kafka:gr-cup-raw,2025-10-19T15:10:45.453Z,GR86-002-000,0,2025-10-19T15:10:44.792Z,GR86-002-000,0
,6,I_R07_2025-10-19,R2,kafka:gr-cup-raw,2025-10-19T15:12:30.043Z,GR86-002-000,0,2025-10-19T15:12:28.686Z,GR86-002-000,0
,7,I_R07_2025-10-19,R2,kafka:gr-cup-raw,2025-10-19T15:14:12.643Z,GR86-002-000,0,2025-10-19T15:14:11.002Z,GR86-002-000,0
,8,I_R07_2025-10-19,R2,kafka:gr-cup-raw,2025-10-19T15:15:52.523Z,GR86-002-000,0,2025-10-19T15:15:52.284Z,GR86-002-000,0
,9,I_R07_2025-10-19,R2,kafka:gr-cup-raw,2025-10-19T15:17:34.120Z,GR86-002-000,0,2025-10-19T15:17:33.882Z,GR86-002-000,0
,10,I_R07_2025-10-19,R2,kafka:gr-cup-raw,2025-10-19T15:19:15.189Z,GR86-002-000,0,2025-10-19T15:19:14.695Z,GR86-002-000,0
,11,I_R07_2025-10-19,R2,kafka:gr-cup-raw,2025-10-19T15:20:59.700Z,GR86-002-000,0,2025-10-19T15:20:56.486Z,GR86-002-000,0
,12,I_R07_2025-10-19,R2,kafka:gr-cup-raw,2025-10-19T15:22:37.733Z,GR86-002-000,0,2025-10-19T15:22:37.486Z,GR86-002-000,0
,13,I_R07_2025-10-19,R2,kafka:gr-cup-raw,2025-10-19T15:24:20.085Z,GR86-002-000,0,2025-10-19T15:24:18.986Z,GR86-002-000,0
,14,I_R07_2025-10-19,R2,kafka:gr-cup-raw,2025-10-19T15:26:00.357Z,GR86-002-000,0,2025-10-19T15:25:59.980Z,GR86-002-000,0
,15,I_R07_2025-10-19,R2,kafka:gr-cup-raw,2025-10-19T15:27:42.595Z,GR86-002-000,0,2025-10-19T15:27:41.671Z,GR86-002-000,0
,16,I_R07_2025-10-19,R2,kafka:gr-cup-raw,2025-10-19T15:29:44.671Z,GR86-002-000,0,2025-10-19T15:29:44.356Z,GR86-002-000,0
,17,I_R07_2025-10-19,R2,kafka:gr-cup-raw,2025-10-19T15:32:18.249Z,GR86-002-000,0,2025-10-19T15:32:17.977Z,GR86-002-000,0
,18,I_R07_2025-10-19,R2,kafka:gr-cup-raw,2025-10-19T15:34:50.640Z,GR86-002-000,0,2025-10-19T15:34:49.953Z,GR86-002-000,0
,19,I_R07_2025-10-19,R2,kafka:gr-cup-raw,2025-10-19T15:37:04.262Z,GR86-002-000,0,2025-10-19T15:37:03.956Z,GR86-002-000,0
,20,I_R07_2025-10-19,R2,kafka:gr-cup-raw,2025-10-19T15:38:47.376Z,GR86-002-000,0,2025-10-19T15:38:46.806Z,GR86-002-000,0
,21,I_R07_2025-10-19,R2,kafka:gr-cup-raw,2025-10-19T15:41:06.543Z,GR86-002-000,0,2025-10-19T15:40:59.939Z,GR86-002-000,0
,21,I_R07_2025-10-19,R2,kafka:gr-cup-raw,2025-10-19T15:41:06.538Z,GR86-002-000,0,2025-10-19T15:40:59.935Z,GR86-002-000,0
,22,I_R07_2025-10-19,R2,kafka:gr-cup-raw,2025-10-19T15:41:06.538Z,GR86-002-000,0,2025-10-19T15:40:59.938Z,GR86-002-000,0
,22,I_R07_2025-10-19,R2,kafka:gr-cup-raw,2025-10-19T15:43:24.919Z,GR86-002-000,0,2025-10-19T15:43:22.366Z,GR86-002-000,0
,23,I_R07_2025-10-19,R2,kafka:gr-cup-raw,2025-10-19T15:45:45.237Z,GR86-002-000,0,2025-10-19T15:45:44.597Z,GR86-002-000,0
,24,I_R07_2025-10-19,R2,kafka:gr-cup-raw,2025-10-19T15:47:58.367Z,GR86-002-000,0,2025-10-19T15:47:57.857Z,GR86-002-000,0
,25,I_R07_2025-10-19,R2,kafka:gr-cup-raw,2025-10-19T15:50:06.488Z,GR86-002-000,0,2025-10-19T15:50:06.187Z,GR86-002-000,0
,32768,I_R07_2025-10-19,R2,kafka:gr-cup-raw,2025-10-19T14:59:25.567Z,GR86-002-000,0,2025-10-19T14:59:13.675Z,GR86-002-000,0
,1,I_R07_2025-10-19,R2,kafka:gr-cup-raw,2025-10-19T15:02:08.304Z,GR86-038-93,0,2025-10-19T15:02:08.104Z,GR86-038-93,93
,2,I_R07_2025-10-19,R2,kafka:gr-cup-raw,2025-10-19T15:04:37.145Z,GR86-038-93,0,2025-10-19T15:04:35.672Z,GR86-038-93,93
,3,I_R07_2025-10-19,R2,kafka:gr-cup-raw,2025-10-19T15:07:08.448Z,GR86-038-93,0,2025-10-19T15:06:29.973Z,GR86-038-93,93
,4,I_R07_2025-10-19,R2,kafka:gr-cup-raw,2025-10-19T15:09:00.101Z,GR86-038-93,0,2025-10-19T15:08:33.593Z,GR86-038-93,93
,5,I_R07_2025-10-19,R2,kafka:gr-cup-raw,2025-10-19T15:10:51.932Z,GR86-038-93,0,2025-10-19T15:10:46.394Z,GR86-038-93,93
,6,I_R07_2025-10-19,R2,kafka:gr-cup-raw,2025-10-19T15:12:33.766Z,GR86-038-93,0,2025-10-19T15:12:33.443Z,GR86-038-93,93
,7,I_R07_2025-10-19,R2,kafka:gr-cup-raw,2025-10-19T15:14:18.133Z,GR86-038-93,0,2025-10-19T15:14:17.783Z,GR86-038-93,93
,8,I_R07_2025-10-19,R2,kafka:gr-cup-raw,2025-10-19T15:16:03.094Z,GR86-038-93,0,2025-10-19T15:16:02.452Z,GR86-038-93,93
,9,I_R07_2025-10-19,R2,kafka:gr-cup-raw,2025-10-19T15:17:46.809Z,GR86-038-93,0,2025-10-19T15:17:46.065Z,GR86-038-93,93
,10,I_R07_2025-10-19,R2,kafka:gr-cup-raw,2025-10-19T15:19:30.804Z,GR86-038-93,0,2025-10-19T15:19:29.544Z,GR86-038-93,93
,11,I_R07_2025-10-19,R2,kafka:gr-cup-raw,2025-10-19T15:21:13.540Z,GR86-038-93,0,2025-10-19T15:21:12.073Z,GR86-038-93,93
,12,I_R07_2025-10-19,R2,kafka:gr-cup-raw,2025-10-19T15:22:56.256Z,GR86-038-93,0,2025-10-19T15:22:55.563Z,GR86-038-93,93
,13,I_R07_2025-10-19,R2,kafka:gr-cup-raw,2025-10-19T15:24:40.323Z,GR86-038-93,0,2025-10-19T15:24:38.762Z,GR86-038-93,93
,14,I_R07_2025-10-19,R2,kafka:gr-cup-raw,2025-10-19T15:26:29.666Z,GR86-038-93,0,2025-10-19T15:26:21.374Z,GR86-038-93,93
,15,I_R07_2025-10-19,R2,kafka:gr-cup-raw,2025-10-19T15:28:06.116Z,GR86-038-93,0,2025-10-19T15:28:04.204Z,GR86-038-93,93
,16,I_R07_2025-10-19,R2,kafka:gr-cup-raw,2025-10-19T15:30:46.561Z,GR86-038-93,0,2025-10-19T15:29:56.162Z,GR86-038-93,93
,17,I_R07_2025-10-19,R2,kafka:gr-cup-raw,2025-10-19T15:32:26.042Z,GR86-038-93,0,2025-10-19T15:32:25.562Z,GR86-038-93,93
,18,I_R07_2025-10-19,R2,kafka:gr-cup-raw,2025-10-19T15:34:58.156Z,GR86-038-93,0,2025-10-19T15:34:57.752Z,GR86-038-93,93
,19,I_R07_2025-10-19,R2,kafka:gr-cup-raw,2025-10-19T15:37:06.702Z,GR86-038-93,0,2025-10-19T15:37:06.283Z,GR86-038-93,93
,20,I_R07_2025-10-19,R2,kafka:gr-cup-raw,2025-10-19T15:38:51.885Z,GR86-038-93,0,2025-10-19T15:38:50.767Z,GR86-038-93,93
,21,I_R07_2025-10-19,R2,kafka:gr-cup-raw,2025-10-19T15:41:06.915Z,GR86-038-93,0,2025-10-19T15:41:02.663Z,GR86-038-93,93
,22,I_R07_2025-10-19,R2,kafka:gr-cup-raw,2025-10-19T15:43:27.254Z,GR86-038-93,0,2025-10-19T15:43:25.965Z,GR86-038-93,93
,23,I_R07_2025-10-19,R2,kafka:gr-cup-raw,2025-10-19T15:45:50.413Z,GR86-038-93,0,2025-10-19T15:45:48.082Z,GR86-038-93,93
,24,I_R07_2025-10-19,R2,kafka:gr-cup-raw,2025-10-19T15:48:01.972Z,GR86-038-93,0,2025-10-19T15:48:01.055Z,GR86-038-93,93
,25,I_R07_2025-10-19,R2,kafka:gr-cup-raw,2025-10-19T15:50:11.062Z,GR86-038-93,0,2025-10-19T15:50:10.565Z,GR86-038-93,93
,32768,I_R07_2025-10-19,R2,kafka:gr-cup-raw,2025-10-19T14:59:33.574Z,GR86-038-93,0,2025-10-19T14:59:33.288Z,GR86-038-93,93
,1,I_R07_2025-10-19,R2,kafka:gr-cup-raw,2025-10-19T15:02:01.113Z,GR86-063-113,0,2025-10-19T15:02:00.529Z,GR86-063-113,113
,2,I_R07_2025-10-19,R2,kafka:gr-cup-raw,2025-10-19T15:04:35.414Z,GR86-063-113,0,2025-10-19T15:04:34.538Z,GR86-063-113,113
,3,I_R07_2025-10-19,R2,kafka:gr-cup-raw,2025-10-19T15:07:08.469Z,GR86-063-113,0,2025-10-19T15:06:24.726Z,GR86-063-113,113
,4,I_R07_2025-10-19,R2,kafka:gr-cup-raw,2025-10-19T15:09:00.077Z,GR86-063-113,0,2025-10-19T15:08:29.178Z,GR86-063-113,113
,5,I_R07_2025-10-19,R2,kafka:gr-cup-raw,2025-10-19T15:10:45.549Z,GR86-063-113,0,2025-10-19T15:10:43.929Z,GR86-063-113,113
,6,I_R07_2025-10-19,R2,kafka:gr-cup-raw,2025-10-19T15:13:54.766Z,GR86-063-113,0,2025-10-19T15:13:52.755Z,GR86-063-113,113
,7,I_R07_2025-10-19,R2,kafka:gr-cup-raw,2025-10-19T15:22:24.327Z,GR86-063-113,0,2025-10-19T15:22:22.910Z,GR86-063-113,113
,32768,I_R07_2025-10-19,R2,kafka:gr-cup-raw,2025-10-19T14:59:26.251Z,GR86-063-113,0,2025-10-19T14:59:16.729Z,GR86-063-113,113
