NUMBER; DRIVER_NUMBER; LAP_NUMBER; LAP_TIME; LAP_IMPROVEMENT; CROSSING_FINISH_LINE_IN_PIT; S1; S1_IMPROVEMENT; S2; S2_IMPROVEMENT; S3; S3_IMPROVEMENT; KPH; ELAPSED; HOUR;S1_LARGE;S2_LARGE;S3_LARGE;TOP_SPEED;PIT_TIME;CLASS;GROUP;MANUFACTURER;FLAG_AT_FL;S1_SECONDS;S2_SECONDS;S3_SECONDS;IM1a_time;IM1a_elapsed;IM1_time;IM1_elapsed;IM2a_time;IM2a_elapsed;IM2_time;IM2_elapsed;IM3a_time;IM3a_elapsed;FL_time;FL_elapsed
3;1;1;2:38.824;0;;50.664;0;53.862;0;54.298;0;136.4;2:38.824;13:42:36.640;0:50.664;0:53.862;0:54.298;;;Am;;Toyota Gazoo Racing;GF;50.664;53.862;54.298;23.398;23.398;27.266;50.664;30.297;1:20.961;23.565;1:44.526;34.381;2:18.907;19.917;2:38.824
3;1;2;2:28.919;0;;44.083;2;51.552;0;53.284;0;145.5;5:07.743;13:45:05.559;0:44.083;0:51.552;0:53.284;;;Am;;Toyota Gazoo Racing;GF;44.083;51.552;53.284;17.866;17.866;26.217;44.083;29.325;1:13.408;22.227;1:35.635;33.588;2:09.223;19.696;2:28.919
3;1;3;2:28.798;0;;44.643;0;51.100;0;53.055;0;145.6;7:36.541;13:47:34.357;0:44.643;0:51.100;0:53.055;;;Am;;Toyota Gazoo Racing;GF;44.643;51.1;53.055;17.992;17.992;26.651;44.643;28.863;1:13.506;22.237;1:35.743;33.485;2:09.228;19.57;2:28.798
3;1;4;2:28.871;0;;44.289;0;51.551;0;53.031;0;145.6;10:05.412;13:50:03.228;0:44.289;0:51.551;0:53.031;;;Am;;Toyota Gazoo Racing;GF;44.289;51.551;53.031;17.925;17.925;26.364;44.289;29.161;1:13.450;22.39;1:35.840;33.349;2:09.189;19.682;2:28.871
3;1;5;2:28.603;2;;44.300;0;51.354;0;52.949;2;145.8;12:34.015;13:52:31.831;0:44.300;0:51.354;0:52.949;;;Am;;Toyota Gazoo Racing;GF;44.3;51.354;52.949;18.036;18.036;26.264;44.300;29.097;1:13.397;22.257;1:35.654;33.298;2:08.952;19.651;2:28.603
3;1;6;2:29.081;0;;44.091;0;51.527;0;53.463;0;145.3;15:03.096;13:55:00.912;0:44.091;0:51.527;0:53.463;;;Am;;Toyota Gazoo Racing;GF;44.091;51.527;53.463;17.853;17.853;26.238;44.091;29.24;1:13.331;22.287;1:35.618;33.553;2:09.171;19.91;2:29.081
3;1;7;2:28.778;0;;44.363;0;51.295;0;53.120;0;145.6;17:31.874;13:57:29.690;0:44.363;0:51.295;0:53.120;;;Am;;Toyota Gazoo Racing;GF;44.363;51.295;53.12;18.018;18.018;26.345;44.363;29.006;1:13.369;22.289;1:35.658;33.342;2:09.000;19.778;2:28.778
3;1;8;2:30.754;0;;45.100;0;52.480;0;53.174;0;143.7;20:02.628;14:00:00.444;0:45.100;0:52.480;0:53.174;;;Am;;Toyota Gazoo Racing;GF;45.1;52.48;53.174;18.231;18.231;26.869;45.100;30.015;1:15.115;22.465;1:37.580;33.375;2:10.955;19.799;2:30.754
3;1;9;2:29.139;0;;44.314;0;51.598;0;53.227;0;145.3;22:31.767;14:02:29.583;0:44.314;0:51.598;0:53.227;;;Am;;Toyota Gazoo Racing;GF;44.314;51.598;53.227;17.824;17.824;26.490;44.314;29.191;1:13.505;22.407;1:35.912;33.366;2:09.278;19.861;2:29.139
3;1;10;2:30.554;0;;44.594;0;51.903;0;54.057;0;143.9;25:02.321;14:05:00.137;0:44.594;0:51.903;0:54.057;;;Am;;Toyota Gazoo Racing;GF;44.594;51.903;54.057;17.968;17.968;26.626;44.594;29.518;1:14.112;22.385;1:36.497;33.965;2:10.462;20.092;2:30.554
3;1;11;2:29.546;0;;44.591;0;51.683;0;53.272;0;144.9;27:31.867;14:07:29.683;0:44.591;0:51.683;0:53.272;;;Am;;Toyota Gazoo Racing;GF;44.591;51.683;53.272;18.089;18.089;26.502;44.591;29.386;1:13.977;22.297;1:36.274;33.554;2:09.828;19.718;2:29.546
3;1;12;2:28.981;0;;44.387;0;51.556;0;53.038;0;145.4;30:00.848;14:09:58.664;0:44.387;0:51.556;0:53.038;;;Am;;Toyota Gazoo Racing;GF;44.387;51.556;53.038;17.987;17.987;26.400;44.387;29.163;1:13.550;22.393;1:35.943;33.349;2:09.292;19.689;2:28.981
3;1;13;2:29.027;0;;44.327;0;51.397;0;53.303;0;145.4;32:29.875;14:12:27.691;0:44.327;0:51.397;0:53.303;;;Am;;Toyota Gazoo Racing;GF;44.327;51.397;53.303;17.836;17.836;26.491;44.327;28.909;1:13.236;22.488;1:35.724;33.537;2:09.261;19.766;2:29.027
3;1;14;2:28.874;0;;44.275;0;51.294;0;53.305;0;145.5;34:58.749;14:14:56.565;0:44.275;0:51.294;0:53.305;;;Am;;Toyota Gazoo Racing;GF;44.275;51.294;53.305;17.876;17.876;26.399;44.275;28.866;1:13.141;22.428;1:35.569;33.654;2:09.223;19.651;2:28.874
3;1;15;2:28.917;0;;44.558;0;51.081;2;53.278;0;145.5;37:27.666;14:17:25.482;0:44.558;0:51.081;0:53.278;;;Am;;Toyota Gazoo Racing;GF;44.558;51.081;53.278;17.966;17.966;26.592;44.558;28.89;1:13.448;22.191;1:35.639;33.595;2:09.234;19.683;2:28.917
3;1;16;2:28.845;0;;44.207;0;51.454;0;53.184;0;145.6;39:56.511;14:19:54.327;0:44.207;0:51.454;0:53.184;;;Am;;Toyota Gazoo Racing;GF;44.207;51.454;53.184;17.883;17.883;26.324;44.207;29.065;1:13.272;22.389;1:35.661;33.545;2:09.206;19.639;2:28.845
3;1;17;2:29.139;0;;44.317;0;51.086;0;53.736;0;145.3;42:25.650;14:22:23.466;0:44.317;0:51.086;0:53.736;;;Am;;Toyota Gazoo Racing;GF;44.317;51.086;53.736;18.044;18.044;26.273;44.317;28.786;1:13.103;22.3;1:35.403;33.499;2:08.902;20.237;2:29.139
3;1;18;2:30.182;0;;45.142;0;51.558;0;53.482;0;144.3;44:55.832;14:24:53.648;0:45.142;0:51.558;0:53.482;;;Am;;Toyota Gazoo Racing;GF;45.142;51.558;53.482;18.574;18.574;26.568;45.142;29.274;1:14.416;22.284;1:36.700;33.728;2:10.428;19.754;2:30.182
3;1;19;2:29.682;0;;44.358;0;51.503;0;53.821;0;144.8;47:25.514;14:27:23.330;0:44.358;0:51.503;0:53.821;;;Am;;Toyota Gazoo Racing;FF;44.358;51.503;53.821;17.891;17.891;26.467;44.358;29.098;1:13.456;22.405;1:35.861;33.855;2:09.716;19.966;2:29.682
11;1;1;2:37.301;0;;51.253;0;52.199;0;53.849;0;137.7;2:37.301;13:42:35.117;0:51.253;0:52.199;0:53.849;;;Am;Legends;Toyota Gazoo Racing;GF;51.253;52.199;53.849;23.608;23.608;27.645;51.253;29.744;1:20.997;22.455;1:43.452;33.809;2:17.261;20.04;2:37.301
11;1;2;2:28.095;2;;44.276;0;51.245;0;52.574;2;146.3;5:05.396;13:45:03.212;0:44.276;0:51.245;0:52.574;;;Am;Legends;Toyota Gazoo Racing;GF;44.276;51.245;52.574;17.891;17.891;26.385;44.276;29.086;1:13.362;22.159;1:35.521;33.002;2:08.523;19.572;2:28.095
11;1;3;2:29.949;0;;44.828;0;51.219;0;53.902;0;144.5;7:35.345;13:47:33.161;0:44.828;0:51.219;0:53.902;;;Am;Legends;Toyota Gazoo Racing;GF;44.828;51.219;53.902;17.986;17.986;26.842;44.828;28.974;1:13.802;22.245;1:36.047;34.181;2:10.228;19.721;2:29.949
11;1;4;2:28.158;0;;44.394;0;51.104;0;52.660;0;146.3;10:03.503;13:50:01.319;0:44.394;0:51.104;0:52.660;;;Am;Legends;Toyota Gazoo Racing;GF;44.394;51.104;52.66;17.780;17.780;26.614;44.394;28.912;1:13.306;22.192;1:35.498;33.225;2:08.723;19.435;2:28.158
11;1;5;2:28.861;0;;44.239;0;51.824;0;52.798;0;145.6;12:32.364;13:52:30.180;0:44.239;0:51.824;0:52.798;;;Am;Legends;Toyota Gazoo Racing;GF;44.239;51.824;52.798;18.031;18.031;26.208;44.239;29.183;1:13.422;22.641;1:36.063;33.273;2:09.336;19.525;2:28.861
11;1;6;2:30.347;0;;44.176;2;52.317;0;53.854;0;144.1;15:02.711;13:55:00.527;0:44.176;0:52.317;0:53.854;;;Am;Legends;Toyota Gazoo Racing;GF;44.176;52.317;53.854;17.817;17.817;26.359;44.176;30.122;1:14.298;22.195;1:36.493;34.064;2:10.557;19.79;2:30.347
11;1;7;2:28.923;0;;44.360;0;51.118;0;53.445;0;145.5;17:31.634;13:57:29.450;0:44.360;0:51.118;0:53.445;;;Am;Legends;Toyota Gazoo Racing;GF;44.36;51.118;53.445;18.114;18.114;26.246;44.360;28.806;1:13.166;22.312;1:35.478;33.447;2:08.925;19.998;2:28.923
11;1;8;2:28.908;0;;44.758;0;51.033;2;53.117;0;145.5;20:00.542;13:59:58.358;0:44.758;0:51.033;0:53.117;;;Am;Legends;Toyota Gazoo Racing;GF;44.758;51.033;53.117;18.246;18.246;26.512;44.758;28.797;1:13.555;22.236;1:35.791;33.403;2:09.194;19.714;2:28.908
11;1;9;2:30.663;0;;44.282;0;52.848;0;53.533;0;143.8;22:31.205;14:02:29.021;0:44.282;0:52.848;0:53.533;;;Am;Legends;Toyota Gazoo Racing;GF;44.282;52.848;53.533;17.909;17.909;26.373;44.282;29.344;1:13.626;23.504;1:37.130;33.766;2:10.896;19.767;2:30.663
11;1;10;2:31.433;0;;45.201;0;52.468;0;53.764;0;143.1;25:02.638;14:05:00.454;0:45.201;0:52.468;0:53.764;;;Am;Legends;Toyota Gazoo Racing;GF;45.201;52.468;53.764;17.934;17.934;27.267;45.201;29.835;1:15.036;22.633;1:37.669;33.553;2:11.222;20.211;2:31.433
11;1;11;2:29.537;0;;44.779;0;51.565;0;53.193;0;144.9;27:32.175;14:07:29.991;0:44.779;0:51.565;0:53.193;;;Am;Legends;Toyota Gazoo Racing;GF;44.779;51.565;53.193;17.965;17.965;26.814;44.779;29.232;1:14.011;22.333;1:36.344;33.496;2:09.840;19.697;2:29.537
11;1;12;2:29.288;0;;44.606;0;51.512;0;53.170;0;145.1;30:01.463;14:09:59.279;0:44.606;0:51.512;0:53.170;;;Am;Legends;Toyota Gazoo Racing;GF;44.606;51.512;53.17;17.957;17.957;26.649;44.606;29.232;1:13.838;22.28;1:36.118;33.323;2:09.441;19.847;2:29.288
11;1;13;2:28.875;0;;44.443;0;51.244;0;53.188;0;145.5;32:30.338;14:12:28.154;0:44.443;0:51.244;0:53.188;;;Am;Legends;Toyota Gazoo Racing;GF;44.443;51.244;53.188;18.175;18.175;26.268;44.443;29.113;1:13.556;22.131;1:35.687;33.489;2:09.176;19.699;2:28.875
11;1;14;2:28.693;0;;44.224;0;51.294;0;53.175;0;145.7;34:59.031;14:14:56.847;0:44.224;0:51.294;0:53.175;;;Am;Legends;Toyota Gazoo Racing;GF;44.224;51.294;53.175;17.800;17.800;26.424;44.224;29.048;1:13.272;22.246;1:35.518;33.463;2:08.981;19.712;2:28.693
11;1;15;2:29.792;0;;44.466;0;51.664;0;53.662;0;144.7;37:28.823;14:17:26.639;0:44.466;0:51.664;0:53.662;;;Am;Legends;Toyota Gazoo Racing;GF;44.466;51.664;53.662;17.878;17.878;26.588;44.466;29.054;1:13.520;22.61;1:36.130;34.063;2:10.193;19.599;2:29.792
11;1;16;2:30.632;0;;44.344;0;52.597;0;53.691;0;143.8;39:59.455;14:19:57.271;0:44.344;0:52.597;0:53.691;;;Am;Legends;Toyota Gazoo Racing;GF;44.344;52.597;53.691;17.985;17.985;26.359;44.344;30.029;1:14.373;22.568;1:36.941;33.608;2:10.549;20.083;2:30.632
11;1;17;2:30.498;0;;44.922;0;52.308;0;53.268;0;144.0;42:29.953;14:22:27.769;0:44.922;0:52.308;0:53.268;;;Am;Legends;Toyota Gazoo Racing;GF;44.922;52.308;53.268;18.417;18.417;26.505;44.922;30.047;1:14.969;22.261;1:37.230;33.578;2:10.808;19.69;2:30.498
11;1;18;2:30.342;0;;44.824;0;51.702;0;53.816;0;144.1;45:00.295;14:24:58.111;0:44.824;0:51.702;0:53.816;;;Am;Legends;Toyota Gazoo Racing;GF;44.824;51.702;53.816;17.784;17.784;27.040;44.824;29.318;1:14.142;22.384;1:36.526;34.092;2:10.618;19.724;2:30.342
11;1;19;2:33.605;0;;44.991;0;54.361;0;54.253;0;141.1;47:33.900;14:27:31.716;0:44.991;0:54.361;0:54.253;;;Am;Legends;Toyota Gazoo Racing;FF;44.991;54.361;54.253;18.556;18.556;26.435;44.991;31.188;1:16.179;23.173;1:39.352;34.274;2:13.626;19.979;2:33.605
113;1;1;2:37.866;0;;49.301;0;52.969;0;55.596;0;137.3;2:37.866;13:42:35.682;0:49.301;0:52.969;0:55.596;;;Am;;Toyota Gazoo Racing;GF;49.301;52.969;55.596;22.329;22.329;26.972;49.301;30.016;1:19.317;22.953;1:42.270;35.130;2:17.400;20.466;2:37.866
113;1;2;2:27.770;0;;44.301;0;50.992;0;52.477;0;146.6;5:05.636;13:45:03.452;0:44.301;0:50.992;0:52.477;;;Am;;Toyota Gazoo Racing;GF;44.301;50.992;52.477;17.849;17.849;26.452;44.301;28.82;1:13.121;22.172;1:35.293;32.760;2:08.053;19.717;2:27.770
113;1;3;2:27.390;2;;44.251;0;50.928;0;52.211;2;147.0;7:33.026;13:47:30.842;0:44.251;0:50.928;0:52.211;;;Am;;Toyota Gazoo Racing;GF;44.251;50.928;52.211;17.771;17.771;26.480;44.251;28.786;1:13.037;22.142;1:35.179;32.914;2:08.093;19.297;2:27.390
113;1;4;2:28.444;0;;43.710;2;51.812;0;52.922;0;146.0;10:01.470;13:49:59.286;0:43.710;0:51.812;0:52.922;;;Am;;Toyota Gazoo Racing;GF;43.71;51.812;52.922;17.595;17.595;26.115;43.710;29.1;1:12.810;22.712;1:35.522;33.556;2:09.078;19.366;2:28.444
113;1;5;2:29.341;0;;44.171;0;52.338;0;52.832;0;145.1;12:30.811;13:52:28.627;0:44.171;0:52.338;0:52.832;;;Am;;Toyota Gazoo Racing;GF;44.171;52.338;52.832;17.753;17.753;26.418;44.171;29.664;1:13.835;22.674;1:36.509;33.150;2:09.659;19.682;2:29.341
113;1;6;2:28.163;0;;43.884;0;51.105;0;53.174;0;146.2;14:58.974;13:54:56.790;0:43.884;0:51.105;0:53.174;;;Am;;Toyota Gazoo Racing;GF;43.884;51.105;53.174;17.737;17.737;26.147;43.884;28.931;1:12.815;22.174;1:34.989;33.364;2:08.353;19.81;2:28.163
113;1;7;2:27.744;0;;44.018;0;50.863;2;52.863;0;146.7;17:26.718;13:57:24.534;0:44.018;0:50.863;0:52.863;;;Am;;Toyota Gazoo Racing;GF;44.018;50.863;52.863;17.883;17.883;26.135;44.018;28.75;1:12.768;22.113;1:34.881;33.205;2:08.086;19.658;2:27.744
113;1;8;2:29.107;0;;44.742;0;51.388;0;52.977;0;145.3;19:55.825;13:59:53.641;0:44.742;0:51.388;0:52.977;;;Am;;Toyota Gazoo Racing;GF;44.742;51.388;52.977;18.124;18.124;26.618;44.742;28.855;1:13.597;22.533;1:36.130;33.226;2:09.356;19.751;2:29.107
113;1;9;2:28.346;0;;44.071;0;51.213;0;53.062;0;146.1;22:24.171;14:02:21.987;0:44.071;0:51.213;0:53.062;;;Am;;Toyota Gazoo Racing;GF;44.071;51.213;53.062;17.869;17.869;26.202;44.071;28.977;1:13.048;22.236;1:35.284;33.023;2:08.307;20.039;2:28.346
113;1;10;2:28.803;0;;45.160;0;51.047;0;52.596;0;145.6;24:52.974;14:04:50.790;0:45.160;0:51.047;0:52.596;;;Am;;Toyota Gazoo Racing;GF;45.16;51.047;52.596;18.471;18.471;26.689;45.160;28.879;1:14.039;22.168;1:36.207;33.146;2:09.353;19.45;2:28.803
113;1;11;2:27.936;0;;43.867;0;51.112;0;52.957;0;146.5;27:20.910;14:07:18.726;0:43.867;0:51.112;0:52.957;;;Am;;Toyota Gazoo Racing;GF;43.867;51.112;52.957;17.655;17.655;26.212;43.867;28.837;1:12.704;22.275;1:34.979;33.479;2:08.458;19.478;2:27.936
113;1;12;2:28.716;0;;44.731;0;51.171;0;52.814;0;145.7;29:49.626;14:09:47.442;0:44.731;0:51.171;0:52.814;;;Am;;Toyota Gazoo Racing;GF;44.731;51.171;52.814;17.808;17.808;26.923;44.731;29.039;1:13.770;22.132;1:35.902;33.375;2:09.277;19.439;2:28.716
113;1;13;2:28.284;0;;44.405;0;51.106;0;52.773;0;146.1;32:17.910;14:12:15.726;0:44.405;0:51.106;0:52.773;;;Am;;Toyota Gazoo Racing;GF;44.405;51.106;52.773;17.822;17.822;26.583;44.405;28.925;1:13.330;22.181;1:35.511;33.309;2:08.820;19.464;2:28.284
113;1;14;2:27.568;0;;43.868;0;50.931;0;52.769;0;146.8;34:45.478;14:14:43.294;0:43.868;0:50.931;0:52.769;;;Am;;Toyota Gazoo Racing;GF;43.868;50.931;52.769;17.801;17.801;26.067;43.868;28.739;1:12.607;22.192;1:34.799;33.351;2:08.150;19.418;2:27.568
113;1;15;2:27.649;0;;44.062;0;51.015;0;52.572;0;146.8;37:13.127;14:17:10.943;0:44.062;0:51.015;0:52.572;;;Am;;Toyota Gazoo Racing;GF;44.062;51.015;52.572;17.912;17.912;26.150;44.062;28.905;1:12.967;22.11;1:35.077;33.163;2:08.240;19.409;2:27.649
113;1;16;2:28.468;0;;44.949;0;50.951;0;52.568;0;145.9;39:41.595;14:19:39.411;0:44.949;0:50.951;0:52.568;;;Am;;Toyota Gazoo Racing;GF;44.949;50.951;52.568;17.866;17.866;27.083;44.949;28.764;1:13.713;22.187;1:35.900;33.084;2:08.984;19.484;2:28.468
113;1;17;2:27.977;0;;44.026;0;51.019;0;52.932;0;146.4;42:09.572;14:22:07.388;0:44.026;0:51.019;0:52.932;;;Am;;Toyota Gazoo Racing;GF;44.026;51.019;52.932;17.881;17.881;26.145;44.026;28.887;1:12.913;22.132;1:35.045;33.385;2:08.430;19.547;2:27.977
113;1;18;2:28.485;0;;44.082;0;51.393;0;53.010;0;145.9;44:38.057;14:24:35.873;0:44.082;0:51.393;0:53.010;;;Am;;Toyota Gazoo Racing;GF;44.082;51.393;53.01;17.797;17.797;26.285;44.082;29.153;1:13.235;22.24;1:35.475;33.364;2:08.839;19.646;2:28.485
113;1;19;2:28.731;0;;44.549;0;51.216;0;52.966;0;145.7;47:06.788;14:27:04.604;0:44.549;0:51.216;0:52.966;;;Am;;Toyota Gazoo Racing;FF;44.549;51.216;52.966;18.270;18.270;26.279;44.549;28.964;1:13.513;22.252;1:35.765;33.338;2:09.103;19.628;2:28.731
13;1;1;2:28.993;0;;46.388;0;50.531;0;52.074;0;145.4;2:28.993;13:42:26.809;0:46.388;0:50.531;0:52.074;;;Am;;Toyota Gazoo Racing;GF;46.388;50.531;52.074;20.304;20.304;26.084;46.388;28.579;1:14.967;21.952;1:36.919;32.728;2:09.647;19.346;2:28.993
13;1;2;2:26.120;0;;43.180;3;50.863;0;52.077;0;148.3;4:55.113;13:44:52.929;0:43.180;0:50.863;0:52.077;;;Am;;Toyota Gazoo Racing;GF;43.18;50.863;52.077;17.512;17.512;25.668;43.180;28.88;1:12.060;21.983;1:34.043;32.856;2:06.899;19.221;2:26.120
13;1;3;2:26.147;0;;43.868;0;50.191;0;52.088;0;148.3;7:21.260;13:47:19.076;0:43.868;0:50.191;0:52.088;;;Am;;Toyota Gazoo Racing;GF;43.868;50.191;52.088;17.818;17.818;26.050;43.868;28.371;1:12.239;21.82;1:34.059;32.665;2:06.724;19.423;2:26.147
13;1;4;2:25.437;3;;43.421;0;50.097;3;51.919;2;149.0;9:46.697;13:49:44.513;0:43.421;0:50.097;0:51.919;;;Am;;Toyota Gazoo Racing;GF;43.421;50.097;51.919;17.515;17.515;25.906;43.421;28.328;1:11.749;21.769;1:33.518;32.654;2:06.172;19.265;2:25.437
13;1;5;2:25.690;0;;43.448;0;50.264;0;51.978;0;148.7;12:12.387;13:52:10.203;0:43.448;0:50.264;0:51.978;;;Am;;Toyota Gazoo Racing;GF;43.448;50.264;51.978;17.564;17.564;25.884;43.448;28.405;1:11.853;21.859;1:33.712;32.706;2:06.418;19.272;2:25.690
13;1;6;2:25.913;0;;43.449;0;50.492;0;51.972;0;148.5;14:38.300;13:54:36.116;0:43.449;0:50.492;0:51.972;;;Am;;Toyota Gazoo Racing;GF;43.449;50.492;51.972;17.572;17.572;25.877;43.449;28.564;1:12.013;21.928;1:33.941;32.686;2:06.627;19.286;2:25.913
13;1;7;2:25.767;0;;43.523;0;50.198;0;52.046;0;148.6;17:04.067;13:57:01.883;0:43.523;0:50.198;0:52.046;;;Am;;Toyota Gazoo Racing;GF;43.523;50.198;52.046;17.623;17.623;25.900;43.523;28.402;1:11.925;21.796;1:33.721;32.698;2:06.419;19.348;2:25.767
13;1;8;2:25.847;0;;43.482;0;50.172;0;52.193;0;148.6;19:29.914;13:59:27.730;0:43.482;0:50.172;0:52.193;;;Am;;Toyota Gazoo Racing;GF;43.482;50.172;52.193;17.562;17.562;25.920;43.482;28.452;1:11.934;21.72;1:33.654;32.887;2:06.541;19.306;2:25.847
13;1;9;2:26.388;0;;43.722;0;50.455;0;52.211;0;148.0;21:56.302;14:01:54.118;0:43.722;0:50.455;0:52.211;;;Am;;Toyota Gazoo Racing;GF;43.722;50.455;52.211;17.661;17.661;26.061;43.722;28.588;1:12.310;21.867;1:34.177;32.859;2:07.036;19.352;2:26.388
13;1;10;2:26.133;0;;43.481;0;50.502;0;52.150;0;148.3;24:22.435;14:04:20.251;0:43.481;0:50.502;0:52.150;;;Am;;Toyota Gazoo Racing;GF;43.481;50.502;52.15;17.566;17.566;25.915;43.481;28.586;1:12.067;21.916;1:33.983;32.827;2:06.810;19.323;2:26.133
13;1;11;2:26.587;0;;43.895;0;50.589;0;52.103;0;147.8;26:49.022;14:06:46.838;0:43.895;0:50.589;0:52.103;;;Am;;Toyota Gazoo Racing;GF;43.895;50.589;52.103;17.591;17.591;26.304;43.895;28.709;1:12.604;21.88;1:34.484;32.820;2:07.304;19.283;2:26.587
13;1;12;2:26.320;0;;43.593;0;50.647;0;52.080;0;148.1;29:15.342;14:09:13.158;0:43.593;0:50.647;0:52.080;;;Am;;Toyota Gazoo Racing;GF;43.593;50.647;52.08;17.559;17.559;26.034;43.593;28.756;1:12.349;21.891;1:34.240;32.758;2:06.998;19.322;2:26.320
13;1;13;2:26.580;0;;44.050;0;50.392;0;52.138;0;147.8;31:41.922;14:11:39.738;0:44.050;0:50.392;0:52.138;;;Am;;Toyota Gazoo Racing;GF;44.05;50.392;52.138;17.768;17.768;26.282;44.050;28.519;1:12.569;21.873;1:34.442;32.837;2:07.279;19.301;2:26.580
13;1;14;2:26.477;0;;43.886;0;50.388;0;52.203;0;147.9;34:08.399;14:14:06.215;0:43.886;0:50.388;0:52.203;;;Am;;Toyota Gazoo Racing;GF;43.886;50.388;52.203;17.757;17.757;26.129;43.886;28.684;1:12.570;21.704;1:34.274;32.848;2:07.122;19.355;2:26.477
13;1;15;2:26.626;0;;43.785;0;50.546;0;52.295;0;147.8;36:35.025;14:16:32.841;0:43.785;0:50.546;0:52.295;;;Am;;Toyota Gazoo Racing;GF;43.785;50.546;52.295;17.655;17.655;26.130;43.785;28.687;1:12.472;21.859;1:34.331;32.931;2:07.262;19.364;2:26.626
13;1;16;2:26.504;0;;43.826;0;50.499;0;52.179;0;147.9;39:01.529;14:18:59.345;0:43.826;0:50.499;0:52.179;;;Am;;Toyota Gazoo Racing;GF;43.826;50.499;52.179;17.635;17.635;26.191;43.826;28.601;1:12.427;21.898;1:34.325;32.873;2:07.198;19.306;2:26.504
13;1;17;2:26.984;0;;43.789;0;50.799;0;52.396;0;147.4;41:28.513;14:21:26.329;0:43.789;0:50.799;0:52.396;;;Am;;Toyota Gazoo Racing;GF;43.789;50.799;52.396;17.621;17.621;26.168;43.789;28.81;1:12.599;21.989;1:34.588;32.984;2:07.572;19.412;2:26.984
13;1;18;2:26.983;0;;43.931;0;50.762;0;52.290;0;147.4;43:55.496;14:23:53.312;0:43.931;0:50.762;0:52.290;;;Am;;Toyota Gazoo Racing;GF;43.931;50.762;52.29;17.629;17.629;26.302;43.931;28.757;1:12.688;22.005;1:34.693;32.977;2:07.670;19.313;2:26.983
13;1;19;2:27.526;0;;44.035;0;50.903;0;52.588;0;146.9;46:23.022;14:26:20.838;0:44.035;0:50.903;0:52.588;;;Am;;Toyota Gazoo Racing;FF;44.035;50.903;52.588;17.691;17.691;26.344;44.035;28.897;1:12.932;22.006;1:34.938;33.160;2:08.098;19.428;2:27.526
15;1;1;2:34.507;0;;48.303;0;53.345;0;52.859;0;140.2;2:34.507;13:42:32.323;0:48.303;0:53.345;0:52.859;;;Am;;Toyota Gazoo Racing;GF;48.303;53.345;52.859;21.606;21.606;26.697;48.303;30.335;1:18.638;23.01;1:41.648;33.191;2:14.839;19.668;2:34.507
15;1;2;2:27.970;0;;43.730;0;51.188;0;53.052;0;146.4;5:02.477;13:45:00.293;0:43.730;0:51.188;0:53.052;;;Am;;Toyota Gazoo Racing;GF;43.73;51.188;53.052;17.867;17.867;25.863;43.730;29.082;1:12.812;22.106;1:34.918;33.026;2:07.944;20.026;2:27.970
15;1;3;2:27.619;0;;44.683;0;50.845;0;52.091;2;146.8;7:30.096;13:47:27.912;0:44.683;0:50.845;0:52.091;;;Am;;Toyota Gazoo Racing;GF;44.683;50.845;52.091;18.155;18.155;26.528;44.683;28.739;1:13.422;22.106;1:35.528;32.728;2:08.256;19.363;2:27.619
15;1;4;2:26.855;2;;43.467;2;50.910;0;52.478;0;147.5;9:56.951;13:49:54.767;0:43.467;0:50.910;0:52.478;;;Am;;Toyota Gazoo Racing;GF;43.467;50.91;52.478;17.582;17.582;25.885;43.467;28.803;1:12.270;22.107;1:34.377;32.704;2:07.081;19.774;2:26.855
15;1;5;2:28.917;0;;44.713;0;51.083;0;53.121;0;145.5;12:25.868;13:52:23.684;0:44.713;0:51.083;0:53.121;;;Am;;Toyota Gazoo Racing;GF;44.713;51.083;53.121;18.037;18.037;26.676;44.713;28.909;1:13.622;22.174;1:35.796;33.306;2:09.102;19.815;2:28.917
15;1;6;2:27.416;0;;43.874;0;50.863;0;52.679;0;147.0;14:53.284;13:54:51.100;0:43.874;0:50.863;0:52.679;;;Am;;Toyota Gazoo Racing;GF;43.874;50.863;52.679;17.725;17.725;26.149;43.874;28.812;1:12.686;22.051;1:34.737;33.209;2:07.946;19.47;2:27.416
15;1;7;2:27.804;0;;43.978;0;51.142;0;52.684;0;146.6;17:21.088;13:57:18.904;0:43.978;0:51.142;0:52.684;;;Am;;Toyota Gazoo Racing;GF;43.978;51.142;52.684;17.622;17.622;26.356;43.978;28.899;1:12.877;22.243;1:35.120;33.119;2:08.239;19.565;2:27.804
15;1;8;2:27.375;0;;43.621;0;50.970;0;52.784;0;147.0;19:48.463;13:59:46.279;0:43.621;0:50.970;0:52.784;;;Am;;Toyota Gazoo Racing;GF;43.621;50.97;52.784;17.658;17.658;25.963;43.621;28.921;1:12.542;22.049;1:34.591;33.232;2:07.823;19.552;2:27.375
15;1;9;2:28.011;0;;44.310;0;50.890;0;52.811;0;146.4;22:16.474;14:02:14.290;0:44.310;0:50.890;0:52.811;;;Am;;Toyota Gazoo Racing;GF;44.31;50.89;52.811;18.079;18.079;26.231;44.310;28.832;1:13.142;22.058;1:35.200;33.207;2:08.407;19.604;2:28.011
15;1;10;2:27.741;0;;43.997;0;50.888;0;52.856;0;146.7;24:44.215;14:04:42.031;0:43.997;0:50.888;0:52.856;;;Am;;Toyota Gazoo Racing;GF;43.997;50.888;52.856;17.726;17.726;26.271;43.997;28.875;1:12.872;22.013;1:34.885;33.235;2:08.120;19.621;2:27.741
15;1;11;2:28.175;0;;44.100;0;51.021;0;53.054;0;146.2;27:12.390;14:07:10.206;0:44.100;0:51.021;0:53.054;;;Am;;Toyota Gazoo Racing;GF;44.1;51.021;53.054;17.744;17.744;26.356;44.100;28.832;1:12.932;22.189;1:35.121;33.469;2:08.590;19.585;2:28.175
15;1;12;2:27.986;0;;44.087;0;51.187;0;52.712;0;146.4;29:40.376;14:09:38.192;0:44.087;0:51.187;0:52.712;;;Am;;Toyota Gazoo Racing;GF;44.087;51.187;52.712;17.713;17.713;26.374;44.087;28.883;1:12.970;22.304;1:35.274;33.233;2:08.507;19.479;2:27.986
15;1;13;2:27.449;0;;43.859;0;50.839;2;52.751;0;147.0;32:07.825;14:12:05.641;0:43.859;0:50.839;0:52.751;;;Am;;Toyota Gazoo Racing;GF;43.859;50.839;52.751;17.730;17.730;26.129;43.859;28.774;1:12.633;22.065;1:34.698;33.234;2:07.932;19.517;2:27.449
15;1;14;2:28.046;0;;43.960;0;51.089;0;52.997;0;146.4;34:35.871;14:14:33.687;0:43.960;0:51.089;0:52.997;;;Am;;Toyota Gazoo Racing;GF;43.96;51.089;52.997;17.693;17.693;26.267;43.960;28.915;1:12.875;22.174;1:35.049;33.474;2:08.523;19.523;2:28.046
15;1;15;2:28.595;0;;44.402;0;51.052;0;53.141;0;145.8;37:04.466;14:17:02.282;0:44.402;0:51.052;0:53.141;;;Am;;Toyota Gazoo Racing;GF;44.402;51.052;53.141;17.710;17.710;26.692;44.402;28.916;1:13.318;22.136;1:35.454;33.465;2:08.919;19.676;2:28.595
15;1;16;2:28.156;0;;43.986;0;51.160;0;53.010;0;146.3;39:32.622;14:19:30.438;0:43.986;0:51.160;0:53.010;;;Am;;Toyota Gazoo Racing;GF;43.986;51.16;53.01;17.657;17.657;26.329;43.986;29.051;1:13.037;22.109;1:35.146;33.435;2:08.581;19.575;2:28.156
15;1;17;2:27.905;0;;43.910;0;50.958;0;53.037;0;146.5;42:00.527;14:21:58.343;0:43.910;0:50.958;0:53.037;;;Am;;Toyota Gazoo Racing;GF;43.91;50.958;53.037;17.688;17.688;26.222;43.910;28.923;1:12.833;22.035;1:34.868;33.440;2:08.308;19.597;2:27.905
15;1;18;2:29.056;0;;44.621;0;51.140;0;53.295;0;145.4;44:29.583;14:24:27.399;0:44.621;0:51.140;0:53.295;;;Am;;Toyota Gazoo Racing;GF;44.621;51.14;53.295;18.014;18.014;26.607;44.621;29.045;1:13.666;22.095;1:35.761;33.596;2:09.357;19.699;2:29.056
15;1;19;2:29.217;0;;44.080;0;51.791;0;53.346;0;145.2;46:58.800;14:26:56.616;0:44.080;0:51.791;0:53.346;;;Am;;Toyota Gazoo Racing;FF;44.08;51.791;53.346;17.696;17.696;26.384;44.080;29.61;1:13.690;22.181;1:35.871;33.587;2:09.458;19.759;2:29.217
16;1;1;2:29.344;0;;46.920;0;50.449;2;51.975;0;145.1;2:29.344;13:42:27.160;0:46.920;0:50.449;0:51.975;;;Am;Legends;Toyota Gazoo Racing;GF;46.92;50.449;51.975;20.388;20.388;26.532;46.920;28.538;1:15.458;21.911;1:37.369;32.787;2:10.156;19.188;2:29.344
16;1;2;2:26.116;2;;43.436;2;50.555;0;52.125;0;148.3;4:55.460;13:44:53.276;0:43.436;0:50.555;0:52.125;;;Am;Legends;Toyota Gazoo Racing;GF;43.436;50.555;52.125;17.583;17.583;25.853;43.436;28.579;1:12.015;21.976;1:33.991;32.851;2:06.842;19.274;2:26.116
16;1;3;2:26.700;0;;43.815;0;50.932;0;51.953;0;147.7;7:22.160;13:47:19.976;0:43.815;0:50.932;0:51.953;;;Am;Legends;Toyota Gazoo Racing;GF;43.815;50.932;51.953;17.658;17.658;26.157;43.815;28.91;1:12.725;22.022;1:34.747;32.645;2:07.392;19.308;2:26.700
16;1;4;2:26.471;0;;43.478;0;50.837;0;52.156;0;147.9;9:48.631;13:49:46.447;0:43.478;0:50.837;0:52.156;;;Am;Legends;Toyota Gazoo Racing;GF;43.478;50.837;52.156;17.508;17.508;25.970;43.478;28.707;1:12.185;22.13;1:34.315;32.611;2:06.926;19.545;2:26.471
16;1;5;2:27.900;0;;43.603;0;51.589;0;52.708;0;146.5;12:16.531;13:52:14.347;0:43.603;0:51.589;0:52.708;;;Am;Legends;Toyota Gazoo Racing;GF;43.603;51.589;52.708;17.544;17.544;26.059;43.603;29.247;1:12.850;22.342;1:35.192;32.826;2:08.018;19.882;2:27.900
16;1;6;2:26.697;0;;43.469;0;50.997;0;52.231;0;147.7;14:43.228;13:54:41.044;0:43.469;0:50.997;0:52.231;;;Am;Legends;Toyota Gazoo Racing;GF;43.469;50.997;52.231;17.499;17.499;25.970;43.469;28.814;1:12.283;22.183;1:34.466;32.853;2:07.319;19.378;2:26.697
16;1;7;2:26.648;0;;43.836;0;50.727;0;52.085;0;147.8;17:09.876;13:57:07.692;0:43.836;0:50.727;0:52.085;;;Am;Legends;Toyota Gazoo Racing;GF;43.836;50.727;52.085;17.599;17.599;26.237;43.836;28.608;1:12.444;22.119;1:34.563;32.697;2:07.260;19.388;2:26.648
16;1;8;2:26.181;0;;43.583;0;50.646;0;51.952;0;148.2;19:36.057;13:59:33.873;0:43.583;0:50.646;0:51.952;;;Am;Legends;Toyota Gazoo Racing;GF;43.583;50.646;51.952;17.631;17.631;25.952;43.583;28.514;1:12.097;22.132;1:34.229;32.715;2:06.944;19.237;2:26.181
16;1;9;2:26.133;0;;43.514;0;50.717;0;51.902;3;148.3;22:02.190;14:02:00.006;0:43.514;0:50.717;0:51.902;;;Am;Legends;Toyota Gazoo Racing;GF;43.514;50.717;51.902;17.511;17.511;26.003;43.514;28.608;1:12.122;22.109;1:34.231;32.633;2:06.864;19.269;2:26.133
16;1;10;2:26.469;0;;43.492;0;50.676;0;52.301;0;147.9;24:28.659;14:04:26.475;0:43.492;0:50.676;0:52.301;;;Am;Legends;Toyota Gazoo Racing;GF;43.492;50.676;52.301;17.434;17.434;26.058;43.492;28.545;1:12.037;22.131;1:34.168;32.694;2:06.862;19.607;2:26.469
16;1;11;2:26.609;0;;43.887;0;50.704;0;52.018;0;147.8;26:55.268;14:06:53.084;0:43.887;0:50.704;0:52.018;;;Am;Legends;Toyota Gazoo Racing;GF;43.887;50.704;52.018;17.603;17.603;26.284;43.887;28.604;1:12.491;22.1;1:34.591;32.788;2:07.379;19.23;2:26.609
16;1;12;2:26.563;0;;43.666;0;50.954;0;51.943;0;147.8;29:21.831;14:09:19.647;0:43.666;0:50.954;0:51.943;;;Am;Legends;Toyota Gazoo Racing;GF;43.666;50.954;51.943;17.508;17.508;26.158;43.666;28.836;1:12.502;22.118;1:34.620;32.742;2:07.362;19.201;2:26.563
16;1;13;2:26.720;0;;43.727;0;50.795;0;52.198;0;147.7;31:48.551;14:11:46.367;0:43.727;0:50.795;0:52.198;;;Am;Legends;Toyota Gazoo Racing;GF;43.727;50.795;52.198;17.535;17.535;26.192;43.727;28.649;1:12.376;22.146;1:34.522;32.886;2:07.408;19.312;2:26.720
16;1;14;2:27.026;0;;43.697;0;50.960;0;52.369;0;147.4;34:15.577;14:14:13.393;0:43.697;0:50.960;0:52.369;;;Am;Legends;Toyota Gazoo Racing;GF;43.697;50.96;52.369;17.602;17.602;26.095;43.697;28.806;1:12.503;22.154;1:34.657;32.968;2:07.625;19.401;2:27.026
16;1;15;2:26.870;0;;43.771;0;50.807;0;52.292;0;147.5;36:42.447;14:16:40.263;0:43.771;0:50.807;0:52.292;;;Am;Legends;Toyota Gazoo Racing;GF;43.771;50.807;52.292;17.580;17.580;26.191;43.771;28.684;1:12.455;22.123;1:34.578;32.904;2:07.482;19.388;2:26.870
16;1;16;2:27.887;0;;44.299;0;51.285;0;52.303;0;146.5;39:10.334;14:19:08.150;0:44.299;0:51.285;0:52.303;;;Am;Legends;Toyota Gazoo Racing;GF;44.299;51.285;52.303;17.983;17.983;26.316;44.299;29.052;1:13.351;22.233;1:35.584;33.039;2:08.623;19.264;2:27.887
16;1;17;2:27.207;0;;43.752;0;51.058;0;52.397;0;147.2;41:37.541;14:21:35.357;0:43.752;0:51.058;0:52.397;;;Am;Legends;Toyota Gazoo Racing;GF;43.752;51.058;52.397;17.656;17.656;26.096;43.752;28.855;1:12.607;22.203;1:34.810;33.126;2:07.936;19.271;2:27.207
16;1;18;2:27.597;0;;43.960;0;51.180;0;52.457;0;146.8;44:05.138;14:24:02.954;0:43.960;0:51.180;0:52.457;;;Am;Legends;Toyota Gazoo Racing;GF;43.96;51.18;52.457;17.489;17.489;26.471;43.960;29.086;1:13.046;22.094;1:35.140;33.003;2:08.143;19.454;2:27.597
16;1;19;2:27.243;0;;43.956;0;50.943;0;52.344;0;147.2;46:32.381;14:26:30.197;0:43.956;0:50.943;0:52.344;;;Am;Legends;Toyota Gazoo Racing;FF;43.956;50.943;52.344;17.714;17.714;26.242;43.956;28.891;1:12.847;22.052;1:34.899;32.813;2:07.712;19.531;2:27.243
2;1;1;2:30.727;0;;47.476;0;50.827;0;52.424;0;143.8;2:30.727;13:42:28.543;0:47.476;0:50.827;0:52.424;;;Am;;Toyota Gazoo Racing;GF;47.476;50.827;52.424;20.824;20.824;26.652;47.476;28.768;1:16.244;22.059;1:38.303;33.072;2:11.375;19.352;2:30.727
2;1;2;2:27.120;0;;43.700;0;50.703;0;52.717;0;147.3;4:57.847;13:44:55.663;0:43.700;0:50.703;0:52.717;;;Am;;Toyota Gazoo Racing;GF;43.7;50.703;52.717;17.797;17.797;25.903;43.700;28.568;1:12.268;22.135;1:34.403;32.907;2:07.310;19.81;2:27.120
2;1;3;2:26.334;2;;43.804;0;50.425;2;52.105;2;148.1;7:24.181;13:47:21.997;0:43.804;0:50.425;0:52.105;;;Am;;Toyota Gazoo Racing;GF;43.804;50.425;52.105;17.559;17.559;26.245;43.804;28.497;1:12.301;21.928;1:34.229;32.739;2:06.968;19.366;2:26.334
2;1;4;2:27.178;0;;44.203;0;50.758;0;52.217;0;147.2;9:51.359;13:49:49.175;0:44.203;0:50.758;0:52.217;;;Am;;Toyota Gazoo Racing;GF;44.203;50.758;52.217;17.695;17.695;26.508;44.203;28.6;1:12.803;22.158;1:34.961;32.841;2:07.802;19.376;2:27.178
2;1;5;2:26.731;0;;43.671;2;50.683;0;52.377;0;147.7;12:18.090;13:52:15.906;0:43.671;0:50.683;0:52.377;;;Am;;Toyota Gazoo Racing;GF;43.671;50.683;52.377;17.702;17.702;25.969;43.671;28.529;1:12.200;22.154;1:34.354;32.956;2:07.310;19.421;2:26.731
2;1;6;2:26.888;0;;43.692;0;50.871;0;52.325;0;147.5;14:44.978;13:54:42.794;0:43.692;0:50.871;0:52.325;;;Am;;Toyota Gazoo Racing;GF;43.692;50.871;52.325;17.641;17.641;26.051;43.692;28.883;1:12.575;21.988;1:34.563;32.977;2:07.540;19.348;2:26.888
2;1;7;2:26.642;0;;43.748;0;50.564;0;52.330;0;147.8;17:11.620;13:57:09.436;0:43.748;0:50.564;0:52.330;;;Am;;Toyota Gazoo Racing;GF;43.748;50.564;52.33;17.689;17.689;26.059;43.748;28.58;1:12.328;21.984;1:34.312;32.867;2:07.179;19.463;2:26.642
2;1;8;2:28.534;0;;44.319;0;50.812;0;53.403;0;145.9;19:40.154;13:59:37.970;0:44.319;0:50.812;0:53.403;;;Am;;Toyota Gazoo Racing;GF;44.319;50.812;53.403;17.647;17.647;26.672;44.319;28.813;1:13.132;21.999;1:35.131;33.251;2:08.382;20.152;2:28.534
2;1;9;2:26.982;0;;43.830;0;50.705;0;52.447;0;147.4;22:07.136;14:02:04.952;0:43.830;0:50.705;0:52.447;;;Am;;Toyota Gazoo Racing;GF;43.83;50.705;52.447;17.865;17.865;25.965;43.830;28.704;1:12.534;22.001;1:34.535;33.002;2:07.537;19.445;2:26.982
2;1;10;2:26.757;0;;43.764;0;50.621;0;52.372;0;147.6;24:33.893;14:04:31.709;0:43.764;0:50.621;0:52.372;;;Am;;Toyota Gazoo Racing;GF;43.764;50.621;52.372;17.690;17.690;26.074;43.764;28.67;1:12.434;21.951;1:34.385;32.960;2:07.345;19.412;2:26.757
2;1;11;2:27.321;0;;44.113;0;50.721;0;52.487;0;147.1;27:01.214;14:06:59.030;0:44.113;0:50.721;0:52.487;;;Am;;Toyota Gazoo Racing;GF;44.113;50.721;52.487;17.790;17.790;26.323;44.113;28.745;1:12.858;21.976;1:34.834;33.068;2:07.902;19.419;2:27.321
2;1;12;2:27.764;0;;44.231;0;50.839;0;52.694;0;146.6;29:28.978;14:09:26.794;0:44.231;0:50.839;0:52.694;;;Am;;Toyota Gazoo Racing;GF;44.231;50.839;52.694;17.802;17.802;26.429;44.231;28.8;1:13.031;22.039;1:35.070;33.250;2:08.320;19.444;2:27.764
2;1;13;2:27.538;0;;44.199;0;50.678;0;52.661;0;146.9;31:56.516;14:11:54.332;0:44.199;0:50.678;0:52.661;;;Am;;Toyota Gazoo Racing;GF;44.199;50.678;52.661;17.877;17.877;26.322;44.199;28.632;1:12.831;22.046;1:34.877;33.130;2:08.007;19.531;2:27.538
2;1;14;2:27.552;0;;44.056;0;50.773;0;52.723;0;146.9;34:24.068;14:14:21.884;0:44.056;0:50.773;0:52.723;;;Am;;Toyota Gazoo Racing;GF;44.056;50.773;52.723;17.920;17.920;26.136;44.056;28.587;1:12.643;22.186;1:34.829;33.127;2:07.956;19.596;2:27.552
2;1;15;2:27.512;0;;44.105;0;50.847;0;52.560;0;146.9;36:51.580;14:16:49.396;0:44.105;0:50.847;0:52.560;;;Am;;Toyota Gazoo Racing;GF;44.105;50.847;52.56;17.800;17.800;26.305;44.105;28.717;1:12.822;22.13;1:34.952;33.100;2:08.052;19.46;2:27.512
2;1;16;2:27.633;0;;44.031;0;51.001;0;52.601;0;146.8;39:19.213;14:19:17.029;0:44.031;0:51.001;0:52.601;;;Am;;Toyota Gazoo Racing;GF;44.031;51.001;52.601;17.821;17.821;26.210;44.031;28.869;1:12.900;22.132;1:35.032;33.111;2:08.143;19.49;2:27.633
2;1;17;2:27.706;0;;44.077;0;50.879;0;52.750;0;146.7;41:46.919;14:21:44.735;0:44.077;0:50.879;0:52.750;;;Am;;Toyota Gazoo Racing;GF;44.077;50.879;52.75;17.809;17.809;26.268;44.077;28.86;1:12.937;22.019;1:34.956;33.053;2:08.009;19.697;2:27.706
2;1;18;2:28.210;0;;44.631;0;50.848;0;52.731;0;146.2;44:15.129;14:24:12.945;0:44.631;0:50.848;0:52.731;;;Am;;Toyota Gazoo Racing;GF;44.631;50.848;52.731;17.805;17.805;26.826;44.631;28.657;1:13.288;22.191;1:35.479;33.343;2:08.822;19.388;2:28.210
2;1;19;2:30.949;0;;45.602;0;52.250;0;53.097;0;143.5;46:46.078;14:26:43.894;0:45.602;0:52.250;0:53.097;;;Am;;Toyota Gazoo Racing;FF;45.602;52.25;53.097;17.980;17.980;27.622;45.602;29.632;1:15.234;22.618;1:37.852;33.605;2:11.457;19.492;2:30.949
21;1;1;2:34.872;0;;48.717;0;53.097;0;53.058;0;139.9;2:34.872;13:42:32.688;0:48.717;0:53.097;0:53.058;;;Am;;Toyota Gazoo Racing;GF;48.717;53.097;53.058;22.093;22.093;26.624;48.717;30.269;1:18.986;22.828;1:41.814;33.234;2:15.048;19.824;2:34.872
21;1;2;2:27.665;0;;44.003;0;50.936;0;52.726;0;146.7;5:02.537;13:45:00.353;0:44.003;0:50.936;0:52.726;;;Am;;Toyota Gazoo Racing;GF;44.003;50.936;52.726;17.778;17.778;26.225;44.003;28.763;1:12.766;22.173;1:34.939;32.833;2:07.772;19.893;2:27.665
21;1;3;2:29.278;0;;45.853;0;50.992;0;52.433;0;145.2;7:31.815;13:47:29.631;0:45.853;0:50.992;0:52.433;;;Am;;Toyota Gazoo Racing;GF;45.853;50.992;52.433;18.100;18.100;27.753;45.853;28.759;1:14.612;22.233;1:36.845;32.981;2:09.826;19.452;2:29.278
21;1;4;2:27.388;0;;44.234;0;50.954;0;52.200;2;147.0;9:59.203;13:49:57.019;0:44.234;0:50.954;0:52.200;;;Am;;Toyota Gazoo Racing;GF;44.234;50.954;52.2;17.628;17.628;26.606;44.234;28.743;1:12.977;22.211;1:35.188;32.831;2:08.019;19.369;2:27.388
21;1;5;2:28.581;0;;44.412;0;51.614;0;52.555;0;145.8;12:27.784;13:52:25.600;0:44.412;0:51.614;0:52.555;;;Am;;Toyota Gazoo Racing;GF;44.412;51.614;52.555;17.928;17.928;26.484;44.412;29.292;1:13.704;22.322;1:36.026;33.079;2:09.105;19.476;2:28.581
21;1;6;2:27.388;0;;44.005;0;50.998;0;52.385;0;147.0;14:55.172;13:54:52.988;0:44.005;0:50.998;0:52.385;;;Am;;Toyota Gazoo Racing;GF;44.005;50.998;52.385;17.710;17.710;26.295;44.005;28.768;1:12.773;22.23;1:35.003;32.882;2:07.885;19.503;2:27.388
21;1;7;2:28.525;0;;44.187;0;51.206;0;53.132;0;145.9;17:23.697;13:57:21.513;0:44.187;0:51.206;0:53.132;;;Am;;Toyota Gazoo Racing;GF;44.187;51.206;53.132;18.087;18.087;26.100;44.187;28.817;1:13.004;22.389;1:35.393;33.570;2:08.963;19.562;2:28.525
21;1;8;2:27.300;2;;43.916;2;50.982;0;52.402;0;147.1;19:50.997;13:59:48.813;0:43.916;0:50.982;0:52.402;;;Am;;Toyota Gazoo Racing;GF;43.916;50.982;52.402;17.820;17.820;26.096;43.916;28.805;1:12.721;22.177;1:34.898;33.067;2:07.965;19.335;2:27.300
21;1;9;2:28.229;0;;44.215;0;51.268;0;52.746;0;146.2;22:19.226;14:02:17.042;0:44.215;0:51.268;0:52.746;;;Am;;Toyota Gazoo Racing;GF;44.215;51.268;52.746;17.919;17.919;26.296;44.215;28.944;1:13.159;22.324;1:35.483;33.295;2:08.778;19.451;2:28.229
21;1;10;2:28.115;0;;44.629;0;50.915;2;52.571;0;146.3;24:47.341;14:04:45.157;0:44.629;0:50.915;0:52.571;;;Am;;Toyota Gazoo Racing;GF;44.629;50.915;52.571;17.815;17.815;26.814;44.629;28.704;1:13.333;22.211;1:35.544;32.943;2:08.487;19.628;2:28.115
21;1;11;2:28.747;0;;44.536;0;50.981;0;53.230;0;145.7;27:16.088;14:07:13.904;0:44.536;0:50.981;0:53.230;;;Am;;Toyota Gazoo Racing;GF;44.536;50.981;53.23;17.894;17.894;26.642;44.536;28.751;1:13.287;22.23;1:35.517;33.688;2:09.205;19.542;2:28.747
21;1;12;2:27.776;0;;44.113;0;50.990;0;52.673;0;146.6;29:43.864;14:09:41.680;0:44.113;0:50.990;0:52.673;;;Am;;Toyota Gazoo Racing;GF;44.113;50.99;52.673;17.766;17.766;26.347;44.113;28.835;1:12.948;22.155;1:35.103;33.155;2:08.258;19.518;2:27.776
21;1;13;2:28.630;0;;44.860;0;51.182;0;52.588;0;145.8;32:12.494;14:12:10.310;0:44.860;0:51.182;0:52.588;;;Am;;Toyota Gazoo Racing;GF;44.86;51.182;52.588;18.150;18.150;26.710;44.860;28.934;1:13.794;22.248;1:36.042;33.141;2:09.183;19.447;2:28.630
21;1;14;2:30.493;0;;44.878;0;51.410;0;54.205;0;144.0;34:42.987;14:14:40.803;0:44.878;0:51.410;0:54.205;;;Am;;Toyota Gazoo Racing;GF;44.878;51.41;54.205;18.254;18.254;26.624;44.878;28.901;1:13.779;22.509;1:36.288;34.176;2:10.464;20.029;2:30.493
21;1;15;2:28.525;0;;44.241;0;51.637;0;52.647;0;145.9;37:11.512;14:17:09.328;0:44.241;0:51.637;0:52.647;;;Am;;Toyota Gazoo Racing;GF;44.241;51.637;52.647;17.851;17.851;26.390;44.241;29.033;1:13.274;22.604;1:35.878;33.128;2:09.006;19.519;2:28.525
21;1;16;2:29.266;0;;44.766;0;51.683;0;52.817;0;145.2;39:40.778;14:19:38.594;0:44.766;0:51.683;0:52.817;;;Am;;Toyota Gazoo Racing;GF;44.766;51.683;52.817;17.911;17.911;26.855;44.766;29.196;1:13.962;22.487;1:36.449;33.247;2:09.696;19.57;2:29.266
21;1;17;2:28.337;0;;44.241;0;51.166;0;52.930;0;146.1;42:09.115;14:22:06.931;0:44.241;0:51.166;0:52.930;;;Am;;Toyota Gazoo Racing;GF;44.241;51.166;52.93;17.865;17.865;26.376;44.241;28.937;1:13.178;22.229;1:35.407;33.377;2:08.784;19.553;2:28.337
21;1;18;2:28.741;0;;44.455;0;51.230;0;53.056;0;145.7;44:37.856;14:24:35.672;0:44.455;0:51.230;0:53.056;;;Am;;Toyota Gazoo Racing;GF;44.455;51.23;53.056;17.850;17.850;26.605;44.455;28.911;1:13.366;22.319;1:35.685;33.389;2:09.074;19.667;2:28.741
21;1;19;2:28.694;0;;44.531;0;51.252;0;52.911;0;145.7;47:06.550;14:27:04.366;0:44.531;0:51.252;0:52.911;;;Am;;Toyota Gazoo Racing;FF;44.531;51.252;52.911;18.230;18.230;26.301;44.531;28.906;1:13.437;22.346;1:35.783;33.333;2:09.116;19.578;2:28.694
31;1;1;2:35.050;0;;49.560;0;52.328;0;53.162;0;139.7;2:35.050;13:42:32.866;0:49.560;0:52.328;0:53.162;;;Am;;Toyota Gazoo Racing;GF;49.56;52.328;53.162;22.242;22.242;27.318;49.560;29.725;1:19.285;22.603;1:41.888;33.451;2:15.339;19.711;2:35.050
31;1;2;2:27.796;0;;43.998;0;51.304;0;52.494;0;146.6;5:02.846;13:45:00.662;0:43.998;0:51.304;0:52.494;;;Am;;Toyota Gazoo Racing;GF;43.998;51.304;52.494;17.791;17.791;26.207;43.998;29.11;1:13.108;22.194;1:35.302;33.015;2:08.317;19.479;2:27.796
31;1;3;2:28.406;0;;44.488;0;51.386;0;52.532;0;146.0;7:31.252;13:47:29.068;0:44.488;0:51.386;0:52.532;;;Am;;Toyota Gazoo Racing;GF;44.488;51.386;52.532;17.800;17.800;26.688;44.488;29.173;1:13.661;22.213;1:35.874;33.050;2:08.924;19.482;2:28.406
31;1;4;2:27.222;2;;43.802;0;50.973;2;52.447;0;147.2;9:58.474;13:49:56.290;0:43.802;0:50.973;0:52.447;;;Am;;Toyota Gazoo Racing;GF;43.802;50.973;52.447;17.576;17.576;26.226;43.802;28.767;1:12.569;22.206;1:34.775;33.081;2:07.856;19.366;2:27.222
31;1;5;2:28.676;0;;43.791;0;52.463;0;52.422;2;145.7;12:27.150;13:52:24.966;0:43.791;0:52.463;0:52.422;;;Am;;Toyota Gazoo Racing;GF;43.791;52.463;52.422;17.757;17.757;26.034;43.791;30.216;1:14.007;22.247;1:36.254;33.063;2:09.317;19.359;2:28.676
31;1;6;2:27.835;0;;43.997;0;51.230;0;52.608;0;146.6;14:54.985;13:54:52.801;0:43.997;0:51.230;0:52.608;;;Am;;Toyota Gazoo Racing;GF;43.997;51.23;52.608;17.577;17.577;26.420;43.997;29.034;1:13.031;22.196;1:35.227;33.076;2:08.303;19.532;2:27.835
31;1;7;2:27.931;0;;44.159;0;51.148;0;52.624;0;146.5;17:22.916;13:57:20.732;0:44.159;0:51.148;0:52.624;;;Am;;Toyota Gazoo Racing;GF;44.159;51.148;52.624;17.972;17.972;26.187;44.159;28.839;1:12.998;22.309;1:35.307;33.108;2:08.415;19.516;2:27.931
31;1;8;2:27.449;0;;43.716;2;51.151;0;52.582;0;147.0;19:50.365;13:59:48.181;0:43.716;0:51.151;0:52.582;;;Am;;Toyota Gazoo Racing;GF;43.716;51.151;52.582;17.694;17.694;26.022;43.716;28.942;1:12.658;22.209;1:34.867;33.191;2:08.058;19.391;2:27.449
31;1;9;2:27.828;0;;44.052;0;51.181;0;52.595;0;146.6;22:18.193;14:02:16.009;0:44.052;0:51.181;0:52.595;;;Am;;Toyota Gazoo Racing;GF;44.052;51.181;52.595;17.743;17.743;26.309;44.052;28.894;1:12.946;22.287;1:35.233;33.089;2:08.322;19.506;2:27.828
31;1;10;2:28.212;0;;44.067;0;51.390;0;52.755;0;146.2;24:46.405;14:04:44.221;0:44.067;0:51.390;0:52.755;;;Am;;Toyota Gazoo Racing;GF;44.067;51.39;52.755;17.908;17.908;26.159;44.067;29.023;1:13.090;22.367;1:35.457;33.259;2:08.716;19.496;2:28.212
31;1;11;2:28.835;0;;44.274;0;51.504;0;53.057;0;145.6;27:15.240;14:07:13.056;0:44.274;0:51.504;0:53.057;;;Am;;Toyota Gazoo Racing;GF;44.274;51.504;53.057;17.701;17.701;26.573;44.274;29.121;1:13.395;22.383;1:35.778;33.615;2:09.393;19.442;2:28.835
31;1;12;2:28.460;0;;44.209;0;51.291;0;52.960;0;146.0;29:43.700;14:09:41.516;0:44.209;0:51.291;0:52.960;;;Am;;Toyota Gazoo Racing;GF;44.209;51.291;52.96;17.749;17.749;26.460;44.209;29.013;1:13.222;22.278;1:35.500;33.307;2:08.807;19.653;2:28.460
31;1;13;2:28.798;0;;44.563;0;51.241;0;52.994;0;145.6;32:12.498;14:12:10.314;0:44.563;0:51.241;0:52.994;;;Am;;Toyota Gazoo Racing;GF;44.563;51.241;52.994;18.111;18.111;26.452;44.563;29.074;1:13.637;22.167;1:35.804;33.277;2:09.081;19.717;2:28.798
31;1;14;2:30.060;0;;44.756;0;51.707;0;53.597;0;144.4;34:42.558;14:14:40.374;0:44.756;0:51.707;0:53.597;;;Am;;Toyota Gazoo Racing;GF;44.756;51.707;53.597;18.105;18.105;26.651;44.756;29.293;1:14.049;22.414;1:36.463;33.879;2:10.342;19.718;2:30.060
31;1;15;2:29.182;0;;44.385;0;51.624;0;53.173;0;145.2;37:11.740;14:17:09.556;0:44.385;0:51.624;0:53.173;;;Am;;Toyota Gazoo Racing;GF;44.385;51.624;53.173;17.870;17.870;26.515;44.385;29.02;1:13.405;22.604;1:36.009;33.343;2:09.352;19.83;2:29.182
31;1;16;2:45.528;0;B;48.117;0;51.677;0;1:05.734;0;130.9;39:57.268;14:19:55.084;0:48.117;0:51.677;1:05.734;;;Am;;Toyota Gazoo Racing;GF;48.117;51.677;65.734;18.149;18.149;29.968;48.117;29.081;1:17.198;22.596;1:39.794;33.234;2:13.028;32.5;2:45.528
41;1;1;2:35.412;0;;50.124;0;52.300;0;52.988;0;139.4;2:35.412;13:42:33.228;0:50.124;0:52.300;0:52.988;;;Am;;Toyota Gazoo Racing;GF;50.124;52.3;52.988;22.862;22.862;27.262;50.124;29.58;1:19.704;22.72;1:42.424;33.534;2:15.958;19.454;2:35.412
41;1;2;2:27.698;0;;44.275;0;50.926;0;52.497;0;146.7;5:03.110;13:45:00.926;0:44.275;0:50.926;0:52.497;;;Am;;Toyota Gazoo Racing;GF;44.275;50.926;52.497;18.122;18.122;26.153;44.275;28.666;1:12.941;22.26;1:35.201;33.114;2:08.315;19.383;2:27.698
41;1;3;2:28.323;0;;44.744;0;51.221;0;52.358;0;146.1;7:31.433;13:47:29.249;0:44.744;0:51.221;0:52.358;;;Am;;Toyota Gazoo Racing;GF;44.744;51.221;52.358;17.838;17.838;26.906;44.744;28.933;1:13.677;22.288;1:35.965;32.932;2:08.897;19.426;2:28.323
41;1;4;2:27.339;2;;44.214;0;50.812;2;52.313;2;147.1;9:58.772;13:49:56.588;0:44.214;0:50.812;0:52.313;;;Am;;Toyota Gazoo Racing;GF;44.214;50.812;52.313;17.887;17.887;26.327;44.214;28.623;1:12.837;22.189;1:35.026;33.012;2:08.038;19.301;2:27.339
41;1;5;2:27.671;0;;43.978;0;51.006;0;52.687;0;146.7;12:26.443;13:52:24.259;0:43.978;0:51.006;0:52.687;;;Am;;Toyota Gazoo Racing;GF;43.978;51.006;52.687;17.797;17.797;26.181;43.978;28.908;1:12.886;22.098;1:34.984;33.318;2:08.302;19.369;2:27.671
41;1;6;2:27.592;0;;44.171;0;50.873;0;52.548;0;146.8;14:54.035;13:54:51.851;0:44.171;0:50.873;0:52.548;;;Am;;Toyota Gazoo Racing;GF;44.171;50.873;52.548;17.846;17.846;26.325;44.171;28.717;1:12.888;22.156;1:35.044;33.096;2:08.140;19.452;2:27.592
41;1;7;2:28.050;0;;43.960;2;51.090;0;53.000;0;146.4;17:22.085;13:57:19.901;0:43.960;0:51.090;0:53.000;;;Am;;Toyota Gazoo Racing;GF;43.96;51.09;53.0;17.724;17.724;26.236;43.960;28.884;1:12.844;22.206;1:35.050;33.518;2:08.568;19.482;2:28.050
41;1;8;2:27.789;0;;44.027;0;51.027;0;52.735;0;146.6;19:49.874;13:59:47.690;0:44.027;0:51.027;0:52.735;;;Am;;Toyota Gazoo Racing;GF;44.027;51.027;52.735;17.874;17.874;26.153;44.027;28.762;1:12.789;22.265;1:35.054;33.231;2:08.285;19.504;2:27.789
41;1;9;2:28.442;0;;45.039;0;51.078;0;52.325;0;146.0;22:18.316;14:02:16.132;0:45.039;0:51.078;0:52.325;;;Am;;Toyota Gazoo Racing;GF;45.039;51.078;52.325;18.389;18.389;26.650;45.039;28.781;1:13.820;22.297;1:36.117;32.901;2:09.018;19.424;2:28.442
41;1;10;2:28.806;0;;44.977;0;51.137;0;52.692;0;145.6;24:47.122;14:04:44.938;0:44.977;0:51.137;0:52.692;;;Am;;Toyota Gazoo Racing;GF;44.977;51.137;52.692;18.270;18.270;26.707;44.977;28.796;1:13.773;22.341;1:36.114;33.048;2:09.162;19.644;2:28.806
41;1;11;2:29.264;0;;44.085;0;51.132;0;54.047;0;145.2;27:16.386;14:07:14.202;0:44.085;0:51.132;0:54.047;;;Am;;Toyota Gazoo Racing;GF;44.085;51.132;54.047;17.896;17.896;26.189;44.085;28.945;1:13.030;22.187;1:35.217;34.279;2:09.496;19.768;2:29.264
41;1;12;2:28.032;0;;44.146;0;51.469;0;52.417;0;146.4;29:44.418;14:09:42.234;0:44.146;0:51.469;0:52.417;;;Am;;Toyota Gazoo Racing;GF;44.146;51.469;52.417;17.787;17.787;26.359;44.146;29.197;1:13.343;22.272;1:35.615;33.005;2:08.620;19.412;2:28.032
41;1;13;2:28.768;0;;44.529;0;51.275;0;52.964;0;145.7;32:13.186;14:12:11.002;0:44.529;0:51.275;0:52.964;;;Am;;Toyota Gazoo Racing;GF;44.529;51.275;52.964;17.878;17.878;26.651;44.529;29.106;1:13.635;22.169;1:35.804;33.326;2:09.130;19.638;2:28.768
41;1;14;2:29.932;0;;44.315;0;51.664;0;53.953;0;144.5;34:43.118;14:14:40.934;0:44.315;0:51.664;0:53.953;;;Am;;Toyota Gazoo Racing;GF;44.315;51.664;53.953;17.861;17.861;26.454;44.315;29.404;1:13.719;22.26;1:35.979;34.188;2:10.167;19.765;2:29.932
41;1;15;2:29.046;0;;44.192;0;51.820;0;53.034;0;145.4;37:12.164;14:17:09.980;0:44.192;0:51.820;0:53.034;;;Am;;Toyota Gazoo Racing;GF;44.192;51.82;53.034;18.032;18.032;26.160;44.192;29.2;1:13.392;22.62;1:36.012;33.313;2:09.325;19.721;2:29.046
41;1;16;3:27.891;0;B;1:28.274;0;53.180;0;1:06.437;0;104.2;40:40.055;14:20:37.871;1:28.274;0:53.180;1:06.437;;;Am;;Toyota Gazoo Racing;GF;88.274;53.18;66.437;17.898;17.898;1:10.376;1:28.274;30.577;1:58.851;22.603;2:21.454;33.894;2:55.348;32.543;3:27.891
41;1;17;2:54.478;0;;1:07.082;0;52.529;0;54.867;0;124.2;43:34.533;14:23:32.349;1:07.082;0:52.529;0:54.867;;0:00:38.329;Am;;Toyota Gazoo Racing;GF;67.082;52.529;54.867;39.862;39.862;27.220;1:07.082;29.777;1:36.859;22.752;1:59.611;34.138;2:33.749;20.729;2:54.478
41;1;18;2:33.985;0;;46.567;0;52.764;0;54.654;0;140.7;46:08.518;14:26:06.334;0:46.567;0:52.764;0:54.654;;;Am;;Toyota Gazoo Racing;GF;46.567;52.764;54.654;19.299;19.299;27.268;46.567;29.675;1:16.242;23.089;1:39.331;34.178;2:13.509;20.476;2:33.985
41;1;19;2:31.753;0;;45.137;0;51.805;0;54.811;0;142.8;48:40.271;14:28:38.087;0:45.137;0:51.805;0:54.811;;;Am;;Toyota Gazoo Racing;FF;45.137;51.805;54.811;18.413;18.413;26.724;45.137;29.209;1:14.346;22.596;1:36.942;33.790;2:10.732;21.021;2:31.753
46;1;1;2:30.079;0;;47.230;0;50.926;0;51.923;2;144.4;2:30.079;13:42:27.895;0:47.230;0:50.926;0:51.923;;;Am;;Toyota Gazoo Racing;GF;47.23;50.926;51.923;20.529;20.529;26.701;47.230;28.658;1:15.888;22.268;1:38.156;32.703;2:10.859;19.22;2:30.079
46;1;2;2:25.713;2;;43.194;2;50.453;2;52.066;0;148.7;4:55.792;13:44:53.608;0:43.194;0:50.453;0:52.066;;;Am;;Toyota Gazoo Racing;GF;43.194;50.453;52.066;17.581;17.581;25.613;43.194;28.444;1:11.638;22.009;1:33.647;32.723;2:06.370;19.343;2:25.713
46;1;3;2:26.694;0;;43.674;0;50.977;0;52.043;0;147.7;7:22.486;13:47:20.302;0:43.674;0:50.977;0:52.043;;;Am;;Toyota Gazoo Racing;GF;43.674;50.977;52.043;17.559;17.559;26.115;43.674;28.947;1:12.621;22.03;1:34.651;32.740;2:07.391;19.303;2:26.694
46;1;4;2:26.470;0;;43.457;0;50.801;0;52.212;0;147.9;9:48.956;13:49:46.772;0:43.457;0:50.801;0:52.212;;;Am;;Toyota Gazoo Racing;GF;43.457;50.801;52.212;17.517;17.517;25.940;43.457;28.76;1:12.217;22.041;1:34.258;32.740;2:06.998;19.472;2:26.470
46;1;5;2:27.170;0;;43.399;0;51.265;0;52.506;0;147.2;12:16.126;13:52:13.942;0:43.399;0:51.265;0:52.506;;;Am;;Toyota Gazoo Racing;GF;43.399;51.265;52.506;17.549;17.549;25.850;43.399;29.114;1:12.513;22.151;1:34.664;33.029;2:07.693;19.477;2:27.170
46;1;6;2:26.811;0;;43.571;0;50.966;0;52.274;0;147.6;14:42.937;13:54:40.753;0:43.571;0:50.966;0:52.274;;;Am;;Toyota Gazoo Racing;GF;43.571;50.966;52.274;17.551;17.551;26.020;43.571;28.89;1:12.461;22.076;1:34.537;32.861;2:07.398;19.413;2:26.811
46;1;7;2:26.665;0;;43.824;0;50.586;0;52.255;0;147.7;17:09.602;13:57:07.418;0:43.824;0:50.586;0:52.255;;;Am;;Toyota Gazoo Racing;GF;43.824;50.586;52.255;17.756;17.756;26.068;43.824;28.51;1:12.334;22.076;1:34.410;32.881;2:07.291;19.374;2:26.665
46;1;8;2:25.991;0;;43.285;0;50.484;0;52.222;0;148.4;19:35.593;13:59:33.409;0:43.285;0:50.484;0:52.222;;;Am;;Toyota Gazoo Racing;GF;43.285;50.484;52.222;17.567;17.567;25.718;43.285;28.45;1:11.735;22.034;1:33.769;32.867;2:06.636;19.355;2:25.991
46;1;9;2:26.192;0;;43.426;0;50.520;0;52.246;0;148.2;22:01.785;14:01:59.601;0:43.426;0:50.520;0:52.246;;;Am;;Toyota Gazoo Racing;GF;43.426;50.52;52.246;17.637;17.637;25.789;43.426;28.428;1:11.854;22.092;1:33.946;32.864;2:06.810;19.382;2:26.192
46;1;10;2:26.643;0;;43.478;0;50.803;0;52.362;0;147.8;24:28.428;14:04:26.244;0:43.478;0:50.803;0:52.362;;;Am;;Toyota Gazoo Racing;GF;43.478;50.803;52.362;17.557;17.557;25.921;43.478;28.676;1:12.154;22.127;1:34.281;32.877;2:07.158;19.485;2:26.643
46;1;11;2:26.296;0;;43.586;0;50.709;0;52.001;0;148.1;26:54.724;14:06:52.540;0:43.586;0:50.709;0:52.001;;;Am;;Toyota Gazoo Racing;GF;43.586;50.709;52.001;17.599;17.599;25.987;43.586;28.591;1:12.177;22.118;1:34.295;32.738;2:07.033;19.263;2:26.296
46;1;12;2:26.556;0;;43.510;0;50.862;0;52.184;0;147.8;29:21.280;14:09:19.096;0:43.510;0:50.862;0:52.184;;;Am;;Toyota Gazoo Racing;GF;43.51;50.862;52.184;17.590;17.590;25.920;43.510;28.754;1:12.264;22.108;1:34.372;32.823;2:07.195;19.361;2:26.556
46;1;13;2:26.768;0;;43.695;0;50.802;0;52.271;0;147.6;31:48.048;14:11:45.864;0:43.695;0:50.802;0:52.271;;;Am;;Toyota Gazoo Racing;GF;43.695;50.802;52.271;17.671;17.671;26.024;43.695;28.705;1:12.400;22.097;1:34.497;32.848;2:07.345;19.423;2:26.768
46;1;14;2:27.335;0;;43.896;0;50.892;0;52.547;0;147.1;34:15.383;14:14:13.199;0:43.896;0:50.892;0:52.547;;;Am;;Toyota Gazoo Racing;GF;43.896;50.892;52.547;17.731;17.731;26.165;43.896;28.78;1:12.676;22.112;1:34.788;33.163;2:07.951;19.384;2:27.335
46;1;15;2:26.848;0;;43.500;0;50.854;0;52.494;0;147.6;36:42.231;14:16:40.047;0:43.500;0:50.854;0:52.494;;;Am;;Toyota Gazoo Racing;GF;43.5;50.854;52.494;17.628;17.628;25.872;43.500;28.708;1:12.208;22.146;1:34.354;32.848;2:07.202;19.646;2:26.848
46;1;16;2:27.477;0;;44.109;0;51.025;0;52.343;0;146.9;39:09.708;14:19:07.524;0:44.109;0:51.025;0:52.343;;;Am;;Toyota Gazoo Racing;GF;44.109;51.025;52.343;18.026;18.026;26.083;44.109;28.929;1:13.038;22.096;1:35.134;32.953;2:08.087;19.39;2:27.477
46;1;17;2:27.283;0;;43.815;0;50.986;0;52.482;0;147.1;41:36.991;14:21:34.807;0:43.815;0:50.986;0:52.482;;;Am;;Toyota Gazoo Racing;GF;43.815;50.986;52.482;17.781;17.781;26.034;43.815;28.847;1:12.662;22.139;1:34.801;33.090;2:07.891;19.392;2:27.283
46;1;18;2:27.434;0;;43.804;0;50.724;0;52.906;0;147.0;44:04.425;14:24:02.241;0:43.804;0:50.724;0:52.906;;;Am;;Toyota Gazoo Racing;GF;43.804;50.724;52.906;17.703;17.703;26.101;43.804;28.659;1:12.463;22.065;1:34.528;33.448;2:07.976;19.458;2:27.434
46;1;19;2:27.106;0;;43.788;0;50.810;0;52.508;0;147.3;46:31.531;14:26:29.347;0:43.788;0:50.810;0:52.508;;;Am;;Toyota Gazoo Racing;FF;43.788;50.81;52.508;17.665;17.665;26.123;43.788;28.741;1:12.529;22.069;1:34.598;33.075;2:07.673;19.433;2:27.106
47;1;1;2:36.009;0;;50.122;0;52.487;0;53.400;0;138.9;2:36.009;13:42:33.825;0:50.122;0:52.487;0:53.400;;;Am;;Toyota Gazoo Racing;GF;50.122;52.487;53.4;22.394;22.394;27.728;50.122;29.553;1:19.675;22.934;1:42.609;34.014;2:16.623;19.386;2:36.009
47;1;2;2:28.046;0;;44.596;0;50.785;2;52.665;0;146.4;5:04.055;13:45:01.871;0:44.596;0:50.785;0:52.665;;;Am;;Toyota Gazoo Racing;GF;44.596;50.785;52.665;18.195;18.195;26.401;44.596;28.61;1:13.206;22.175;1:35.381;33.176;2:08.557;19.489;2:28.046
47;1;3;2:30.932;0;;46.598;0;50.962;0;53.372;0;143.6;7:34.987;13:47:32.803;0:46.598;0:50.962;0:53.372;;;Am;;Toyota Gazoo Racing;GF;46.598;50.962;53.372;17.835;17.835;28.763;46.598;28.855;1:15.453;22.107;1:37.560;33.825;2:11.385;19.547;2:30.932
47;1;4;2:27.724;2;;44.427;0;50.807;0;52.490;2;146.7;10:02.711;13:50:00.527;0:44.427;0:50.807;0:52.490;;;Am;;Toyota Gazoo Racing;GF;44.427;50.807;52.49;17.746;17.746;26.681;44.427;28.635;1:13.062;22.172;1:35.234;32.972;2:08.206;19.518;2:27.724
47;1;5;2:28.299;0;;44.352;0;51.046;0;52.901;0;146.1;12:31.010;13:52:28.826;0:44.352;0:51.046;0:52.901;;;Am;;Toyota Gazoo Racing;GF;44.352;51.046;52.901;17.897;17.897;26.455;44.352;28.872;1:13.224;22.174;1:35.398;33.407;2:08.805;19.494;2:28.299
47;1;6;2:55.504;0;;44.218;2;50.915;0;1:20.371;0;123.5;15:26.514;13:55:24.330;0:44.218;0:50.915;1:20.371;;;Am;;Toyota Gazoo Racing;GF;44.218;50.915;80.371;17.838;17.838;26.380;44.218;28.712;1:12.930;22.203;1:35.133;1:00.129;2:35.262;20.242;2:55.504
47;1;7;2:28.670;0;;44.452;0;50.931;0;53.287;0;145.7;17:55.184;13:57:53.000;0:44.452;0:50.931;0:53.287;;;Am;;Toyota Gazoo Racing;GF;44.452;50.931;53.287;18.033;18.033;26.419;44.452;28.842;1:13.294;22.089;1:35.383;33.665;2:09.048;19.622;2:28.670
47;1;8;2:29.243;0;;44.765;0;51.445;0;53.033;0;145.2;20:24.427;14:00:22.243;0:44.765;0:51.445;0:53.033;;;Am;;Toyota Gazoo Racing;GF;44.765;51.445;53.033;17.945;17.945;26.820;44.765;28.736;1:13.501;22.709;1:36.210;33.523;2:09.733;19.51;2:29.243
47;1;9;2:29.265;0;;45.113;0;51.121;0;53.031;0;145.2;22:53.692;14:02:51.508;0:45.113;0:51.121;0:53.031;;;Am;;Toyota Gazoo Racing;GF;45.113;51.121;53.031;18.114;18.114;26.999;45.113;28.773;1:13.886;22.348;1:36.234;33.316;2:09.550;19.715;2:29.265
47;1;10;2:28.703;0;;44.774;0;51.167;0;52.762;0;145.7;25:22.395;14:05:20.211;0:44.774;0:51.167;0:52.762;;;Am;;Toyota Gazoo Racing;GF;44.774;51.167;52.762;17.934;17.934;26.840;44.774;28.934;1:13.708;22.233;1:35.941;33.186;2:09.127;19.576;2:28.703
47;1;11;2:28.844;0;;44.866;0;51.225;0;52.753;0;145.6;27:51.239;14:07:49.055;0:44.866;0:51.225;0:52.753;;;Am;;Toyota Gazoo Racing;GF;44.866;51.225;52.753;18.161;18.161;26.705;44.866;28.874;1:13.740;22.351;1:36.091;33.292;2:09.383;19.461;2:28.844
47;1;12;2:28.841;0;;44.311;0;51.603;0;52.927;0;145.6;30:20.080;14:10:17.896;0:44.311;0:51.603;0:52.927;;;Am;;Toyota Gazoo Racing;GF;44.311;51.603;52.927;17.823;17.823;26.488;44.311;29.173;1:13.484;22.43;1:35.914;33.496;2:09.410;19.431;2:28.841
47;1;13;2:31.747;0;;45.908;0;52.307;0;53.532;0;142.8;32:51.827;14:12:49.643;0:45.908;0:52.307;0:53.532;;;Am;;Toyota Gazoo Racing;GF;45.908;52.307;53.532;17.827;17.827;28.081;45.908;29.726;1:15.634;22.581;1:38.215;33.800;2:12.015;19.732;2:31.747
47;1;14;2:29.707;0;;45.118;0;51.486;0;53.103;0;144.7;35:21.534;14:15:19.350;0:45.118;0:51.486;0:53.103;;;Am;;Toyota Gazoo Racing;GF;45.118;51.486;53.103;18.289;18.289;26.829;45.118;29.132;1:14.250;22.354;1:36.604;33.496;2:10.100;19.607;2:29.707
47;1;15;2:29.886;0;;45.012;0;51.757;0;53.117;0;144.6;37:51.420;14:17:49.236;0:45.012;0:51.757;0:53.117;;;Am;;Toyota Gazoo Racing;GF;45.012;51.757;53.117;18.168;18.168;26.844;45.012;29.346;1:14.358;22.411;1:36.769;33.419;2:10.188;19.698;2:29.886
47;1;16;2:29.899;0;;45.214;0;51.446;0;53.239;0;144.6;40:21.319;14:20:19.135;0:45.214;0:51.446;0:53.239;;;Am;;Toyota Gazoo Racing;GF;45.214;51.446;53.239;18.170;18.170;27.044;45.214;29.131;1:14.345;22.315;1:36.660;33.659;2:10.319;19.58;2:29.899
47;1;17;2:30.257;0;;44.802;0;52.055;0;53.400;0;144.2;42:51.576;14:22:49.392;0:44.802;0:52.055;0:53.400;;;Am;;Toyota Gazoo Racing;GF;44.802;52.055;53.4;18.062;18.062;26.740;44.802;29.471;1:14.273;22.584;1:36.857;33.572;2:10.429;19.828;2:30.257
47;1;18;2:30.302;0;;45.222;0;51.774;0;53.306;0;144.2;45:21.878;14:25:19.694;0:45.222;0:51.774;0:53.306;;;Am;;Toyota Gazoo Racing;GF;45.222;51.774;53.306;18.317;18.317;26.905;45.222;29.216;1:14.438;22.558;1:36.996;33.573;2:10.569;19.733;2:30.302
47;1;19;2:29.972;0;;45.330;0;51.540;0;53.102;0;144.5;47:51.850;14:27:49.666;0:45.330;0:51.540;0:53.102;;;Am;;Toyota Gazoo Racing;FF;45.33;51.54;53.102;18.321;18.321;27.009;45.330;29.147;1:14.477;22.393;1:36.870;33.462;2:10.332;19.64;2:29.972
5;1;1;2:56.623;0;B;50.291;0;54.765;0;1:11.567;0;122.7;2:56.623;13:42:54.439;0:50.291;0:54.765;1:11.567;;;Am;;Toyota Gazoo Racing;GF;50.291;54.765;71.567;23.139;23.139;27.152;50.291;30.241;1:20.532;24.524;1:45.056;38.246;2:23.302;33.321;2:56.623
5;1;2;3:55.711;0;;2:11.680;0;51.377;0;52.654;2;91.9;6:52.334;13:46:50.150;2:11.680;0:51.377;0:52.654;;0:01:42.366;Am;;Toyota Gazoo Racing;GF;131.68;51.377;52.654;1:44.712;1:44.712;26.968;2:11.680;29.055;2:40.735;22.322;3:03.057;33.111;3:36.168;19.543;3:55.711
5;1;3;2:28.070;0;;44.120;0;51.094;0;52.856;0;146.3;9:20.404;13:49:18.220;0:44.120;0:51.094;0:52.856;;;Am;;Toyota Gazoo Racing;GF;44.12;51.094;52.856;17.638;17.638;26.482;44.120;28.768;1:12.888;22.326;1:35.214;33.170;2:08.384;19.686;2:28.070
5;1;4;2:27.775;2;;44.171;0;50.861;0;52.743;0;146.6;11:48.179;13:51:45.995;0:44.171;0:50.861;0:52.743;;;Am;;Toyota Gazoo Racing;GF;44.171;50.861;52.743;17.760;17.760;26.411;44.171;28.709;1:12.880;22.152;1:35.032;33.105;2:08.137;19.638;2:27.775
5;1;5;2:28.636;0;;43.690;2;51.343;0;53.603;0;145.8;14:16.815;13:54:14.631;0:43.690;0:51.343;0:53.603;;;Am;;Toyota Gazoo Racing;GF;43.69;51.343;53.603;17.637;17.637;26.053;43.690;28.973;1:12.663;22.37;1:35.033;33.802;2:08.835;19.801;2:28.636
5;1;6;2:41.961;0;B;44.186;0;50.788;2;1:06.987;0;133.8;16:58.776;13:56:56.592;0:44.186;0:50.788;1:06.987;;;Am;;Toyota Gazoo Racing;GF;44.186;50.788;66.987;17.730;17.730;26.456;44.186;28.68;1:12.866;22.108;1:34.974;33.187;2:08.161;33.8;2:41.961
51;1;1;2:37.707;0;;51.249;0;52.860;0;53.598;0;137.4;2:37.707;13:42:35.523;0:51.249;0:52.860;0:53.598;;;Am;;Toyota Gazoo Racing;GF;51.249;52.86;53.598;24.039;24.039;27.210;51.249;29.959;1:21.208;22.901;1:44.109;33.537;2:17.646;20.061;2:37.707
51;1;2;2:30.463;0;;45.113;0;52.141;0;53.209;0;144.0;5:08.170;13:45:05.986;0:45.113;0:52.141;0:53.209;;;Am;;Toyota Gazoo Racing;GF;45.113;52.141;53.209;18.479;18.479;26.634;45.113;29.798;1:14.911;22.343;1:37.254;33.543;2:10.797;19.666;2:30.463
51;1;3;2:28.789;2;;44.693;0;51.364;0;52.732;2;145.6;7:36.959;13:47:34.775;0:44.693;0:51.364;0:52.732;;;Am;;Toyota Gazoo Racing;GF;44.693;51.364;52.732;18.079;18.079;26.614;44.693;29.04;1:13.733;22.324;1:36.057;33.315;2:09.372;19.417;2:28.789
51;1;4;2:32.446;0;;44.886;0;53.891;0;53.669;0;142.1;10:09.405;13:50:07.221;0:44.886;0:53.891;0:53.669;;;Am;;Toyota Gazoo Racing;GF;44.886;53.891;53.669;18.384;18.384;26.502;44.886;31.17;1:16.056;22.721;1:38.777;34.029;2:12.806;19.64;2:32.446
51;1;5;2:29.960;0;;45.079;0;51.929;0;52.952;0;144.5;12:39.365;13:52:37.181;0:45.079;0:51.929;0:52.952;;;Am;;Toyota Gazoo Racing;GF;45.079;51.929;52.952;18.182;18.182;26.897;45.079;29.327;1:14.406;22.602;1:37.008;33.445;2:10.453;19.507;2:29.960
51;1;6;2:30.235;0;;44.692;0;52.146;0;53.397;0;144.2;15:09.600;13:55:07.416;0:44.692;0:52.146;0:53.397;;;Am;;Toyota Gazoo Racing;GF;44.692;52.146;53.397;17.993;17.993;26.699;44.692;29.688;1:14.380;22.458;1:36.838;33.600;2:10.438;19.797;2:30.235
51;1;7;2:29.676;0;;44.800;0;51.296;2;53.580;0;144.8;17:39.276;13:57:37.092;0:44.800;0:51.296;0:53.580;;;Am;;Toyota Gazoo Racing;GF;44.8;51.296;53.58;18.077;18.077;26.723;44.800;29.122;1:13.922;22.174;1:36.096;34.075;2:10.171;19.505;2:29.676
51;1;8;2:29.625;0;;44.837;0;51.562;0;53.226;0;144.8;20:08.901;14:00:06.717;0:44.837;0:51.562;0:53.226;;;Am;;Toyota Gazoo Racing;GF;44.837;51.562;53.226;18.155;18.155;26.682;44.837;29.169;1:14.006;22.393;1:36.399;33.554;2:09.953;19.672;2:29.625
51;1;9;2:29.281;0;;44.530;0;51.827;0;52.924;0;145.2;22:38.182;14:02:35.998;0:44.530;0:51.827;0:52.924;;;Am;;Toyota Gazoo Racing;GF;44.53;51.827;52.924;18.067;18.067;26.463;44.530;29.421;1:13.951;22.406;1:36.357;33.403;2:09.760;19.521;2:29.281
51;1;10;2:29.341;0;;44.652;0;51.707;0;52.982;0;145.1;25:07.523;14:05:05.339;0:44.652;0:51.707;0:52.982;;;Am;;Toyota Gazoo Racing;GF;44.652;51.707;52.982;18.028;18.028;26.624;44.652;29.386;1:14.038;22.321;1:36.359;33.508;2:09.867;19.474;2:29.341
51;1;11;2:29.527;0;;44.490;2;51.676;0;53.361;0;144.9;27:37.050;14:07:34.866;0:44.490;0:51.676;0:53.361;;;Am;;Toyota Gazoo Racing;GF;44.49;51.676;53.361;17.977;17.977;26.513;44.490;29.499;1:13.989;22.177;1:36.166;33.844;2:10.010;19.517;2:29.527
51;1;12;2:29.425;0;;44.867;0;51.670;0;52.888;0;145.0;30:06.475;14:10:04.291;0:44.867;0:51.670;0:52.888;;;Am;;Toyota Gazoo Racing;GF;44.867;51.67;52.888;18.188;18.188;26.679;44.867;29.222;1:14.089;22.448;1:36.537;33.476;2:10.013;19.412;2:29.425
51;1;13;2:30.218;0;;45.188;0;51.952;0;53.078;0;144.2;32:36.693;14:12:34.509;0:45.188;0:51.952;0:53.078;;;Am;;Toyota Gazoo Racing;GF;45.188;51.952;53.078;18.117;18.117;27.071;45.188;29.127;1:14.315;22.825;1:37.140;33.604;2:10.744;19.474;2:30.218
51;1;14;2:29.850;0;;45.039;0;51.662;0;53.149;0;144.6;35:06.543;14:15:04.359;0:45.039;0:51.662;0:53.149;;;Am;;Toyota Gazoo Racing;GF;45.039;51.662;53.149;18.216;18.216;26.823;45.039;29.294;1:14.333;22.368;1:36.701;33.538;2:10.239;19.611;2:29.850
51;1;15;2:30.169;0;;44.792;0;52.086;0;53.291;0;144.3;37:36.712;14:17:34.528;0:44.792;0:52.086;0:53.291;;;Am;;Toyota Gazoo Racing;GF;44.792;52.086;53.291;18.108;18.108;26.684;44.792;29.622;1:14.414;22.464;1:36.878;33.539;2:10.417;19.752;2:30.169
51;1;16;2:30.200;0;;45.196;0;51.945;0;53.059;0;144.3;40:06.912;14:20:04.728;0:45.196;0:51.945;0:53.059;;;Am;;Toyota Gazoo Racing;GF;45.196;51.945;53.059;18.334;18.334;26.862;45.196;29.536;1:14.732;22.409;1:37.141;33.466;2:10.607;19.593;2:30.200
51;1;17;2:45.764;0;;45.013;0;51.986;0;1:08.765;0;130.7;42:52.676;14:22:50.492;0:45.013;0:51.986;1:08.765;;;Am;;Toyota Gazoo Racing;GF;45.013;51.986;68.765;18.218;18.218;26.795;45.013;29.677;1:14.690;22.309;1:36.999;33.742;2:10.741;35.023;2:45.764
51;1;18;2:32.235;0;;45.738;0;53.005;0;53.492;0;142.3;45:24.911;14:25:22.727;0:45.738;0:53.005;0:53.492;;;Am;;Toyota Gazoo Racing;GF;45.738;53.005;53.492;19.077;19.077;26.661;45.738;30.184;1:15.922;22.821;1:38.743;33.884;2:12.627;19.608;2:32.235
51;1;19;2:30.733;0;;45.001;0;52.110;0;53.622;0;143.8;47:55.644;14:27:53.460;0:45.001;0:52.110;0:53.622;;;Am;;Toyota Gazoo Racing;FF;45.001;52.11;53.622;18.186;18.186;26.815;45.001;29.511;1:14.512;22.599;1:37.111;33.738;2:10.849;19.884;2:30.733
55;1;1;2:34.019;0;;48.131;0;53.241;0;52.647;0;140.7;2:34.019;13:42:31.835;0:48.131;0:53.241;0:52.647;;;Am;;Toyota Gazoo Racing;GF;48.131;53.241;52.647;21.269;21.269;26.862;48.131;30.092;1:18.223;23.149;1:41.372;33.094;2:14.466;19.553;2:34.019
55;1;2;2:27.520;0;;43.721;0;51.131;0;52.668;0;146.9;5:01.539;13:44:59.355;0:43.721;0:51.131;0:52.668;;;Am;;Toyota Gazoo Racing;GF;43.721;51.131;52.668;17.744;17.744;25.977;43.721;29.01;1:12.731;22.121;1:34.852;33.118;2:07.970;19.55;2:27.520
55;1;3;2:26.738;0;;43.873;0;50.597;0;52.268;0;147.7;7:28.277;13:47:26.093;0:43.873;0:50.597;0:52.268;;;Am;;Toyota Gazoo Racing;GF;43.873;50.597;52.268;17.814;17.814;26.059;43.873;28.51;1:12.383;22.087;1:34.470;32.840;2:07.310;19.428;2:26.738
55;1;4;2:26.596;2;;43.754;0;50.561;2;52.281;0;147.8;9:54.873;13:49:52.689;0:43.754;0:50.561;0:52.281;;;Am;;Toyota Gazoo Racing;GF;43.754;50.561;52.281;17.688;17.688;26.066;43.754;28.467;1:12.221;22.094;1:34.315;32.827;2:07.142;19.454;2:26.596
55;1;5;2:26.768;0;;43.747;0;50.721;0;52.300;0;147.6;12:21.641;13:52:19.457;0:43.747;0:50.721;0:52.300;;;Am;;Toyota Gazoo Racing;GF;43.747;50.721;52.3;17.742;17.742;26.005;43.747;28.521;1:12.268;22.2;1:34.468;32.873;2:07.341;19.427;2:26.768
55;1;6;2:26.736;0;;43.820;0;50.660;0;52.256;0;147.7;14:48.377;13:54:46.193;0:43.820;0:50.660;0:52.256;;;Am;;Toyota Gazoo Racing;GF;43.82;50.66;52.256;17.674;17.674;26.146;43.820;28.488;1:12.308;22.172;1:34.480;32.846;2:07.326;19.41;2:26.736
55;1;7;2:27.055;0;;43.889;0;50.647;0;52.519;0;147.3;17:15.432;13:57:13.248;0:43.889;0:50.647;0:52.519;;;Am;;Toyota Gazoo Racing;GF;43.889;50.647;52.519;17.916;17.916;25.973;43.889;28.526;1:12.415;22.121;1:34.536;32.979;2:07.515;19.54;2:27.055
55;1;8;2:26.755;0;;43.717;0;50.673;0;52.365;0;147.6;19:42.187;13:59:40.003;0:43.717;0:50.673;0:52.365;;;Am;;Toyota Gazoo Racing;GF;43.717;50.673;52.365;17.743;17.743;25.974;43.717;28.565;1:12.282;22.108;1:34.390;32.938;2:07.328;19.427;2:26.755
55;1;9;2:27.137;0;;43.726;0;50.843;0;52.568;0;147.3;22:09.324;14:02:07.140;0:43.726;0:50.843;0:52.568;;;Am;;Toyota Gazoo Racing;GF;43.726;50.843;52.568;17.683;17.683;26.043;43.726;28.689;1:12.415;22.154;1:34.569;32.905;2:07.474;19.663;2:27.137
55;1;10;2:27.219;0;;43.775;0;51.050;0;52.394;0;147.2;24:36.543;14:04:34.359;0:43.775;0:51.050;0:52.394;;;Am;;Toyota Gazoo Racing;GF;43.775;51.05;52.394;17.789;17.789;25.986;43.775;28.564;1:12.339;22.486;1:34.825;33.023;2:07.848;19.371;2:27.219
55;1;11;2:27.363;0;;44.211;0;50.804;0;52.348;0;147.0;27:03.906;14:07:01.722;0:44.211;0:50.804;0:52.348;;;Am;;Toyota Gazoo Racing;GF;44.211;50.804;52.348;17.920;17.920;26.291;44.211;28.668;1:12.879;22.136;1:35.015;32.927;2:07.942;19.421;2:27.363
55;1;12;2:26.960;0;;43.850;0;50.808;0;52.302;0;147.4;29:30.866;14:09:28.682;0:43.850;0:50.808;0:52.302;;;Am;;Toyota Gazoo Racing;GF;43.85;50.808;52.302;17.707;17.707;26.143;43.850;28.687;1:12.537;22.121;1:34.658;32.876;2:07.534;19.426;2:26.960
55;1;13;2:27.108;0;;43.936;0;50.786;0;52.386;0;147.3;31:57.974;14:11:55.790;0:43.936;0:50.786;0:52.386;;;Am;;Toyota Gazoo Racing;GF;43.936;50.786;52.386;17.729;17.729;26.207;43.936;28.67;1:12.606;22.116;1:34.722;32.933;2:07.655;19.453;2:27.108
55;1;14;2:27.118;0;;43.894;0;50.683;0;52.541;0;147.3;34:25.092;14:14:22.908;0:43.894;0:50.683;0:52.541;;;Am;;Toyota Gazoo Racing;GF;43.894;50.683;52.541;17.711;17.711;26.183;43.894;28.627;1:12.521;22.056;1:34.577;33.158;2:07.735;19.383;2:27.118
55;1;15;2:26.888;0;;43.715;0;50.956;0;52.217;2;147.5;36:51.980;14:16:49.796;0:43.715;0:50.956;0:52.217;;;Am;;Toyota Gazoo Racing;GF;43.715;50.956;52.217;17.673;17.673;26.042;43.715;28.822;1:12.537;22.134;1:34.671;32.899;2:07.570;19.318;2:26.888
55;1;16;2:28.040;0;;43.774;0;51.601;0;52.665;0;146.4;39:20.020;14:19:17.836;0:43.774;0:51.601;0:52.665;;;Am;;Toyota Gazoo Racing;GF;43.774;51.601;52.665;17.680;17.680;26.094;43.774;29.17;1:12.944;22.431;1:35.375;33.220;2:08.595;19.445;2:28.040
55;1;17;2:27.241;0;;43.587;2;51.164;0;52.490;0;147.2;41:47.261;14:21:45.077;0:43.587;0:51.164;0:52.490;;;Am;;Toyota Gazoo Racing;GF;43.587;51.164;52.49;17.677;17.677;25.910;43.587;28.996;1:12.583;22.168;1:34.751;32.961;2:07.712;19.529;2:27.241
55;1;18;2:28.296;0;;44.645;0;50.914;0;52.737;0;146.1;44:15.557;14:24:13.373;0:44.645;0:50.914;0:52.737;;;Am;;Toyota Gazoo Racing;GF;44.645;50.914;52.737;17.775;17.775;26.870;44.645;28.802;1:13.447;22.112;1:35.559;33.088;2:08.647;19.649;2:28.296
55;1;19;2:30.816;0;;45.137;0;52.341;0;53.338;0;143.7;46:46.373;14:26:44.189;0:45.137;0:52.341;0:53.338;;;Am;;Toyota Gazoo Racing;FF;45.137;52.341;53.338;17.735;17.735;27.402;45.137;29.799;1:14.936;22.542;1:37.478;33.682;2:11.160;19.656;2:30.816
7;1;1;2:28.603;0;;46.173;0;50.428;0;52.002;0;145.8;2:28.603;13:42:26.419;0:46.173;0:50.428;0:52.002;;;Am;;Toyota Gazoo Racing;GF;46.173;50.428;52.002;20.247;20.247;25.926;46.173;28.44;1:14.613;21.988;1:36.601;32.747;2:09.348;19.255;2:28.603
7;1;2;2:26.327;0;;43.439;2;50.818;0;52.070;0;148.1;4:54.930;13:44:52.746;0:43.439;0:50.818;0:52.070;;;Am;;Toyota Gazoo Racing;GF;43.439;50.818;52.07;17.651;17.651;25.788;43.439;28.851;1:12.290;21.967;1:34.257;32.839;2:07.096;19.231;2:26.327
7;1;3;2:26.677;0;;44.151;0;50.587;0;51.939;2;147.7;7:21.607;13:47:19.423;0:44.151;0:50.587;0:51.939;;;Am;;Toyota Gazoo Racing;GF;44.151;50.587;51.939;18.021;18.021;26.130;44.151;28.615;1:12.766;21.972;1:34.738;32.754;2:07.492;19.185;2:26.677
7;1;4;2:26.729;0;;43.675;0;50.832;0;52.222;0;147.7;9:48.336;13:49:46.152;0:43.675;0:50.832;0:52.222;;;Am;;Toyota Gazoo Racing;GF;43.675;50.832;52.222;17.489;17.489;26.186;43.675;28.702;1:12.377;22.13;1:34.507;32.857;2:07.364;19.365;2:26.729
7;1;5;2:26.540;0;;43.755;0;50.581;0;52.204;0;147.9;12:14.876;13:52:12.692;0:43.755;0:50.581;0:52.204;;;Am;;Toyota Gazoo Racing;GF;43.755;50.581;52.204;17.608;17.608;26.147;43.755;28.547;1:12.302;22.034;1:34.336;32.996;2:07.332;19.208;2:26.540
7;1;6;2:26.642;0;;43.621;0;50.421;0;52.600;0;147.8;14:41.518;13:54:39.334;0:43.621;0:50.421;0:52.600;;;Am;;Toyota Gazoo Racing;GF;43.621;50.421;52.6;17.558;17.558;26.063;43.621;28.39;1:12.011;22.031;1:34.042;32.775;2:06.817;19.825;2:26.642
7;1;7;2:26.444;0;;43.733;0;50.420;2;52.291;0;148.0;17:07.962;13:57:05.778;0:43.733;0:50.420;0:52.291;;;Am;;Toyota Gazoo Racing;GF;43.733;50.42;52.291;17.619;17.619;26.114;43.733;28.482;1:12.215;21.938;1:34.153;32.920;2:07.073;19.371;2:26.444
7;1;8;2:26.286;0;;43.469;0;50.445;0;52.372;0;148.1;19:34.248;13:59:32.064;0:43.469;0:50.445;0:52.372;;;Am;;Toyota Gazoo Racing;GF;43.469;50.445;52.372;17.590;17.590;25.879;43.469;28.536;1:12.005;21.909;1:33.914;33.031;2:06.945;19.341;2:26.286
7;1;9;2:26.442;0;;43.672;0;50.458;0;52.312;0;148.0;22:00.690;14:01:58.506;0:43.672;0:50.458;0:52.312;;;Am;;Toyota Gazoo Racing;GF;43.672;50.458;52.312;17.569;17.569;26.103;43.672;28.495;1:12.167;21.963;1:34.130;32.909;2:07.039;19.403;2:26.442
7;1;10;2:26.184;2;;43.530;0;50.481;0;52.173;0;148.2;24:26.874;14:04:24.690;0:43.530;0:50.481;0:52.173;;;Am;;Toyota Gazoo Racing;GF;43.53;50.481;52.173;17.602;17.602;25.928;43.530;28.453;1:11.983;22.028;1:34.011;32.904;2:06.915;19.269;2:26.184
7;1;11;2:26.752;0;;43.826;0;50.585;0;52.341;0;147.7;26:53.626;14:06:51.442;0:43.826;0:50.585;0:52.341;;;Am;;Toyota Gazoo Racing;GF;43.826;50.585;52.341;17.689;17.689;26.137;43.826;28.606;1:12.432;21.979;1:34.411;32.886;2:07.297;19.455;2:26.752
7;1;12;2:27.010;0;;43.977;0;50.720;0;52.313;0;147.4;29:20.636;14:09:18.452;0:43.977;0:50.720;0:52.313;;;Am;;Toyota Gazoo Racing;GF;43.977;50.72;52.313;17.731;17.731;26.246;43.977;28.549;1:12.526;22.171;1:34.697;32.915;2:07.612;19.398;2:27.010
7;1;13;2:27.233;0;;43.729;0;50.834;0;52.670;0;147.2;31:47.869;14:11:45.685;0:43.729;0:50.834;0:52.670;;;Am;;Toyota Gazoo Racing;GF;43.729;50.834;52.67;17.636;17.636;26.093;43.729;28.605;1:12.334;22.229;1:34.563;33.253;2:07.816;19.417;2:27.233
7;1;14;2:27.043;0;;43.940;0;50.561;0;52.542;0;147.4;34:14.912;14:14:12.728;0:43.940;0:50.561;0:52.542;;;Am;;Toyota Gazoo Racing;GF;43.94;50.561;52.542;17.745;17.745;26.195;43.940;28.566;1:12.506;21.995;1:34.501;33.162;2:07.663;19.38;2:27.043
7;1;15;2:27.333;0;;43.674;0;50.613;0;53.046;0;147.1;36:42.245;14:16:40.061;0:43.674;0:50.613;0:53.046;;;Am;;Toyota Gazoo Racing;GF;43.674;50.613;53.046;17.559;17.559;26.115;43.674;28.491;1:12.165;22.122;1:34.287;33.310;2:07.597;19.736;2:27.333
7;1;16;2:27.707;0;;44.225;0;51.265;0;52.217;0;146.7;39:09.952;14:19:07.768;0:44.225;0:51.265;0:52.217;;;Am;;Toyota Gazoo Racing;GF;44.225;51.265;52.217;18.003;18.003;26.222;44.225;29.072;1:13.297;22.193;1:35.490;32.846;2:08.336;19.371;2:27.707
7;1;17;2:27.302;0;;43.740;0;51.022;0;52.540;0;147.1;41:37.254;14:21:35.070;0:43.740;0:51.022;0:52.540;;;Am;;Toyota Gazoo Racing;GF;43.74;51.022;52.54;17.602;17.602;26.138;43.740;28.995;1:12.735;22.027;1:34.762;33.132;2:07.894;19.408;2:27.302
7;1;18;2:27.651;0;;44.144;0;50.849;0;52.658;0;146.8;44:04.905;14:24:02.721;0:44.144;0:50.849;0:52.658;;;Am;;Toyota Gazoo Racing;GF;44.144;50.849;52.658;17.617;17.617;26.527;44.144;28.67;1:12.814;22.179;1:34.993;33.195;2:08.188;19.463;2:27.651
7;1;19;2:27.289;0;;43.965;0;50.716;0;52.608;0;147.1;46:32.194;14:26:30.010;0:43.965;0:50.716;0:52.608;;;Am;;Toyota Gazoo Racing;FF;43.965;50.716;52.608;17.707;17.707;26.258;43.965;28.713;1:12.678;22.003;1:34.681;33.136;2:07.817;19.472;2:27.289
71;1;1;2:36.816;0;;50.293;0;52.546;0;53.977;0;138.2;2:36.816;13:42:34.632;0:50.293;0:52.546;0:53.977;;;Am;;Toyota Gazoo Racing;GF;50.293;52.546;53.977;22.702;22.702;27.591;50.293;29.639;1:19.932;22.907;1:42.839;34.349;2:17.188;19.628;2:36.816
71;1;2;2:27.716;2;;44.032;0;51.082;0;52.602;2;146.7;5:04.532;13:45:02.348;0:44.032;0:51.082;0:52.602;;;Am;;Toyota Gazoo Racing;GF;44.032;51.082;52.602;17.860;17.860;26.172;44.032;28.776;1:12.808;22.306;1:35.114;33.055;2:08.169;19.547;2:27.716
71;1;3;2:28.039;0;;44.468;0;50.847;2;52.724;0;146.4;7:32.571;13:47:30.387;0:44.468;0:50.847;0:52.724;;;Am;;Toyota Gazoo Racing;GF;44.468;50.847;52.724;17.617;17.617;26.851;44.468;28.719;1:13.187;22.128;1:35.315;33.144;2:08.459;19.58;2:28.039
71;1;4;2:28.611;0;;44.044;0;51.726;0;52.841;0;145.8;10:01.182;13:49:58.998;0:44.044;0:51.726;0:52.841;;;Am;;Toyota Gazoo Racing;GF;44.044;51.726;52.841;17.605;17.605;26.439;44.044;28.973;1:13.017;22.753;1:35.770;33.384;2:09.154;19.457;2:28.611
71;1;5;2:29.303;0;;44.330;0;52.154;0;52.819;0;145.1;12:30.485;13:52:28.301;0:44.330;0:52.154;0:52.819;;;Am;;Toyota Gazoo Racing;GF;44.33;52.154;52.819;17.817;17.817;26.513;44.330;29.548;1:13.878;22.606;1:36.484;33.332;2:09.816;19.487;2:29.303
71;1;6;2:28.004;0;;43.949;0;51.120;0;52.935;0;146.4;14:58.489;13:54:56.305;0:43.949;0:51.120;0:52.935;;;Am;;Toyota Gazoo Racing;GF;43.949;51.12;52.935;17.737;17.737;26.212;43.949;28.894;1:12.843;22.226;1:35.069;33.440;2:08.509;19.495;2:28.004
71;1;7;2:28.041;0;;44.010;0;51.037;0;52.994;0;146.4;17:26.530;13:57:24.346;0:44.010;0:51.037;0:52.994;;;Am;;Toyota Gazoo Racing;GF;44.01;51.037;52.994;17.797;17.797;26.213;44.010;28.764;1:12.774;22.273;1:35.047;33.265;2:08.312;19.729;2:28.041
71;1;8;2:28.965;0;;44.625;0;51.296;0;53.044;0;145.5;19:55.495;13:59:53.311;0:44.625;0:51.296;0:53.044;;;Am;;Toyota Gazoo Racing;GF;44.625;51.296;53.044;18.260;18.260;26.365;44.625;28.901;1:13.526;22.395;1:35.921;33.375;2:09.296;19.669;2:28.965
71;1;9;2:28.632;0;;44.197;0;51.075;0;53.360;0;145.8;22:24.127;14:02:21.943;0:44.197;0:51.075;0:53.360;;;Am;;Toyota Gazoo Racing;GF;44.197;51.075;53.36;17.957;17.957;26.240;44.197;28.793;1:12.990;22.282;1:35.272;33.326;2:08.598;20.034;2:28.632
71;1;10;2:29.984;0;;46.212;0;51.139;0;52.633;0;144.5;24:54.111;14:04:51.927;0:46.212;0:51.139;0:52.633;;;Am;;Toyota Gazoo Racing;GF;46.212;51.139;52.633;18.490;18.490;27.722;46.212;28.875;1:15.087;22.264;1:37.351;33.124;2:10.475;19.509;2:29.984
71;1;11;2:27.991;0;;44.017;0;51.206;0;52.768;0;146.4;27:22.102;14:07:19.918;0:44.017;0:51.206;0:52.768;;;Am;;Toyota Gazoo Racing;GF;44.017;51.206;52.768;17.636;17.636;26.381;44.017;28.946;1:12.963;22.26;1:35.223;33.199;2:08.422;19.569;2:27.991
71;1;12;2:28.468;0;;44.216;0;51.314;0;52.938;0;145.9;29:50.570;14:09:48.386;0:44.216;0:51.314;0:52.938;;;Am;;Toyota Gazoo Racing;GF;44.216;51.314;52.938;17.843;17.843;26.373;44.216;28.954;1:13.170;22.36;1:35.530;33.381;2:08.911;19.557;2:28.468
71;1;13;2:28.098;0;;44.143;0;51.068;0;52.887;0;146.3;32:18.668;14:12:16.484;0:44.143;0:51.068;0:52.887;;;Am;;Toyota Gazoo Racing;GF;44.143;51.068;52.887;17.826;17.826;26.317;44.143;28.791;1:12.934;22.277;1:35.211;33.380;2:08.591;19.507;2:28.098
71;1;14;2:27.878;0;;43.920;2;51.173;0;52.785;0;146.5;34:46.546;14:14:44.362;0:43.920;0:51.173;0:52.785;;;Am;;Toyota Gazoo Racing;GF;43.92;51.173;52.785;17.730;17.730;26.190;43.920;28.849;1:12.769;22.324;1:35.093;33.288;2:08.381;19.497;2:27.878
71;1;15;2:28.670;0;;44.227;0;51.469;0;52.974;0;145.7;37:15.216;14:17:13.032;0:44.227;0:51.469;0:52.974;;;Am;;Toyota Gazoo Racing;GF;44.227;51.469;52.974;17.811;17.811;26.416;44.227;29.15;1:13.377;22.319;1:35.696;33.378;2:09.074;19.596;2:28.670
71;1;16;2:28.372;0;;44.353;0;51.111;0;52.908;0;146.0;39:43.588;14:19:41.404;0:44.353;0:51.111;0:52.908;;;Am;;Toyota Gazoo Racing;GF;44.353;51.111;52.908;17.807;17.807;26.546;44.353;28.79;1:13.143;22.321;1:35.464;33.341;2:08.805;19.567;2:28.372
71;1;17;2:28.473;0;;44.309;0;51.133;0;53.031;0;145.9;42:12.061;14:22:09.877;0:44.309;0:51.133;0:53.031;;;Am;;Toyota Gazoo Racing;GF;44.309;51.133;53.031;17.786;17.786;26.523;44.309;28.923;1:13.232;22.21;1:35.442;33.480;2:08.922;19.551;2:28.473
71;1;18;2:29.759;0;;44.270;0;51.527;0;53.962;0;144.7;44:41.820;14:24:39.636;0:44.270;0:51.527;0:53.962;;;Am;;Toyota Gazoo Racing;GF;44.27;51.527;53.962;17.827;17.827;26.443;44.270;29.113;1:13.383;22.414;1:35.797;34.261;2:10.058;19.701;2:29.759
71;1;19;2:28.636;0;;44.264;0;51.308;0;53.064;0;145.8;47:10.456;14:27:08.272;0:44.264;0:51.308;0:53.064;;;Am;;Toyota Gazoo Racing;FF;44.264;51.308;53.064;17.796;17.796;26.468;44.264;28.937;1:13.201;22.371;1:35.572;33.429;2:09.001;19.635;2:28.636
72;1;1;2:31.174;0;;47.647;0;51.271;0;52.256;0;143.3;2:31.174;13:42:28.990;0:47.647;0:51.271;0:52.256;;;Am;;Toyota Gazoo Racing;GF;47.647;51.271;52.256;20.956;20.956;26.691;47.647;29.232;1:16.879;22.039;1:38.918;32.653;2:11.571;19.603;2:31.174
72;1;2;2:26.414;0;;43.784;0;50.567;0;52.063;0;148.0;4:57.588;13:44:55.404;0:43.784;0:50.567;0:52.063;;;Am;;Toyota Gazoo Racing;GF;43.784;50.567;52.063;17.598;17.598;26.186;43.784;28.548;1:12.332;22.019;1:34.351;32.540;2:06.891;19.523;2:26.414
72;1;3;2:26.120;2;;43.573;0;50.556;0;51.991;2;148.3;7:23.708;13:47:21.524;0:43.573;0:50.556;0:51.991;;;Am;;Toyota Gazoo Racing;GF;43.573;50.556;51.991;17.601;17.601;25.972;43.573;28.58;1:12.153;21.976;1:34.129;32.668;2:06.797;19.323;2:26.120
72;1;4;2:26.205;0;;43.583;0;50.579;0;52.043;0;148.2;9:49.913;13:49:47.729;0:43.583;0:50.579;0:52.043;;;Am;;Toyota Gazoo Racing;GF;43.583;50.579;52.043;17.569;17.569;26.014;43.583;28.581;1:12.164;21.998;1:34.162;32.686;2:06.848;19.357;2:26.205
72;1;5;2:26.780;0;;43.430;2;50.695;0;52.655;0;147.6;12:16.693;13:52:14.509;0:43.430;0:50.695;0:52.655;;;Am;;Toyota Gazoo Racing;GF;43.43;50.695;52.655;17.514;17.514;25.916;43.430;28.608;1:12.038;22.087;1:34.125;32.880;2:07.005;19.775;2:26.780
72;1;6;2:27.008;0;;43.803;0;50.709;0;52.496;0;147.4;14:43.701;13:54:41.517;0:43.803;0:50.709;0:52.496;;;Am;;Toyota Gazoo Racing;GF;43.803;50.709;52.496;17.668;17.668;26.135;43.803;28.701;1:12.504;22.008;1:34.512;33.010;2:07.522;19.486;2:27.008
72;1;7;2:26.705;0;;43.815;0;50.557;0;52.333;0;147.7;17:10.406;13:57:08.222;0:43.815;0:50.557;0:52.333;;;Am;;Toyota Gazoo Racing;GF;43.815;50.557;52.333;17.575;17.575;26.240;43.815;28.525;1:12.340;22.032;1:34.372;32.892;2:07.264;19.441;2:26.705
72;1;8;2:26.385;0;;43.652;0;50.691;0;52.042;0;148.0;19:36.791;13:59:34.607;0:43.652;0:50.691;0:52.042;;;Am;;Toyota Gazoo Racing;GF;43.652;50.691;52.042;17.698;17.698;25.954;43.652;28.741;1:12.393;21.95;1:34.343;32.669;2:07.012;19.373;2:26.385
72;1;9;2:26.379;0;;43.594;0;50.705;0;52.080;0;148.0;22:03.170;14:02:00.986;0:43.594;0:50.705;0:52.080;;;Am;;Toyota Gazoo Racing;GF;43.594;50.705;52.08;17.577;17.577;26.017;43.594;28.61;1:12.204;22.095;1:34.299;32.770;2:07.069;19.31;2:26.379
72;1;10;2:26.217;0;;43.567;0;50.498;2;52.152;0;148.2;24:29.387;14:04:27.203;0:43.567;0:50.498;0:52.152;;;Am;;Toyota Gazoo Racing;GF;43.567;50.498;52.152;17.632;17.632;25.935;43.567;28.482;1:12.049;22.016;1:34.065;32.810;2:06.875;19.342;2:26.217
72;1;11;2:27.316;0;;44.286;0;50.856;0;52.174;0;147.1;26:56.703;14:06:54.519;0:44.286;0:50.856;0:52.174;;;Am;;Toyota Gazoo Racing;GF;44.286;50.856;52.174;17.539;17.539;26.747;44.286;28.809;1:13.095;22.047;1:35.142;32.814;2:07.956;19.36;2:27.316
72;1;12;2:27.050;0;;43.817;0;50.955;0;52.278;0;147.4;29:23.753;14:09:21.569;0:43.817;0:50.955;0:52.278;;;Am;;Toyota Gazoo Racing;GF;43.817;50.955;52.278;17.638;17.638;26.179;43.817;28.803;1:12.620;22.152;1:34.772;32.918;2:07.690;19.36;2:27.050
72;1;13;2:27.194;0;;44.060;0;50.840;0;52.294;0;147.2;31:50.947;14:11:48.763;0:44.060;0:50.840;0:52.294;;;Am;;Toyota Gazoo Racing;GF;44.06;50.84;52.294;17.674;17.674;26.386;44.060;28.699;1:12.759;22.141;1:34.900;32.967;2:07.867;19.327;2:27.194
72;1;14;2:27.410;0;;44.074;0;50.826;0;52.510;0;147.0;34:18.357;14:14:16.173;0:44.074;0:50.826;0:52.510;;;Am;;Toyota Gazoo Racing;GF;44.074;50.826;52.51;17.835;17.835;26.239;44.074;28.695;1:12.769;22.131;1:34.900;33.075;2:07.975;19.435;2:27.410
72;1;15;2:27.608;0;;44.153;0;50.861;0;52.594;0;146.8;36:45.965;14:16:43.781;0:44.153;0:50.861;0:52.594;;;Am;;Toyota Gazoo Racing;GF;44.153;50.861;52.594;17.837;17.837;26.316;44.153;28.659;1:12.812;22.202;1:35.014;33.191;2:08.205;19.403;2:27.608
72;1;16;2:27.508;0;;44.077;0;51.019;0;52.412;0;146.9;39:13.473;14:19:11.289;0:44.077;0:51.019;0:52.412;;;Am;;Toyota Gazoo Racing;GF;44.077;51.019;52.412;17.790;17.790;26.287;44.077;28.86;1:12.937;22.159;1:35.096;32.989;2:08.085;19.423;2:27.508
72;1;17;2:27.618;0;;43.939;0;51.015;0;52.664;0;146.8;41:41.091;14:21:38.907;0:43.939;0:51.015;0:52.664;;;Am;;Toyota Gazoo Racing;GF;43.939;51.015;52.664;17.731;17.731;26.208;43.939;28.939;1:12.878;22.076;1:34.954;33.137;2:08.091;19.527;2:27.618
72;1;18;2:27.784;0;;44.733;0;50.787;0;52.264;0;146.6;44:08.875;14:24:06.691;0:44.733;0:50.787;0:52.264;;;Am;;Toyota Gazoo Racing;GF;44.733;50.787;52.264;18.369;18.369;26.364;44.733;28.764;1:13.497;22.023;1:35.520;33.014;2:08.534;19.25;2:27.784
72;1;19;2:27.636;0;;43.823;0;50.807;0;53.006;0;146.8;46:36.511;14:26:34.327;0:43.823;0:50.807;0:53.006;;;Am;;Toyota Gazoo Racing;FF;43.823;50.807;53.006;17.629;17.629;26.194;43.823;28.719;1:12.542;22.088;1:34.630;33.342;2:07.972;19.664;2:27.636
78;1;1;2:31.568;0;;48.077;0;51.509;0;51.982;0;143.0;2:31.568;13:42:29.384;0:48.077;0:51.509;0:51.982;;;Am;;Toyota Gazoo Racing;GF;48.077;51.509;51.982;20.991;20.991;27.086;48.077;29.507;1:17.584;22.002;1:39.586;32.701;2:12.287;19.281;2:31.568
78;1;2;2:26.483;0;;43.547;0;51.003;0;51.933;2;147.9;4:58.051;13:44:55.867;0:43.547;0:51.003;0:51.933;;;Am;;Toyota Gazoo Racing;GF;43.547;51.003;51.933;17.728;17.728;25.819;43.547;29.17;1:12.717;21.833;1:34.550;32.598;2:07.148;19.335;2:26.483
78;1;3;2:26.430;0;;43.855;0;50.617;0;51.958;0;148.0;7:24.481;13:47:22.297;0:43.855;0:50.617;0:51.958;;;Am;;Toyota Gazoo Racing;GF;43.855;50.617;51.958;17.533;17.533;26.322;43.855;28.608;1:12.463;22.009;1:34.472;32.659;2:07.131;19.299;2:26.430
78;1;4;2:27.409;0;;44.056;0;51.213;0;52.140;0;147.0;9:51.890;13:49:49.706;0:44.056;0:51.213;0:52.140;;;Am;;Toyota Gazoo Racing;GF;44.056;51.213;52.14;17.601;17.601;26.455;44.056;28.833;1:12.889;22.38;1:35.269;32.865;2:08.134;19.275;2:27.409
78;1;5;2:26.546;0;;43.430;2;50.561;2;52.555;0;147.9;12:18.436;13:52:16.252;0:43.430;0:50.561;0:52.555;;;Am;;Toyota Gazoo Racing;GF;43.43;50.561;52.555;17.565;17.565;25.865;43.430;28.573;1:12.003;21.988;1:33.991;33.166;2:07.157;19.389;2:26.546
78;1;6;2:27.242;0;;43.497;0;51.460;0;52.285;0;147.2;14:45.678;13:54:43.494;0:43.497;0:51.460;0:52.285;;;Am;;Toyota Gazoo Racing;GF;43.497;51.46;52.285;17.519;17.519;25.978;43.497;29.082;1:12.579;22.378;1:34.957;32.963;2:07.920;19.322;2:27.242
78;1;7;2:26.253;2;;43.447;0;50.571;0;52.235;0;148.2;17:11.931;13:57:09.747;0:43.447;0:50.571;0:52.235;;;Am;;Toyota Gazoo Racing;GF;43.447;50.571;52.235;17.464;17.464;25.983;43.447;28.56;1:12.007;22.011;1:34.018;32.826;2:06.844;19.409;2:26.253
78;1;8;2:27.906;0;;44.014;0;50.984;0;52.908;0;146.5;19:39.837;13:59:37.653;0:44.014;0:50.984;0:52.908;;;Am;;Toyota Gazoo Racing;GF;44.014;50.984;52.908;17.629;17.629;26.385;44.014;28.986;1:13.000;21.998;1:34.998;33.168;2:08.166;19.74;2:27.906
78;1;9;2:26.746;0;;43.617;0;50.658;0;52.471;0;147.7;22:06.583;14:02:04.399;0:43.617;0:50.658;0:52.471;;;Am;;Toyota Gazoo Racing;GF;43.617;50.658;52.471;17.740;17.740;25.877;43.617;28.784;1:12.401;21.874;1:34.275;32.986;2:07.261;19.485;2:26.746
78;1;10;2:26.576;0;;43.588;0;50.623;0;52.365;0;147.8;24:33.159;14:04:30.975;0:43.588;0:50.623;0:52.365;;;Am;;Toyota Gazoo Racing;GF;43.588;50.623;52.365;17.609;17.609;25.979;43.588;28.712;1:12.300;21.911;1:34.211;32.879;2:07.090;19.486;2:26.576
78;1;11;2:26.467;0;;43.717;0;50.591;0;52.159;0;147.9;26:59.626;14:06:57.442;0:43.717;0:50.591;0:52.159;;;Am;;Toyota Gazoo Racing;GF;43.717;50.591;52.159;17.644;17.644;26.073;43.717;28.701;1:12.418;21.89;1:34.308;32.862;2:07.170;19.297;2:26.467
78;1;12;2:27.140;0;;44.088;0;50.642;0;52.410;0;147.3;29:26.766;14:09:24.582;0:44.088;0:50.642;0:52.410;;;Am;;Toyota Gazoo Racing;GF;44.088;50.642;52.41;17.640;17.640;26.448;44.088;28.686;1:12.774;21.956;1:34.730;33.040;2:07.770;19.37;2:27.140
78;1;13;2:26.909;0;;43.867;0;50.666;0;52.376;0;147.5;31:53.675;14:11:51.491;0:43.867;0:50.666;0:52.376;;;Am;;Toyota Gazoo Racing;GF;43.867;50.666;52.376;17.768;17.768;26.099;43.867;28.697;1:12.564;21.969;1:34.533;33.043;2:07.576;19.333;2:26.909
78;1;14;2:26.631;0;;43.569;0;50.621;0;52.441;0;147.8;34:20.306;14:14:18.122;0:43.569;0:50.621;0:52.441;;;Am;;Toyota Gazoo Racing;GF;43.569;50.621;52.441;17.556;17.556;26.013;43.569;28.717;1:12.286;21.904;1:34.190;33.034;2:07.224;19.407;2:26.631
78;1;15;2:26.645;0;;43.493;0;50.772;0;52.380;0;147.8;36:46.951;14:16:44.767;0:43.493;0:50.772;0:52.380;;;Am;;Toyota Gazoo Racing;GF;43.493;50.772;52.38;17.620;17.620;25.873;43.493;28.69;1:12.183;22.082;1:34.265;33.040;2:07.305;19.34;2:26.645
78;1;16;2:26.799;0;;43.545;0;50.741;0;52.513;0;147.6;39:13.750;14:19:11.566;0:43.545;0:50.741;0:52.513;;;Am;;Toyota Gazoo Racing;GF;43.545;50.741;52.513;17.623;17.623;25.922;43.545;28.667;1:12.212;22.074;1:34.286;33.051;2:07.337;19.462;2:26.799
78;1;17;2:27.481;0;;43.899;0;51.082;0;52.500;0;146.9;41:41.231;14:21:39.047;0:43.899;0:51.082;0:52.500;;;Am;;Toyota Gazoo Racing;GF;43.899;51.082;52.5;17.706;17.706;26.193;43.899;29.03;1:12.929;22.052;1:34.981;33.099;2:08.080;19.401;2:27.481
78;1;18;2:27.238;0;;44.122;0;50.645;0;52.471;0;147.2;44:08.469;14:24:06.285;0:44.122;0:50.645;0:52.471;;;Am;;Toyota Gazoo Racing;GF;44.122;50.645;52.471;17.876;17.876;26.246;44.122;28.646;1:12.768;21.999;1:34.767;33.082;2:07.849;19.389;2:27.238
78;1;19;2:27.079;0;;43.810;0;50.795;0;52.474;0;147.3;46:35.548;14:26:33.364;0:43.810;0:50.795;0:52.474;;;Am;;Toyota Gazoo Racing;FF;43.81;50.795;52.474;17.612;17.612;26.198;43.810;28.707;1:12.517;22.088;1:34.605;33.088;2:07.693;19.386;2:27.079
80;1;1;2:39.377;0;;51.770;0;53.566;0;54.041;0;136.0;2:39.377;13:42:37.193;0:51.770;0:53.566;0:54.041;;;Am;;Toyota Gazoo Racing;GF;51.77;53.566;54.041;23.788;23.788;27.982;51.770;30.091;1:21.861;23.475;1:45.336;34.371;2:19.707;19.67;2:39.377
80;1;2;2:29.229;0;;44.471;0;52.063;0;52.695;0;145.2;5:08.606;13:45:06.422;0:44.471;0:52.063;0:52.695;;;Am;;Toyota Gazoo Racing;GF;44.471;52.063;52.695;17.960;17.960;26.511;44.471;29.348;1:13.819;22.715;1:36.534;33.236;2:09.770;19.459;2:29.229
80;1;3;2:28.554;2;;44.623;0;51.414;0;52.517;2;145.9;7:37.160;13:47:34.976;0:44.623;0:51.414;0:52.517;;;Am;;Toyota Gazoo Racing;GF;44.623;51.414;52.517;17.701;17.701;26.922;44.623;29.417;1:14.040;21.997;1:36.037;33.118;2:09.155;19.399;2:28.554
80;1;4;2:29.522;0;;44.983;0;51.572;0;52.967;0;144.9;10:06.682;13:50:04.498;0:44.983;0:51.572;0:52.967;;;Am;;Toyota Gazoo Racing;GF;44.983;51.572;52.967;18.547;18.547;26.436;44.983;29.196;1:14.179;22.376;1:36.555;33.443;2:09.998;19.524;2:29.522
80;1;5;2:28.918;0;;44.240;0;51.772;0;52.906;0;145.5;12:35.600;13:52:33.416;0:44.240;0:51.772;0:52.906;;;Am;;Toyota Gazoo Racing;GF;44.24;51.772;52.906;17.851;17.851;26.389;44.240;29.455;1:13.695;22.317;1:36.012;33.402;2:09.414;19.504;2:28.918
80;1;6;2:28.667;0;;44.307;0;51.386;0;52.974;0;145.7;15:04.267;13:55:02.083;0:44.307;0:51.386;0:52.974;;;Am;;Toyota Gazoo Racing;GF;44.307;51.386;52.974;17.850;17.850;26.457;44.307;29.124;1:13.431;22.262;1:35.693;33.404;2:09.097;19.57;2:28.667
80;1;7;2:31.401;0;;44.232;0;53.074;0;54.095;0;143.1;17:35.668;13:57:33.484;0:44.232;0:53.074;0:54.095;;;Am;;Toyota Gazoo Racing;GF;44.232;53.074;54.095;18.013;18.013;26.219;44.232;29.806;1:14.038;23.268;1:37.306;34.217;2:11.523;19.878;2:31.401
80;1;8;2:31.258;0;;45.334;0;52.169;0;53.755;0;143.3;20:06.926;14:00:04.742;0:45.334;0:52.169;0:53.755;;;Am;;Toyota Gazoo Racing;GF;45.334;52.169;53.755;17.971;17.971;27.363;45.334;29.651;1:14.985;22.518;1:37.503;34.016;2:11.519;19.739;2:31.258
80;1;9;2:30.404;0;;45.020;0;52.112;0;53.272;0;144.1;22:37.330;14:02:35.146;0:45.020;0:52.112;0:53.272;;;Am;;Toyota Gazoo Racing;GF;45.02;52.112;53.272;18.016;18.016;27.004;45.020;29.711;1:14.731;22.401;1:37.132;33.713;2:10.845;19.559;2:30.404
80;1;10;2:28.816;0;;44.384;0;51.319;0;53.113;0;145.6;25:06.146;14:05:03.962;0:44.384;0:51.319;0:53.113;;;Am;;Toyota Gazoo Racing;GF;44.384;51.319;53.113;17.794;17.794;26.590;44.384;29.178;1:13.562;22.141;1:35.703;33.283;2:08.986;19.83;2:28.816
80;1;11;2:29.018;0;;44.573;0;51.409;0;53.036;0;145.4;27:35.164;14:07:32.980;0:44.573;0:51.409;0:53.036;;;Am;;Toyota Gazoo Racing;GF;44.573;51.409;53.036;17.841;17.841;26.732;44.573;29.231;1:13.804;22.178;1:35.982;33.334;2:09.316;19.702;2:29.018
80;1;12;2:28.767;0;;44.336;0;51.229;2;53.202;0;145.7;30:03.931;14:10:01.747;0:44.336;0:51.229;0:53.202;;;Am;;Toyota Gazoo Racing;GF;44.336;51.229;53.202;17.744;17.744;26.592;44.336;29.124;1:13.460;22.105;1:35.565;33.547;2:09.112;19.655;2:28.767
80;1;13;2:29.037;0;;44.592;0;51.280;0;53.165;0;145.4;32:32.968;14:12:30.784;0:44.592;0:51.280;0:53.165;;;Am;;Toyota Gazoo Racing;GF;44.592;51.28;53.165;17.820;17.820;26.772;44.592;29.13;1:13.722;22.15;1:35.872;33.500;2:09.372;19.665;2:29.037
80;1;14;2:28.993;0;;44.210;2;51.291;0;53.492;0;145.4;35:01.961;14:14:59.777;0:44.210;0:51.291;0:53.492;;;Am;;Toyota Gazoo Racing;GF;44.21;51.291;53.492;17.707;17.707;26.503;44.210;29.091;1:13.301;22.2;1:35.501;33.571;2:09.072;19.921;2:28.993
80;1;15;2:29.000;0;;44.224;0;51.910;0;52.866;0;145.4;37:30.961;14:17:28.777;0:44.224;0:51.910;0:52.866;;;Am;;Toyota Gazoo Racing;GF;44.224;51.91;52.866;17.818;17.818;26.406;44.224;29.477;1:13.701;22.433;1:36.134;33.397;2:09.531;19.469;2:29.000
80;1;16;2:29.061;0;;44.548;0;51.847;0;52.666;0;145.4;40:00.022;14:19:57.838;0:44.548;0:51.847;0:52.666;;;Am;;Toyota Gazoo Racing;GF;44.548;51.847;52.666;17.934;17.934;26.614;44.548;29.562;1:14.110;22.285;1:36.395;33.234;2:09.629;19.432;2:29.061
80;1;17;2:29.601;0;;44.508;0;51.828;0;53.265;0;144.8;42:29.623;14:22:27.439;0:44.508;0:51.828;0:53.265;;;Am;;Toyota Gazoo Racing;GF;44.508;51.828;53.265;18.109;18.109;26.399;44.508;29.524;1:14.032;22.304;1:36.336;33.690;2:10.026;19.575;2:29.601
80;1;18;2:30.828;0;;45.824;0;51.858;0;53.146;0;143.7;45:00.451;14:24:58.267;0:45.824;0:51.858;0:53.146;;;Am;;Toyota Gazoo Racing;GF;45.824;51.858;53.146;17.947;17.947;27.877;45.824;29.472;1:15.296;22.386;1:37.682;33.672;2:11.354;19.474;2:30.828
80;1;19;2:30.169;0;;44.670;0;52.417;0;53.082;0;144.3;47:30.620;14:27:28.436;0:44.670;0:52.417;0:53.082;;;Am;;Toyota Gazoo Racing;FF;44.67;52.417;53.082;17.734;17.734;26.936;44.670;30.13;1:14.800;22.287;1:37.087;33.433;2:10.520;19.649;2:30.169
88;1;1;2:34.331;0;;48.574;0;52.586;0;53.171;0;140.4;2:34.331;13:42:32.147;0:48.574;0:52.586;0:53.171;;;Am;;Toyota Gazoo Racing;GF;48.574;52.586;53.171;21.756;21.756;26.818;48.574;29.874;1:18.448;22.712;1:41.160;33.298;2:14.458;19.873;2:34.331
88;1;2;2:28.007;0;;43.616;2;51.250;0;53.141;0;146.4;5:02.338;13:45:00.154;0:43.616;0:51.250;0:53.141;;;Am;;Toyota Gazoo Racing;GF;43.616;51.25;53.141;17.619;17.619;25.997;43.616;29.06;1:12.676;22.19;1:34.866;33.305;2:08.171;19.836;2:28.007
88;1;3;2:27.188;2;;43.650;0;51.053;0;52.485;2;147.2;7:29.526;13:47:27.342;0:43.650;0:51.053;0:52.485;;;Am;;Toyota Gazoo Racing;GF;43.65;51.053;52.485;17.720;17.720;25.930;43.650;28.817;1:12.467;22.236;1:34.703;32.895;2:07.598;19.59;2:27.188
88;1;4;2:27.335;0;;43.668;0;50.861;2;52.806;0;147.1;9:56.861;13:49:54.677;0:43.668;0:50.861;0:52.806;;;Am;;Toyota Gazoo Racing;GF;43.668;50.861;52.806;17.532;17.532;26.136;43.668;28.659;1:12.327;22.202;1:34.529;32.988;2:07.517;19.818;2:27.335
88;1;5;2:29.324;0;;45.287;0;51.304;0;52.733;0;145.1;12:26.185;13:52:24.001;0:45.287;0:51.304;0:52.733;;;Am;;Toyota Gazoo Racing;GF;45.287;51.304;52.733;18.085;18.085;27.202;45.287;29.122;1:14.409;22.182;1:36.591;33.230;2:09.821;19.503;2:29.324
88;1;6;2:27.572;0;;43.843;0;51.123;0;52.606;0;146.8;14:53.757;13:54:51.573;0:43.843;0:51.123;0:52.606;;;Am;;Toyota Gazoo Racing;GF;43.843;51.123;52.606;17.713;17.713;26.130;43.843;29.002;1:12.845;22.121;1:34.966;33.125;2:08.091;19.481;2:27.572
88;1;7;2:28.106;0;;43.643;0;51.459;0;53.004;0;146.3;17:21.863;13:57:19.679;0:43.643;0:51.459;0:53.004;;;Am;;Toyota Gazoo Racing;GF;43.643;51.459;53.004;17.645;17.645;25.998;43.643;29.168;1:12.811;22.291;1:35.102;33.360;2:08.462;19.644;2:28.106
88;1;8;2:27.897;0;;43.738;0;51.221;0;52.938;0;146.5;19:49.760;13:59:47.576;0:43.738;0:51.221;0:52.938;;;Am;;Toyota Gazoo Racing;GF;43.738;51.221;52.938;17.647;17.647;26.091;43.738;28.958;1:12.696;22.263;1:34.959;33.376;2:08.335;19.562;2:27.897
88;1;9;2:28.221;0;;44.006;0;51.282;0;52.933;0;146.2;22:17.981;14:02:15.797;0:44.006;0:51.282;0:52.933;;;Am;;Toyota Gazoo Racing;GF;44.006;51.282;52.933;17.984;17.984;26.022;44.006;29.017;1:13.023;22.265;1:35.288;33.260;2:08.548;19.673;2:28.221
88;1;10;2:33.470;0;;47.907;0;51.837;0;53.726;0;141.2;24:51.451;14:04:49.267;0:47.907;0:51.837;0:53.726;;;Am;;Toyota Gazoo Racing;GF;47.907;51.837;53.726;18.553;18.553;29.354;47.907;29.229;1:17.136;22.608;1:39.744;33.682;2:13.426;20.044;2:33.470
88;1;11;2:30.555;0;;44.279;0;52.243;0;54.033;0;143.9;27:22.006;14:07:19.822;0:44.279;0:52.243;0:54.033;;;Am;;Toyota Gazoo Racing;GF;44.279;52.243;54.033;17.854;17.854;26.425;44.279;29.417;1:13.696;22.826;1:36.522;34.187;2:10.709;19.846;2:30.555
88;1;12;2:30.948;0;;44.684;0;52.344;0;53.920;0;143.5;29:52.954;14:09:50.770;0:44.684;0:52.344;0:53.920;;;Am;;Toyota Gazoo Racing;GF;44.684;52.344;53.92;18.238;18.238;26.446;44.684;29.45;1:14.134;22.894;1:37.028;33.933;2:10.961;19.987;2:30.948
88;1;13;2:30.164;0;;44.096;0;52.101;0;53.967;0;144.3;32:23.118;14:12:20.934;0:44.096;0:52.101;0:53.967;;;Am;;Toyota Gazoo Racing;GF;44.096;52.101;53.967;17.876;17.876;26.220;44.096;29.428;1:13.524;22.673;1:36.197;33.933;2:10.130;20.034;2:30.164
88;1;14;2:30.371;0;;44.296;0;52.095;0;53.980;0;144.1;34:53.489;14:14:51.305;0:44.296;0:52.095;0:53.980;;;Am;;Toyota Gazoo Racing;GF;44.296;52.095;53.98;17.929;17.929;26.367;44.296;29.414;1:13.710;22.681;1:36.391;33.849;2:10.240;20.131;2:30.371
88;1;15;2:30.133;0;;44.276;0;51.844;0;54.013;0;144.3;37:23.622;14:17:21.438;0:44.276;0:51.844;0:54.013;;;Am;;Toyota Gazoo Racing;GF;44.276;51.844;54.013;17.873;17.873;26.403;44.276;29.249;1:13.525;22.595;1:36.120;33.870;2:09.990;20.143;2:30.133
88;1;16;2:30.609;0;;44.409;0;52.002;0;54.198;0;143.9;39:54.231;14:19:52.047;0:44.409;0:52.002;0:54.198;;;Am;;Toyota Gazoo Racing;GF;44.409;52.002;54.198;18.181;18.181;26.228;44.409;29.314;1:13.723;22.688;1:36.411;33.791;2:10.202;20.407;2:30.609
88;1;17;2:31.268;0;;44.799;0;51.926;0;54.543;0;143.2;42:25.499;14:22:23.315;0:44.799;0:51.926;0:54.543;;;Am;;Toyota Gazoo Racing;GF;44.799;51.926;54.543;17.986;17.986;26.813;44.799;29.308;1:14.107;22.618;1:36.725;34.161;2:10.886;20.382;2:31.268
88;1;18;2:31.810;0;;45.635;0;52.085;0;54.090;0;142.7;44:57.309;14:24:55.125;0:45.635;0:52.085;0:54.090;;;Am;;Toyota Gazoo Racing;GF;45.635;52.085;54.09;18.691;18.691;26.944;45.635;29.41;1:15.045;22.675;1:37.720;34.084;2:11.804;20.006;2:31.810
88;1;19;2:31.056;0;;44.227;0;52.111;0;54.718;0;143.4;47:28.365;14:27:26.181;0:44.227;0:52.111;0:54.718;;;Am;;Toyota Gazoo Racing;FF;44.227;52.111;54.718;17.922;17.922;26.305;44.227;29.392;1:13.619;22.719;1:36.338;34.198;2:10.536;20.52;2:31.056
98;1;1;2:32.216;0;;48.131;0;52.156;0;51.929;2;142.4;2:32.216;13:42:30.032;0:48.131;0:52.156;0:51.929;;;Am;;Toyota Gazoo Racing;GF;48.131;52.156;51.929;21.650;21.650;26.481;48.131;29.998;1:18.129;22.158;1:40.287;32.690;2:12.977;19.239;2:32.216
98;1;2;2:29.485;0;;45.262;0;51.211;0;53.012;0;145.0;5:01.701;13:44:59.517;0:45.262;0:51.211;0:53.012;;;Am;;Toyota Gazoo Racing;GF;45.262;51.211;53.012;18.969;18.969;26.293;45.262;28.984;1:14.246;22.227;1:36.473;33.088;2:09.561;19.924;2:29.485
98;1;3;3:35.419;0;B;50.196;0;1:12.362;0;1:32.861;0;100.6;8:37.120;13:48:34.936;0:50.196;1:12.362;1:32.861;;;Am;;Toyota Gazoo Racing;GF;50.196;72.362;92.861;18.734;18.734;31.462;50.196;40.402;1:30.598;31.96;2:02.558;52.325;2:54.883;40.536;3:35.419
98;1;4;3:55.527;0;;2:11.798;0;50.994;0;52.735;0;92.0;12:32.647;13:52:30.463;2:11.798;0:50.994;0:52.735;;0:01:41.752;Am;;Toyota Gazoo Racing;GF;131.798;50.994;52.735;1:45.400;1:45.400;26.398;2:11.798;28.684;2:40.482;22.31;3:02.792;33.218;3:36.010;19.517;3:55.527
98;1;5;2:31.984;0;;44.135;0;51.223;0;56.626;0;142.6;15:04.631;13:55:02.447;0:44.135;0:51.223;0:56.626;;;Am;;Toyota Gazoo Racing;GF;44.135;51.223;56.626;17.886;17.886;26.249;44.135;29.223;1:13.358;22.0;1:35.358;36.830;2:12.188;19.796;2:31.984
98;1;6;2:27.412;0;;43.957;0;50.971;0;52.484;0;147.0;17:32.043;13:57:29.859;0:43.957;0:50.971;0:52.484;;;Am;;Toyota Gazoo Racing;GF;43.957;50.971;52.484;17.965;17.965;25.992;43.957;28.827;1:12.784;22.144;1:34.928;32.953;2:07.881;19.531;2:27.412
98;1;7;2:30.859;0;;44.874;0;52.850;0;53.135;0;143.6;20:02.902;14:00:00.718;0:44.874;0:52.850;0:53.135;;;Am;;Toyota Gazoo Racing;GF;44.874;52.85;53.135;18.267;18.267;26.607;44.874;30.307;1:15.181;22.543;1:37.724;33.372;2:11.096;19.763;2:30.859
98;1;8;2:29.068;0;;44.313;0;51.798;0;52.957;0;145.4;22:31.970;14:02:29.786;0:44.313;0:51.798;0:52.957;;;Am;;Toyota Gazoo Racing;GF;44.313;51.798;52.957;17.889;17.889;26.424;44.313;29.178;1:13.491;22.62;1:36.111;33.231;2:09.342;19.726;2:29.068
98;1;9;2:30.966;0;;44.833;0;52.378;0;53.755;0;143.5;25:02.936;14:05:00.752;0:44.833;0:52.378;0:53.755;;;Am;;Toyota Gazoo Racing;GF;44.833;52.378;53.755;18.110;18.110;26.723;44.833;29.676;1:14.509;22.702;1:37.211;33.533;2:10.744;20.222;2:30.966
98;1;10;2:36.886;0;;50.388;0;53.357;0;53.141;0;138.1;27:39.822;14:07:37.638;0:50.388;0:53.357;0:53.141;;;Am;;Toyota Gazoo Racing;GF;50.388;53.357;53.141;18.227;18.227;32.161;50.388;30.8;1:21.188;22.557;1:43.745;33.652;2:17.397;19.489;2:36.886
98;1;11;2:27.520;0;;44.268;0;50.998;0;52.254;0;146.9;30:07.342;14:10:05.158;0:44.268;0:50.998;0:52.254;;;Am;;Toyota Gazoo Racing;GF;44.268;50.998;52.254;17.643;17.643;26.625;44.268;28.816;1:13.084;22.182;1:35.266;32.948;2:08.214;19.306;2:27.520
98;1;12;2:27.820;0;;44.137;0;50.984;0;52.699;0;146.6;32:35.162;14:12:32.978;0:44.137;0:50.984;0:52.699;;;Am;;Toyota Gazoo Racing;GF;44.137;50.984;52.699;17.718;17.718;26.419;44.137;28.877;1:13.014;22.107;1:35.121;33.224;2:08.345;19.475;2:27.820
98;1;13;2:27.307;0;;44.021;0;50.778;2;52.508;0;147.1;35:02.469;14:15:00.285;0:44.021;0:50.778;0:52.508;;;Am;;Toyota Gazoo Racing;GF;44.021;50.778;52.508;17.837;17.837;26.184;44.021;28.674;1:12.695;22.104;1:34.799;33.044;2:07.843;19.464;2:27.307
98;1;14;2:27.013;2;;43.774;2;50.841;0;52.398;0;147.4;37:29.482;14:17:27.298;0:43.774;0:50.841;0:52.398;;;Am;;Toyota Gazoo Racing;GF;43.774;50.841;52.398;17.700;17.700;26.074;43.774;28.712;1:12.486;22.129;1:34.615;33.043;2:07.658;19.355;2:27.013
98;1;15;2:29.384;0;;43.990;0;52.457;0;52.937;0;145.1;39:58.866;14:19:56.682;0:43.990;0:52.457;0:52.937;;;Am;;Toyota Gazoo Racing;GF;43.99;52.457;52.937;17.638;17.638;26.352;43.990;29.716;1:13.706;22.741;1:36.447;33.393;2:09.840;19.544;2:29.384
98;1;16;2:27.751;0;;43.812;0;51.022;0;52.917;0;146.7;42:26.617;14:22:24.433;0:43.812;0:51.022;0:52.917;;;Am;;Toyota Gazoo Racing;GF;43.812;51.022;52.917;17.749;17.749;26.063;43.812;28.835;1:12.647;22.187;1:34.834;33.353;2:08.187;19.564;2:27.751
98;1;17;2:30.855;0;;44.844;0;51.966;0;54.045;0;143.6;44:57.472;14:24:55.288;0:44.844;0:51.966;0:54.045;;;Am;;Toyota Gazoo Racing;GF;44.844;51.966;54.045;17.835;17.835;27.009;44.844;29.273;1:14.117;22.693;1:36.810;34.008;2:10.818;20.037;2:30.855
98;1;18;2:29.669;0;;44.401;0;51.922;0;53.346;0;144.8;47:27.141;14:27:24.957;0:44.401;0:51.922;0:53.346;;;Am;;Toyota Gazoo Racing;FF;44.401;51.922;53.346;17.965;17.965;26.436;44.401;29.29;1:13.691;22.632;1:36.323;33.873;2:10.196;19.473;2:29.669
